# Blender 3.4.1
# www.blender.org
mtllib Bowl.mtl
o Bowl
v 0.258881 0.050981 0.000000
v 0.287414 0.025661 0.000000
v 0.326390 0.006030 0.000000
v 0.365367 0.025661 0.000000
v 0.393900 0.079294 0.000000
v 0.256666 0.050981 -0.033791
v 0.284955 0.025661 -0.037515
v 0.323598 0.006030 -0.042602
v 0.362241 0.025661 -0.047690
v 0.390530 0.079294 -0.051414
v 0.250059 0.050981 -0.067003
v 0.277620 0.025661 -0.074388
v 0.315269 0.006030 -0.084476
v 0.352918 0.025661 -0.094564
v 0.380478 0.079294 -0.101949
v 0.239174 0.050981 -0.099069
v 0.265536 0.025661 -0.109988
v 0.301545 0.006030 -0.124904
v 0.337555 0.025661 -0.139820
v 0.363916 0.079294 -0.150739
v 0.224197 0.050981 -0.129440
v 0.248907 0.025661 -0.143707
v 0.282662 0.006030 -0.163195
v 0.316417 0.025661 -0.182684
v 0.341128 0.079294 -0.196950
v 0.205384 0.050981 -0.157597
v 0.228021 0.025661 -0.174966
v 0.258943 0.006030 -0.198694
v 0.289865 0.025661 -0.222421
v 0.312502 0.079294 -0.239791
v 0.183056 0.050981 -0.183056
v 0.203232 0.025661 -0.203232
v 0.230793 0.006030 -0.230793
v 0.258354 0.025661 -0.258354
v 0.278529 0.079294 -0.278529
v 0.157597 0.050981 -0.205384
v 0.174966 0.025661 -0.228021
v 0.198694 0.006030 -0.258943
v 0.222421 0.025661 -0.289865
v 0.239791 0.079294 -0.312502
v 0.129440 0.050981 -0.224197
v 0.143707 0.025661 -0.248907
v 0.163195 0.006030 -0.282662
v 0.182684 0.025661 -0.316417
v 0.196950 0.079294 -0.341128
v 0.099069 0.050981 -0.239174
v 0.109988 0.025661 -0.265535
v 0.124904 0.006030 -0.301545
v 0.139820 0.025661 -0.337555
v 0.150739 0.079294 -0.363916
v 0.067003 0.050981 -0.250059
v 0.074388 0.025661 -0.277620
v 0.084476 0.006030 -0.315269
v 0.094564 0.025661 -0.352918
v 0.101949 0.079294 -0.380478
v 0.033791 0.050981 -0.256666
v 0.037515 0.025661 -0.284955
v 0.042602 0.006030 -0.323598
v 0.047690 0.025661 -0.362241
v 0.051414 0.079294 -0.390530
v -0.000000 0.050981 -0.258881
v -0.000000 0.025661 -0.287414
v -0.000000 0.006030 -0.326390
v -0.000000 0.025661 -0.365367
v -0.000000 0.079294 -0.393900
v -0.033791 0.050981 -0.256666
v -0.037515 0.025661 -0.284955
v -0.042603 0.006030 -0.323598
v -0.047690 0.025661 -0.362241
v -0.051414 0.079294 -0.390530
v -0.067003 0.050981 -0.250059
v -0.074388 0.025661 -0.277620
v -0.084476 0.006030 -0.315269
v -0.094564 0.025661 -0.352918
v -0.101949 0.079294 -0.380478
v -0.099069 0.050981 -0.239174
v -0.109988 0.025661 -0.265536
v -0.124904 0.006030 -0.301545
v -0.139820 0.025661 -0.337555
v -0.150739 0.079294 -0.363916
v -0.129440 0.050981 -0.224197
v -0.143707 0.025661 -0.248907
v -0.163195 0.006030 -0.282662
v -0.182684 0.025661 -0.316417
v -0.196950 0.079294 -0.341128
v -0.157597 0.050981 -0.205384
v -0.174966 0.025661 -0.228021
v -0.198694 0.006030 -0.258943
v -0.222421 0.025661 -0.289865
v -0.239791 0.079294 -0.312502
v -0.183056 0.050981 -0.183056
v -0.203232 0.025661 -0.203232
v -0.230793 0.006030 -0.230793
v -0.258354 0.025661 -0.258354
v -0.278530 0.079294 -0.278529
v -0.205384 0.050981 -0.157597
v -0.228021 0.025661 -0.174966
v -0.258943 0.006030 -0.198694
v -0.289865 0.025661 -0.222421
v -0.312502 0.079294 -0.239791
v -0.224197 0.050981 -0.129440
v -0.248907 0.025661 -0.143707
v -0.282662 0.006030 -0.163195
v -0.316417 0.025661 -0.182684
v -0.341128 0.079294 -0.196950
v -0.239174 0.050981 -0.099069
v -0.265536 0.025661 -0.109988
v -0.301545 0.006030 -0.124904
v -0.337555 0.025661 -0.139820
v -0.363916 0.079294 -0.150739
v -0.250059 0.050981 -0.067003
v -0.277620 0.025661 -0.074388
v -0.315269 0.006030 -0.084476
v -0.352918 0.025661 -0.094564
v -0.380478 0.079294 -0.101949
v -0.256666 0.050981 -0.033791
v -0.284955 0.025661 -0.037515
v -0.323598 0.006030 -0.042603
v -0.362241 0.025661 -0.047690
v -0.390530 0.079294 -0.051414
v -0.258881 0.050981 -0.000000
v -0.287414 0.025661 -0.000000
v -0.326390 0.006030 -0.000000
v -0.365367 0.025661 -0.000000
v -0.393900 0.079294 -0.000000
v -0.256666 0.050981 0.033791
v -0.284955 0.025661 0.037515
v -0.323598 0.006030 0.042603
v -0.362241 0.025661 0.047690
v -0.390530 0.079294 0.051414
v -0.250059 0.050981 0.067003
v -0.277620 0.025661 0.074388
v -0.315269 0.006030 0.084476
v -0.352918 0.025661 0.094564
v -0.380478 0.079294 0.101949
v -0.239175 0.050981 0.099069
v -0.265536 0.025661 0.109988
v -0.301545 0.006030 0.124904
v -0.337555 0.025661 0.139820
v -0.363916 0.079294 0.150739
v -0.224197 0.050981 0.129440
v -0.248907 0.025661 0.143707
v -0.282662 0.006030 0.163195
v -0.316417 0.025661 0.182684
v -0.341128 0.079294 0.196950
v -0.205384 0.050981 0.157597
v -0.228021 0.025661 0.174966
v -0.258943 0.006030 0.198694
v -0.289865 0.025661 0.222421
v -0.312502 0.079294 0.239791
v -0.183056 0.050981 0.183056
v -0.203232 0.025661 0.203232
v -0.230793 0.006030 0.230793
v -0.258354 0.025661 0.258354
v -0.278530 0.079294 0.278529
v -0.157597 0.050981 0.205384
v -0.174966 0.025661 0.228020
v -0.198694 0.006030 0.258943
v -0.222422 0.025661 0.289865
v -0.239791 0.079294 0.312502
v -0.129440 0.050981 0.224197
v -0.143707 0.025661 0.248907
v -0.163195 0.006030 0.282662
v -0.182684 0.025661 0.316417
v -0.196950 0.079294 0.341128
v -0.099069 0.050981 0.239174
v -0.109988 0.025661 0.265536
v -0.124904 0.006030 0.301545
v -0.139820 0.025661 0.337555
v -0.150739 0.079294 0.363916
v -0.067003 0.050981 0.250059
v -0.074388 0.025661 0.277620
v -0.084476 0.006030 0.315269
v -0.094564 0.025661 0.352918
v -0.101949 0.079294 0.380478
v -0.033791 0.050981 0.256666
v -0.037515 0.025661 0.284955
v -0.042603 0.006030 0.323598
v -0.047690 0.025661 0.362241
v -0.051414 0.079294 0.390530
v -0.000000 0.050981 0.258881
v -0.000000 0.025661 0.287414
v -0.000000 0.006030 0.326390
v -0.000000 0.025661 0.365367
v -0.000000 0.079294 0.393900
v 0.033791 0.050981 0.256666
v 0.037515 0.025661 0.284955
v 0.042602 0.006030 0.323598
v 0.047690 0.025661 0.362241
v 0.051414 0.079294 0.390530
v 0.067003 0.050981 0.250059
v 0.074388 0.025661 0.277620
v 0.084476 0.006030 0.315269
v 0.094564 0.025661 0.352918
v 0.101949 0.079294 0.380478
v 0.099069 0.050981 0.239174
v 0.109988 0.025661 0.265536
v 0.124904 0.006030 0.301545
v 0.139820 0.025661 0.337555
v 0.150739 0.079294 0.363916
v 0.129440 0.050981 0.224197
v 0.143707 0.025661 0.248907
v 0.163195 0.006030 0.282662
v 0.182684 0.025661 0.316417
v 0.196950 0.079294 0.341128
v 0.157596 0.050981 0.205384
v 0.174966 0.025661 0.228021
v 0.198694 0.006030 0.258943
v 0.222421 0.025661 0.289865
v 0.239791 0.079294 0.312502
v 0.183056 0.050981 0.183056
v 0.203232 0.025661 0.203232
v 0.230793 0.006030 0.230793
v 0.258354 0.025661 0.258354
v 0.278529 0.079294 0.278530
v 0.205384 0.050981 0.157597
v 0.228021 0.025661 0.174966
v 0.258943 0.006030 0.198694
v 0.289865 0.025661 0.222421
v 0.312502 0.079294 0.239791
v 0.224197 0.050981 0.129440
v 0.248907 0.025661 0.143707
v 0.282662 0.006030 0.163195
v 0.316417 0.025661 0.182684
v 0.341127 0.079294 0.196950
v 0.239174 0.050981 0.099069
v 0.265535 0.025661 0.109989
v 0.301545 0.006030 0.124904
v 0.337555 0.025661 0.139820
v 0.363916 0.079294 0.150739
v 0.250059 0.050981 0.067003
v 0.277620 0.025661 0.074388
v 0.315269 0.006030 0.084476
v 0.352918 0.025661 0.094564
v 0.380478 0.079294 0.101949
v 0.256666 0.050981 0.033791
v 0.284955 0.025661 0.037515
v 0.323598 0.006030 0.042602
v 0.362241 0.025661 0.047690
v 0.390530 0.079294 0.051414
v 0.269761 0.048969 0.269762
v 0.274697 0.025661 0.240903
v -0.334753 0.011052 -0.089697
v -0.320119 0.006030 -0.063676
v 0.295785 0.011052 -0.079255
v 0.272160 0.025661 -0.092386
v 0.368501 0.048969 0.098740
v 0.358346 0.025661 0.071280
v -0.334753 0.011052 0.089697
v -0.309069 0.006030 0.104915
v 0.216529 0.011052 -0.216529
v 0.189505 0.025661 -0.216089
v -0.245056 0.011052 0.245056
v -0.215204 0.006030 0.245393
v 0.079255 0.011052 -0.295785
v 0.056072 0.025661 -0.281891
v -0.089697 0.011052 0.334753
v -0.063676 0.006030 0.320119
v -0.079255 0.011052 -0.295785
v -0.092386 0.025661 -0.272160
v 0.089697 0.011052 0.334753
v 0.104915 0.006030 0.309069
v -0.216529 0.011052 -0.216529
v -0.216089 0.025661 -0.189505
v 0.296150 0.079294 0.259716
v -0.295785 0.011052 -0.079255
v -0.281891 0.025661 -0.056072
v 0.334753 0.011052 -0.089697
v 0.250630 0.048969 0.103815
v 0.309069 0.006030 -0.104915
v 0.245142 0.050981 0.083214
v 0.386331 0.079294 0.076846
v -0.295785 0.011052 0.079255
v -0.272160 0.025661 0.092386
v 0.245056 0.011052 -0.245056
v 0.215204 0.006030 -0.245393
v -0.216529 0.011052 0.216529
v 0.286798 0.025661 0.018798
v -0.189505 0.025661 0.216089
v 0.089697 0.011052 -0.334753
v 0.063676 0.006030 -0.320119
v -0.079255 0.011052 0.295785
v -0.056072 0.025661 0.281891
v -0.089697 0.011052 -0.334753
v -0.104915 0.006030 -0.309069
v 0.079255 0.011052 0.295785
v 0.092386 0.025661 0.272160
v -0.245056 0.011052 -0.245056
v -0.245393 0.006030 -0.215204
v 0.216529 0.011052 0.216529
v -0.250630 0.048969 -0.103815
v 0.216089 0.025661 0.189505
v -0.245142 0.050981 -0.083214
v -0.386331 0.079294 -0.076846
v 0.368501 0.048969 -0.098740
v 0.345977 0.025661 -0.117443
v 0.295785 0.011052 0.079255
v -0.268960 0.048969 0.035409
v 0.281891 0.025661 0.056072
v -0.253906 0.050981 0.050505
v -0.372996 0.079294 0.126615
v 0.269761 0.048969 -0.269761
v 0.240903 0.025661 -0.274697
v -0.215221 0.048969 0.165145
v -0.194637 0.050981 0.170692
v -0.259716 0.079294 0.296150
v 0.098740 0.048969 -0.368501
v 0.071280 0.025661 -0.358346
v -0.103815 0.048969 0.250630
v -0.083214 0.050981 0.245142
v -0.076846 0.079294 0.386331
v -0.098740 0.048969 -0.368501
v -0.117443 0.025661 -0.345977
v 0.035409 0.048969 0.268960
v 0.050505 0.050981 0.253906
v 0.126615 0.079294 0.372996
v -0.269762 0.048969 -0.269761
v -0.274697 0.025661 -0.240903
v 0.165145 0.048969 0.215221
v 0.170692 0.050981 0.194637
v 0.245056 0.011052 0.245056
v 0.245393 0.006030 0.215204
v -0.368501 0.048969 -0.098740
v 0.268960 0.048969 -0.035409
v -0.358346 0.025661 -0.071280
v 0.253906 0.050981 -0.050505
v 0.372996 0.079294 -0.126615
v 0.334753 0.011052 0.089697
v 0.320119 0.006030 0.063676
v -0.368501 0.048969 0.098740
v 0.215221 0.048969 -0.165145
v -0.345977 0.025661 0.117443
v 0.194637 0.050981 -0.170692
v 0.259716 0.079294 -0.296150
v -0.269762 0.048969 0.269761
v 0.103815 0.048969 -0.250630
v -0.240903 0.025661 0.274697
v 0.083214 0.050981 -0.245142
v 0.076846 0.079294 -0.386331
v -0.098740 0.048969 0.368501
v -0.035409 0.048969 -0.268960
v -0.071280 0.025661 0.358346
v -0.050505 0.050981 -0.253906
v -0.126615 0.079294 -0.372996
v 0.098739 0.048969 0.368501
v -0.165145 0.048969 -0.215221
v 0.117443 0.025661 0.345977
v -0.170692 0.050981 -0.194637
v -0.296150 0.079294 -0.259716
v 0.240903 0.025661 0.274697
v -0.320182 0.011052 -0.132624
v -0.309069 0.006030 -0.104915
v 0.303599 0.011052 -0.039970
v 0.281891 0.025661 -0.056072
v 0.352460 0.048969 0.145994
v 0.345977 0.025661 0.117443
v -0.343597 0.011052 0.045235
v -0.320119 0.006030 0.063676
v 0.242940 0.011052 -0.186414
v 0.216089 0.025661 -0.189505
v -0.274946 0.011052 0.210974
v -0.245393 0.006030 0.215204
v 0.117185 0.011052 -0.282909
v 0.092386 0.025661 -0.272160
v -0.132624 0.011052 0.320182
v -0.104915 0.006030 0.309069
v -0.039970 0.011052 -0.303599
v -0.056072 0.025661 -0.281891
v 0.045235 0.011052 0.343597
v 0.063675 0.006030 0.320119
v -0.186414 0.011052 -0.242940
v -0.189505 0.025661 -0.216089
v 0.210973 0.011052 0.274946
v 0.259716 0.079294 0.296150
v -0.282909 0.011052 -0.117185
v -0.272160 0.025661 -0.092386
v 0.343597 0.011052 -0.045235
v 0.234936 0.048969 0.135640
v 0.320119 0.006030 -0.063676
v 0.232183 0.050981 0.114500
v 0.372996 0.079294 0.126615
v -0.303599 0.011052 0.039970
v 0.258326 0.050981 0.016932
v -0.281891 0.025661 0.056072
v 0.274946 0.011052 -0.210974
v 0.245393 0.006030 -0.215204
v -0.242940 0.011052 0.186414
v -0.216089 0.025661 0.189505
v 0.132624 0.011052 -0.320182
v 0.104915 0.006030 -0.309069
v -0.117185 0.011052 0.282909
v -0.092386 0.025661 0.272160
v -0.045235 0.011052 -0.343597
v -0.063676 0.006030 -0.320119
v 0.039970 0.011052 0.303599
v 0.056071 0.025661 0.281891
v -0.210974 0.011052 -0.274946
v -0.215204 0.006030 -0.245393
v 0.186414 0.011052 0.242940
v 0.189505 0.025661 0.216089
v -0.232183 0.050981 -0.114500
v -0.372996 0.079294 -0.126615
v 0.378237 0.048969 -0.049796
v 0.358346 0.025661 -0.071280
v 0.282909 0.011052 0.117185
v -0.271280 0.048969 -0.000000
v 0.272160 0.025661 0.092386
v -0.258326 0.050981 0.016932
v -0.386331 0.079294 0.076846
v 0.302665 0.048969 -0.232243
v 0.274697 0.025661 -0.240903
v -0.234936 0.048969 0.135640
v -0.215251 0.050981 0.143826
v -0.296150 0.079294 0.259716
v 0.145994 0.048969 -0.352460
v 0.117443 0.025661 -0.345977
v -0.135640 0.048969 0.234936
v -0.114500 0.050981 0.232183
v -0.126615 0.079294 0.372996
v -0.049796 0.048969 -0.378237
v -0.071280 0.025661 -0.358346
v -0.000000 0.048969 0.271280
v 0.016932 0.050981 0.258326
v 0.076846 0.079294 0.386331
v -0.232243 0.048969 -0.302665
v -0.240903 0.025661 -0.274697
v 0.135640 0.048969 0.234936
v 0.143826 0.050981 0.215251
v 0.215204 0.006030 0.245393
v -0.352460 0.048969 -0.145994
v 0.271280 0.048969 0.000000
v -0.345977 0.025661 -0.117443
v 0.258326 0.050981 -0.016932
v 0.386331 0.079294 -0.076846
v 0.320182 0.011052 0.132624
v 0.309069 0.006030 0.104915
v -0.378237 0.048969 0.049796
v 0.234936 0.048969 -0.135640
v -0.358347 0.025661 0.071280
v 0.215251 0.050981 -0.143826
v 0.296150 0.079294 -0.259716
v -0.302665 0.048969 0.232243
v 0.135640 0.048969 -0.234936
v -0.274697 0.025661 0.240903
v 0.114500 0.050981 -0.232183
v 0.126615 0.079294 -0.372996
v -0.145994 0.048969 0.352460
v -0.000000 0.048969 -0.271280
v -0.117443 0.025661 0.345977
v -0.016932 0.050981 -0.258326
v -0.076846 0.079294 -0.386331
v 0.049796 0.048969 0.378237
v -0.135640 0.048969 -0.234936
v 0.071279 0.025661 0.358347
v -0.143826 0.050981 -0.215251
v -0.259716 0.079294 -0.296150
v 0.232243 0.048969 0.302665
v -0.234936 0.048969 -0.135640
v -0.292730 0.006030 -0.144359
v 0.306219 0.011052 0.000000
v 0.286798 0.025661 -0.018798
v 0.330389 0.048969 0.190750
v 0.327688 0.025661 0.161598
v -0.346562 0.011052 -0.000000
v -0.325691 0.006030 0.021347
v 0.265193 0.011052 -0.153109
v 0.364585 0.025661 0.023896
v 0.238975 0.025661 -0.159678
v -0.300132 0.011052 0.173281
v -0.271383 0.006030 0.181333
v 0.153109 0.011052 -0.265193
v 0.127120 0.025661 -0.257773
v -0.173281 0.011052 0.300131
v -0.144359 0.006030 0.292730
v -0.000000 0.011052 -0.306219
v -0.018798 0.025661 -0.286798
v -0.000000 0.011052 0.346562
v 0.021347 0.006030 0.325691
v -0.153109 0.011052 -0.265193
v -0.159678 0.025661 -0.238975
v 0.173281 0.011052 0.300131
v 0.181333 0.006030 0.271383
v -0.265193 0.011052 -0.153109
v -0.257773 0.025661 -0.127120
v 0.346562 0.011052 0.000000
v 0.215221 0.048969 0.165145
v 0.325691 0.006030 -0.021347
v 0.215251 0.050981 0.143826
v 0.353278 0.079294 0.174218
v -0.306219 0.011052 -0.000000
v -0.286798 0.025661 0.018798
v 0.300131 0.011052 -0.173281
v 0.268960 0.048969 0.035409
v 0.393056 0.079294 0.025762
v 0.271383 0.006030 -0.181333
v -0.265193 0.011052 0.153109
v -0.238976 0.025661 0.159678
v 0.173281 0.011052 -0.300131
v 0.144359 0.006030 -0.292730
v -0.153109 0.011052 0.265193
v -0.127120 0.025661 0.257773
v -0.000000 0.011052 -0.346562
v -0.021347 0.006030 -0.325691
v -0.000000 0.011052 0.306219
v 0.018798 0.025661 0.286798
v -0.173281 0.011052 -0.300131
v -0.181333 0.006030 -0.271383
v 0.153109 0.011052 0.265193
v 0.159678 0.025661 0.238976
v -0.300131 0.011052 -0.173281
v -0.353278 0.079294 -0.174218
v 0.381500 0.048969 0.000000
v 0.364585 0.025661 -0.023896
v 0.265193 0.011052 0.153109
v -0.268960 0.048969 -0.035409
v 0.257773 0.025661 0.127120
v -0.258326 0.050981 -0.016932
v -0.393057 0.079294 0.025762
v 0.330389 0.048969 -0.190750
v 0.303791 0.025661 -0.202987
v -0.250630 0.048969 0.103814
v -0.232183 0.050981 0.114500
v -0.327516 0.079294 0.218839
v 0.190750 0.048969 -0.330389
v 0.161598 0.025661 -0.327688
v -0.165145 0.048969 0.215221
v -0.143826 0.050981 0.215251
v -0.174217 0.079294 0.353278
v -0.000000 0.048969 -0.381500
v -0.023896 0.025661 -0.364585
v -0.035409 0.048969 0.268960
v -0.016932 0.050981 0.258326
v 0.025762 0.079294 0.393057
v -0.190750 0.048969 -0.330389
v -0.202987 0.025661 -0.303791
v 0.103815 0.048969 0.250630
v 0.114500 0.050981 0.232183
v 0.218839 0.079294 0.327516
v -0.330389 0.048969 -0.190750
v -0.327688 0.025661 -0.161598
v 0.393056 0.079294 -0.025762
v 0.300131 0.011052 0.173281
v 0.292730 0.006030 0.144359
v -0.381500 0.048969 -0.000000
v 0.250630 0.048969 -0.103815
v -0.364585 0.025661 0.023896
v 0.232183 0.050981 -0.114500
v 0.325691 0.006030 0.021347
v 0.327516 0.079294 -0.218839
v -0.330389 0.048969 0.190750
v 0.165145 0.048969 -0.215221
v -0.303791 0.025661 0.202987
v 0.143826 0.050981 -0.215251
v 0.174217 0.079294 -0.353278
v -0.190750 0.048969 0.330389
v 0.035409 0.048969 -0.268960
v -0.161598 0.025661 0.327688
v 0.016932 0.050981 -0.258326
v -0.025762 0.079294 -0.393057
v -0.000000 0.048969 0.381500
v -0.103815 0.048969 -0.250630
v 0.023896 0.025661 0.364585
v -0.114500 0.050981 -0.232183
v -0.218839 0.079294 -0.327516
v 0.190750 0.048969 0.330389
v -0.215221 0.048969 -0.165145
v 0.202987 0.025661 0.303791
v -0.215251 0.050981 -0.143826
v 0.302665 0.048969 0.232243
v 0.303791 0.025661 0.202987
v -0.343597 0.011052 -0.045235
v -0.325691 0.006030 -0.021347
v 0.282909 0.011052 -0.117185
v 0.257773 0.025661 -0.127120
v 0.378237 0.048969 0.049796
v -0.320182 0.011052 0.132623
v -0.292730 0.006030 0.144359
v 0.186414 0.011052 -0.242940
v 0.159678 0.025661 -0.238975
v -0.210974 0.011052 0.274946
v -0.181333 0.006030 0.271383
v 0.039970 0.011052 -0.303599
v 0.018798 0.025661 -0.286798
v -0.045236 0.011052 0.343597
v -0.021347 0.006030 0.325691
v -0.117185 0.011052 -0.282909
v -0.127120 0.025661 -0.257773
v 0.132624 0.011052 0.320182
v 0.144359 0.006030 0.292730
v -0.242940 0.011052 -0.186414
v -0.238975 0.025661 -0.159678
v 0.191824 0.048969 0.191824
v 0.194637 0.050981 0.170692
v 0.327516 0.079294 0.218839
v -0.303599 0.011052 -0.039970
v -0.286798 0.025661 -0.018798
v 0.320182 0.011052 -0.132624
v 0.262037 0.048969 0.070213
v 0.292730 0.006030 -0.144359
v 0.253906 0.050981 0.050505
v -0.282909 0.011052 0.117185
v -0.257773 0.025661 0.127120
v 0.210974 0.011052 -0.274946
v 0.181333 0.006030 -0.271383
v -0.186414 0.011052 0.242940
v -0.159678 0.025661 0.238975
v 0.045235 0.011052 -0.343597
v 0.021347 0.006030 -0.325691
v -0.039970 0.011052 0.303599
v -0.018798 0.025661 0.286798
v -0.132624 0.011052 -0.320182
v -0.144359 0.006030 -0.292730
v 0.117185 0.011052 0.282909
v 0.127120 0.025661 0.257773
v -0.274946 0.011052 -0.210974
v -0.271383 0.006030 -0.181333
v 0.242940 0.011052 0.186414
v -0.262037 0.048969 -0.070213
v 0.238975 0.025661 0.159678
v -0.253906 0.050981 -0.050505
v -0.393057 0.079294 -0.025762
v 0.352460 0.048969 -0.145994
v 0.327688 0.025661 -0.161598
v 0.303599 0.011052 0.039970
v -0.262037 0.048969 0.070213
v -0.245142 0.050981 0.083214
v -0.353278 0.079294 0.174217
v 0.232243 0.048969 -0.302665
v 0.202987 0.025661 -0.303791
v -0.191824 0.048969 0.191824
v -0.170692 0.050981 0.194636
v -0.218839 0.079294 0.327516
v 0.049796 0.048969 -0.378237
v 0.023896 0.025661 -0.364585
v -0.070213 0.048969 0.262037
v -0.050505 0.050981 0.253906
v -0.025762 0.079294 0.393057
v -0.145994 0.048969 -0.352460
v -0.161598 0.025661 -0.327688
v 0.070212 0.048969 0.262037
v 0.083214 0.050981 0.245142
v 0.174217 0.079294 0.353278
v -0.302665 0.048969 -0.232243
v -0.303791 0.025661 -0.202987
v 0.274946 0.011052 0.210974
v 0.271383 0.006030 0.181333
v -0.378237 0.048969 -0.049796
v 0.262037 0.048969 -0.070213
v -0.364585 0.025661 -0.023896
v 0.245142 0.050981 -0.083214
v 0.353278 0.079294 -0.174217
v 0.343597 0.011052 0.045235
v -0.352460 0.048969 0.145994
v 0.191824 0.048969 -0.191824
v -0.327688 0.025661 0.161598
v 0.170692 0.050981 -0.194637
v 0.218839 0.079294 -0.327516
v -0.232243 0.048969 0.302664
v 0.070213 0.048969 -0.262037
v -0.202987 0.025661 0.303791
v 0.050505 0.050981 -0.253906
v 0.025762 0.079294 -0.393057
v -0.049796 0.048969 0.378237
v -0.070213 0.048969 -0.262037
v -0.023896 0.025661 0.364585
v -0.083214 0.050981 -0.245142
v -0.174217 0.079294 -0.353278
v 0.145994 0.048969 0.352460
v -0.191824 0.048969 -0.191824
v 0.161598 0.025661 0.327688
v -0.194637 0.050981 -0.170692
v -0.327516 0.079294 -0.218839
v 0.270699 0.048969 -0.017743
v 0.305563 0.011052 -0.020028
v 0.345820 0.011052 -0.022666
v 0.380683 0.048969 -0.024951
v 0.266068 0.048969 -0.052924
v 0.300335 0.011052 -0.059740
v 0.339903 0.011052 -0.067611
v 0.374170 0.048969 -0.074427
v 0.256883 0.048969 -0.087200
v 0.289968 0.011052 -0.098431
v 0.328170 0.011052 -0.111399
v 0.361254 0.048969 -0.122629
v 0.243304 0.048969 -0.119984
v 0.274639 0.011052 -0.135437
v 0.310822 0.011052 -0.153280
v 0.342157 0.048969 -0.168733
v 0.225561 0.048969 -0.150715
v 0.254611 0.011052 -0.170126
v 0.288156 0.011052 -0.192539
v 0.317206 0.048969 -0.211950
v 0.203959 0.048969 -0.178867
v 0.230227 0.011052 -0.201904
v 0.260559 0.011052 -0.228504
v 0.286827 0.048969 -0.251540
v 0.178867 0.048969 -0.203959
v 0.201904 0.011052 -0.230227
v 0.228504 0.011052 -0.260559
v 0.251540 0.048969 -0.286827
v 0.150715 0.048969 -0.225561
v 0.170126 0.011052 -0.254611
v 0.192539 0.011052 -0.288156
v 0.211950 0.048969 -0.317206
v 0.119984 0.048969 -0.243304
v 0.135437 0.011052 -0.274639
v 0.153280 0.011052 -0.310822
v 0.168733 0.048969 -0.342157
v 0.087200 0.048969 -0.256883
v 0.098431 0.011052 -0.289968
v 0.111399 0.011052 -0.328170
v 0.122629 0.048969 -0.361254
v 0.052924 0.048969 -0.266068
v 0.059740 0.011052 -0.300335
v 0.067611 0.011052 -0.339903
v 0.074427 0.048969 -0.374170
v 0.017743 0.048969 -0.270699
v 0.020028 0.011052 -0.305563
v 0.022666 0.011052 -0.345820
v 0.024951 0.048969 -0.380683
v -0.017743 0.048969 -0.270699
v -0.020028 0.011052 -0.305563
v -0.022666 0.011052 -0.345820
v -0.024951 0.048969 -0.380683
v -0.052924 0.048969 -0.266068
v -0.059740 0.011052 -0.300335
v -0.067611 0.011052 -0.339903
v -0.074427 0.048969 -0.374170
v -0.087200 0.048969 -0.256883
v -0.098431 0.011052 -0.289968
v -0.111399 0.011052 -0.328170
v -0.122629 0.048969 -0.361254
v -0.119984 0.048969 -0.243304
v -0.135437 0.011052 -0.274639
v -0.153280 0.011052 -0.310822
v -0.168733 0.048969 -0.342157
v -0.150715 0.048969 -0.225561
v -0.170126 0.011052 -0.254611
v -0.192539 0.011052 -0.288156
v -0.211950 0.048969 -0.317206
v -0.178868 0.048969 -0.203959
v -0.201904 0.011052 -0.230227
v -0.228504 0.011052 -0.260559
v -0.251541 0.048969 -0.286827
v -0.203959 0.048969 -0.178867
v -0.230227 0.011052 -0.201904
v -0.260559 0.011052 -0.228504
v -0.286827 0.048969 -0.251540
v -0.225561 0.048969 -0.150715
v -0.254611 0.011052 -0.170126
v -0.288156 0.011052 -0.192539
v -0.317206 0.048969 -0.211950
v -0.243304 0.048969 -0.119984
v -0.274639 0.011052 -0.135437
v -0.310822 0.011052 -0.153280
v -0.342157 0.048969 -0.168733
v -0.256883 0.048969 -0.087200
v -0.289968 0.011052 -0.098431
v -0.328170 0.011052 -0.111399
v -0.361254 0.048969 -0.122629
v -0.266068 0.048969 -0.052924
v -0.300335 0.011052 -0.059740
v -0.339903 0.011052 -0.067611
v -0.374170 0.048969 -0.074427
v -0.270699 0.048969 -0.017743
v -0.305563 0.011052 -0.020028
v -0.345820 0.011052 -0.022666
v -0.380683 0.048969 -0.024951
v -0.270699 0.048969 0.017743
v -0.305563 0.011052 0.020028
v -0.345820 0.011052 0.022666
v -0.380683 0.048969 0.024951
v -0.266068 0.048969 0.052924
v -0.300335 0.011052 0.059740
v -0.339903 0.011052 0.067611
v -0.374170 0.048969 0.074427
v -0.256883 0.048969 0.087200
v -0.289968 0.011052 0.098431
v -0.328170 0.011052 0.111399
v -0.361254 0.048969 0.122629
v -0.243304 0.048969 0.119984
v -0.274639 0.011052 0.135437
v -0.310822 0.011052 0.153280
v -0.342157 0.048969 0.168733
v -0.225561 0.048969 0.150715
v -0.254611 0.011052 0.170126
v -0.288156 0.011052 0.192539
v -0.317206 0.048969 0.211950
v -0.203959 0.048969 0.178867
v -0.230227 0.011052 0.201904
v -0.260559 0.011052 0.228504
v -0.286827 0.048969 0.251540
v -0.178868 0.048969 0.203959
v -0.201904 0.011052 0.230227
v -0.228504 0.011052 0.260559
v -0.251541 0.048969 0.286827
v -0.150715 0.048969 0.225561
v -0.170126 0.011052 0.254611
v -0.192539 0.011052 0.288156
v -0.211950 0.048969 0.317206
v -0.119984 0.048969 0.243304
v -0.135437 0.011052 0.274639
v -0.153280 0.011052 0.310822
v -0.168733 0.048969 0.342157
v -0.087200 0.048969 0.256883
v -0.098431 0.011052 0.289968
v -0.111399 0.011052 0.328170
v -0.122629 0.048969 0.361254
v -0.052924 0.048969 0.266068
v -0.059740 0.011052 0.300335
v -0.067611 0.011052 0.339903
v -0.074427 0.048969 0.374170
v -0.017743 0.048969 0.270699
v -0.020028 0.011052 0.305563
v -0.022666 0.011052 0.345820
v -0.024951 0.048969 0.380683
v 0.017743 0.048969 0.270699
v 0.020028 0.011052 0.305563
v 0.022666 0.011052 0.345820
v 0.024951 0.048969 0.380683
v 0.052924 0.048969 0.266068
v 0.059740 0.011052 0.300335
v 0.067611 0.011052 0.339903
v 0.074427 0.048969 0.374170
v 0.087200 0.048969 0.256883
v 0.098431 0.011052 0.289968
v 0.111399 0.011052 0.328170
v 0.122629 0.048969 0.361254
v 0.119984 0.048969 0.243304
v 0.135437 0.011052 0.274639
v 0.153280 0.011052 0.310822
v 0.168733 0.048969 0.342157
v 0.150715 0.048969 0.225561
v 0.170126 0.011052 0.254611
v 0.192539 0.011052 0.288156
v 0.211950 0.048969 0.317206
v 0.178867 0.048969 0.203959
v 0.201904 0.011052 0.230227
v 0.228504 0.011052 0.260559
v 0.251540 0.048969 0.286827
v 0.203959 0.048969 0.178868
v 0.230227 0.011052 0.201904
v 0.260559 0.011052 0.228504
v 0.286827 0.048969 0.251541
v 0.225561 0.048969 0.150715
v 0.254611 0.011052 0.170126
v 0.288156 0.011052 0.192539
v 0.317206 0.048969 0.211950
v 0.243304 0.048969 0.119984
v 0.274639 0.011052 0.135437
v 0.310822 0.011052 0.153280
v 0.342157 0.048969 0.168733
v 0.256883 0.048969 0.087200
v 0.289967 0.011052 0.098431
v 0.328170 0.011052 0.111399
v 0.361254 0.048969 0.122629
v 0.266068 0.048969 0.052924
v 0.300335 0.011052 0.059740
v 0.339903 0.011052 0.067611
v 0.374170 0.048969 0.074427
v 0.270699 0.048969 0.017743
v 0.305563 0.011052 0.020028
v 0.345820 0.011052 0.022666
v 0.380683 0.048969 0.024951
v 0.649105 0.756740 -0.649105
v 0.497201 0.172307 -0.497201
v 0.649105 0.756740 0.649105
v 0.497201 0.172307 0.497201
v -0.649105 0.756740 -0.649105
v -0.497201 0.172307 -0.497201
v -0.649105 0.756740 0.649105
v -0.497201 0.172307 0.497201
v 0.600209 0.765464 0.600209
v -0.600209 0.765464 0.600209
v 0.600209 0.765464 -0.600209
v -0.600209 0.765464 -0.600209
v 0.441684 0.210938 0.441684
v -0.441684 0.210938 0.441684
v 0.441684 0.210938 -0.441684
v -0.441684 0.210938 -0.441684
v -0.530522 0.155473 -0.417235
v -0.566709 0.137222 -0.295454
v -0.592461 0.124231 -0.152678
v -0.601838 0.119500 -0.000000
v -0.592461 0.124231 0.152678
v -0.566709 0.137222 0.295454
v -0.530522 0.155473 0.417235
v 0.417235 0.155473 -0.530522
v 0.295454 0.137222 -0.566709
v 0.152678 0.124231 -0.592461
v 0.000000 0.119500 -0.601838
v -0.152678 0.124231 -0.592461
v -0.295454 0.137222 -0.566709
v -0.417235 0.155473 -0.530522
v 0.652371 0.687319 -0.652371
v 0.651910 0.607212 -0.651910
v 0.645273 0.521214 -0.645273
v 0.630074 0.434233 -0.630074
v 0.604922 0.350963 -0.604922
v 0.570805 0.275645 -0.570805
v 0.531279 0.212905 -0.531279
v -0.531279 0.212905 0.531279
v -0.570805 0.275645 0.570805
v -0.604922 0.350963 0.604922
v -0.630074 0.434233 0.630074
v -0.645273 0.521214 0.645273
v -0.651910 0.607212 0.651910
v -0.652371 0.687319 0.652371
v 0.652371 0.687319 0.652371
v 0.651910 0.607212 0.651910
v 0.645273 0.521214 0.645273
v 0.630074 0.434233 0.630074
v 0.604922 0.350963 0.604922
v 0.570805 0.275645 0.570805
v 0.531279 0.212905 0.531279
v -0.652371 0.687319 -0.652371
v -0.651910 0.607212 -0.651910
v -0.645273 0.521214 -0.645273
v -0.630074 0.434233 -0.630074
v -0.604922 0.350963 -0.604922
v -0.570805 0.275645 -0.570805
v -0.531279 0.212905 -0.531279
v 0.513493 0.756738 0.756190
v 0.355102 0.756734 0.832831
v 0.181383 0.756730 0.878816
v 0.000000 0.756728 0.894144
v -0.181383 0.756730 0.878816
v -0.355102 0.756734 0.832831
v -0.513493 0.756738 0.756190
v 0.756190 0.756738 -0.513493
v 0.832831 0.756734 -0.355102
v 0.878816 0.756730 -0.181383
v 0.894144 0.756728 0.000000
v 0.878816 0.756730 0.181383
v 0.832831 0.756734 0.355102
v 0.756190 0.756738 0.513493
v -0.417235 0.155473 0.530522
v -0.295454 0.137222 0.566709
v -0.152678 0.124231 0.592461
v 0.000000 0.119500 0.601838
v 0.152678 0.124231 0.592461
v 0.295454 0.137222 0.566709
v 0.417235 0.155473 0.530522
v -0.756190 0.756738 0.513493
v -0.832831 0.756734 0.355102
v -0.878816 0.756730 0.181383
v -0.894144 0.756728 -0.000000
v -0.878816 0.756730 -0.181383
v -0.832831 0.756734 -0.355102
v -0.756190 0.756738 -0.513493
v -0.513493 0.756738 -0.756190
v -0.355102 0.756734 -0.832831
v -0.181383 0.756730 -0.878816
v 0.000000 0.756728 -0.894144
v 0.181383 0.756730 -0.878816
v 0.355102 0.756734 -0.832831
v 0.513493 0.756738 -0.756190
v 0.530522 0.155473 0.417235
v 0.566709 0.137222 0.295454
v 0.592461 0.124231 0.152678
v 0.601838 0.119500 -0.000000
v 0.592461 0.124231 -0.152678
v 0.566709 0.137222 -0.295454
v 0.530522 0.155473 -0.417235
v 0.474812 0.765462 0.699227
v 0.328353 0.765458 0.770095
v 0.167720 0.765454 0.812616
v -0.000000 0.765452 0.826790
v -0.167720 0.765454 0.812616
v -0.328353 0.765458 0.770095
v -0.474812 0.765462 0.699227
v 0.699227 0.765462 -0.474812
v 0.770095 0.765458 -0.328353
v 0.812616 0.765454 -0.167720
v 0.826790 0.765452 0.000000
v 0.812616 0.765454 0.167720
v 0.770095 0.765458 0.328353
v 0.699227 0.765462 0.474812
v -0.699227 0.765462 0.474812
v -0.770095 0.765458 0.328353
v -0.812616 0.765454 0.167720
v -0.826790 0.765452 0.000000
v -0.812616 0.765454 -0.167720
v -0.770095 0.765458 -0.328353
v -0.699227 0.765462 -0.474812
v -0.474812 0.765462 -0.699227
v -0.328353 0.765458 -0.770095
v -0.167720 0.765454 -0.812616
v -0.000000 0.765452 -0.826790
v 0.167720 0.765454 -0.812616
v 0.328353 0.765458 -0.770095
v 0.474812 0.765462 -0.699227
v 0.644067 0.811799 0.644067
v 0.638101 0.851337 0.638101
v 0.631558 0.875315 0.631558
v 0.624727 0.883834 0.624727
v 0.617895 0.876995 0.617895
v 0.611352 0.854899 0.611352
v 0.605386 0.817645 0.605386
v -0.605386 0.817646 0.605386
v -0.611352 0.854899 0.611352
v -0.617895 0.876995 0.617895
v -0.624726 0.883834 0.624726
v -0.631558 0.875315 0.631558
v -0.638101 0.851337 0.638101
v -0.644067 0.811799 0.644067
v -0.605386 0.817646 -0.605386
v -0.611352 0.854899 -0.611352
v -0.617895 0.876995 -0.617895
v -0.624727 0.883834 -0.624727
v -0.631558 0.875315 -0.631558
v -0.638101 0.851337 -0.638101
v -0.644067 0.811799 -0.644067
v 0.644067 0.811799 -0.644067
v 0.638101 0.851337 -0.638101
v 0.631558 0.875315 -0.631558
v 0.624727 0.883834 -0.624727
v 0.617895 0.876995 -0.617895
v 0.611352 0.854899 -0.611352
v 0.605386 0.817645 -0.605386
v 0.370643 0.194966 0.471281
v 0.262461 0.177648 0.503427
v 0.135629 0.165322 0.526303
v -0.000000 0.160834 0.534633
v -0.135629 0.165322 0.526303
v -0.262461 0.177648 0.503427
v -0.370643 0.194966 0.471281
v 0.471281 0.194966 -0.370643
v 0.503427 0.177648 -0.262461
v 0.526303 0.165322 -0.135629
v 0.534633 0.160834 -0.000000
v 0.526303 0.165322 0.135629
v 0.503427 0.177648 0.262461
v 0.471281 0.194966 0.370643
v -0.471281 0.194966 0.370643
v -0.503427 0.177648 0.262461
v -0.526303 0.165322 0.135629
v -0.534633 0.160834 0.000000
v -0.526303 0.165322 -0.135629
v -0.503427 0.177648 -0.262461
v -0.471281 0.194966 -0.370643
v -0.370643 0.194966 -0.471281
v -0.262461 0.177648 -0.503427
v -0.135629 0.165322 -0.526303
v -0.000000 0.160833 -0.534633
v 0.135629 0.165322 -0.526303
v 0.262461 0.177648 -0.503427
v 0.370643 0.194966 -0.471281
v -0.595411 0.699600 -0.595411
v -0.589187 0.623592 -0.589187
v -0.579112 0.541993 -0.579112
v -0.562794 0.459463 -0.562794
v -0.538725 0.380454 -0.538725
v -0.507510 0.308989 -0.507510
v -0.472035 0.249459 -0.472035
v 0.472035 0.249459 -0.472035
v 0.507510 0.308989 -0.507510
v 0.538725 0.380454 -0.538725
v 0.562794 0.459463 -0.562794
v 0.579112 0.541993 -0.579112
v 0.589187 0.623591 -0.589187
v 0.595411 0.699600 -0.595411
v 0.472035 0.249459 0.472035
v 0.507510 0.308989 0.507510
v 0.538725 0.380454 0.538725
v 0.562794 0.459463 0.562794
v 0.579112 0.541993 0.579112
v 0.589187 0.623591 0.589187
v 0.595411 0.699600 0.595411
v -0.595411 0.699600 0.595411
v -0.589187 0.623592 0.589187
v -0.579112 0.541993 0.579112
v -0.562794 0.459463 0.562794
v -0.538725 0.380454 0.538725
v -0.507510 0.308989 0.507510
v -0.472035 0.249459 0.472035
v -0.509508 0.811799 0.750320
v -0.352346 0.811799 0.826366
v -0.179975 0.811799 0.871994
v 0.000000 0.811799 0.887203
v 0.179975 0.811799 0.871994
v 0.352346 0.811799 0.826366
v 0.509508 0.811799 0.750320
v -0.504789 0.851337 0.743370
v -0.349083 0.851337 0.818712
v -0.178308 0.851337 0.863917
v 0.000000 0.851337 0.878985
v 0.178308 0.851337 0.863917
v 0.349083 0.851337 0.818712
v 0.504789 0.851337 0.743370
v -0.499612 0.875315 0.735748
v -0.345503 0.875315 0.810317
v -0.176480 0.875315 0.855058
v 0.000000 0.875315 0.869972
v 0.176480 0.875315 0.855058
v 0.345503 0.875315 0.810317
v 0.499612 0.875315 0.735748
v -0.494208 0.883834 0.727789
v -0.341766 0.883834 0.801551
v -0.174571 0.883834 0.845809
v 0.000000 0.883834 0.860561
v 0.174571 0.883834 0.845809
v 0.341766 0.883834 0.801551
v 0.494208 0.883834 0.727789
v -0.488804 0.876995 0.719830
v -0.338028 0.876995 0.792786
v -0.172662 0.876995 0.836559
v -0.000000 0.876995 0.851151
v 0.172662 0.876995 0.836559
v 0.338028 0.876995 0.792786
v 0.488804 0.876995 0.719830
v -0.483628 0.854899 0.712208
v -0.334449 0.854899 0.784391
v -0.170834 0.854899 0.827701
v -0.000000 0.854899 0.842138
v 0.170834 0.854899 0.827701
v 0.334449 0.854899 0.784391
v 0.483628 0.854899 0.712208
v -0.478908 0.817646 0.705258
v -0.331185 0.817646 0.776737
v -0.169167 0.817646 0.819624
v -0.000000 0.817645 0.833920
v 0.169167 0.817646 0.819624
v 0.331185 0.817646 0.776737
v 0.478908 0.817645 0.705258
v 0.429634 0.206935 0.604754
v 0.454204 0.272660 0.661378
v 0.478924 0.349388 0.704275
v 0.498387 0.433443 0.734138
v 0.510418 0.520868 0.751807
v 0.515698 0.607097 0.759485
v 0.516074 0.687296 0.760000
v 0.301567 0.195832 0.657592
v 0.315679 0.266207 0.725915
v 0.331461 0.345822 0.775412
v 0.344639 0.431625 0.808695
v 0.352956 0.520070 0.828094
v 0.356620 0.606831 0.836489
v 0.356886 0.687243 0.837033
v 0.155332 0.186664 0.690848
v 0.161764 0.260307 0.765064
v 0.169401 0.342362 0.818234
v 0.176035 0.429816 0.853483
v 0.180281 0.519272 0.873888
v 0.182157 0.606565 0.882700
v 0.182294 0.687190 0.883254
v -0.000000 0.183124 0.702387
v -0.000000 0.257899 0.778295
v -0.000000 0.340893 0.832561
v 0.000000 0.429034 0.868428
v 0.000000 0.518926 0.889159
v 0.000000 0.606449 0.898105
v 0.000000 0.687167 0.898661
v -0.155332 0.186664 0.690848
v -0.161764 0.260307 0.765064
v -0.169401 0.342362 0.818234
v -0.176035 0.429816 0.853483
v -0.180281 0.519272 0.873888
v -0.182157 0.606565 0.882699
v -0.182294 0.687190 0.883254
v -0.301567 0.195832 0.657592
v -0.315679 0.266207 0.725915
v -0.331461 0.345822 0.775412
v -0.344639 0.431625 0.808695
v -0.352955 0.520070 0.828094
v -0.356620 0.606831 0.836489
v -0.356886 0.687243 0.837033
v -0.429634 0.206935 0.604754
v -0.454204 0.272660 0.661378
v -0.478924 0.349388 0.704275
v -0.498387 0.433443 0.734138
v -0.510418 0.520868 0.751807
v -0.515698 0.607097 0.759485
v -0.516074 0.687296 0.760000
v -0.604754 0.206935 0.429634
v -0.661378 0.272660 0.454204
v -0.704275 0.349388 0.478924
v -0.734138 0.433443 0.498387
v -0.751807 0.520868 0.510418
v -0.759485 0.607097 0.515698
v -0.760000 0.687296 0.516074
v -0.657592 0.195832 0.301567
v -0.725915 0.266207 0.315679
v -0.775413 0.345822 0.331461
v -0.808695 0.431625 0.344639
v -0.828094 0.520070 0.352956
v -0.836489 0.606831 0.356620
v -0.837033 0.687243 0.356886
v -0.690848 0.186664 0.155332
v -0.765064 0.260307 0.161764
v -0.818234 0.342362 0.169401
v -0.853483 0.429816 0.176035
v -0.873888 0.519272 0.180281
v -0.882700 0.606565 0.182157
v -0.883254 0.687190 0.182294
v -0.702387 0.183124 -0.000000
v -0.778295 0.257899 -0.000000
v -0.832561 0.340893 -0.000000
v -0.868428 0.429034 0.000000
v -0.889159 0.518926 -0.000000
v -0.898105 0.606449 -0.000000
v -0.898661 0.687167 0.000000
v -0.690848 0.186664 -0.155332
v -0.765064 0.260307 -0.161764
v -0.818234 0.342362 -0.169401
v -0.853483 0.429816 -0.176035
v -0.873888 0.519272 -0.180281
v -0.882699 0.606565 -0.182157
v -0.883254 0.687190 -0.182294
v -0.657592 0.195832 -0.301567
v -0.725915 0.266207 -0.315679
v -0.775412 0.345822 -0.331461
v -0.808695 0.431625 -0.344639
v -0.828094 0.520070 -0.352956
v -0.836489 0.606831 -0.356620
v -0.837033 0.687243 -0.356886
v -0.604754 0.206935 -0.429634
v -0.661378 0.272660 -0.454204
v -0.704275 0.349388 -0.478924
v -0.734138 0.433443 -0.498387
v -0.751807 0.520868 -0.510418
v -0.759484 0.607097 -0.515698
v -0.760000 0.687296 -0.516074
v -0.428969 0.118456 -0.428969
v -0.301106 0.091853 -0.450879
v -0.155096 0.075107 -0.468949
v -0.000000 0.069296 -0.475924
v 0.155096 0.075107 -0.468950
v 0.301106 0.091853 -0.450879
v 0.428969 0.118456 -0.428969
v -0.450879 0.091853 -0.301106
v -0.313373 0.059535 -0.313373
v -0.160584 0.039926 -0.324543
v -0.000000 0.033297 -0.329088
v 0.160584 0.039926 -0.324543
v 0.313373 0.059535 -0.313373
v 0.450879 0.091853 -0.301106
v -0.468949 0.075107 -0.155096
v -0.324543 0.039926 -0.160584
v -0.165861 0.018920 -0.165861
v -0.000000 0.012382 -0.168089
v 0.165861 0.018920 -0.165861
v 0.324543 0.039926 -0.160584
v 0.468949 0.075107 -0.155096
v -0.475924 0.069296 0.000000
v -0.329088 0.033297 0.000000
v -0.168089 0.012382 0.000000
v 0.000000 0.007367 0.000000
v 0.168089 0.012382 0.000000
v 0.329088 0.033297 -0.000000
v 0.475924 0.069296 -0.000000
v -0.468950 0.075107 0.155096
v -0.324543 0.039926 0.160584
v -0.165861 0.018920 0.165861
v 0.000000 0.012382 0.168089
v 0.165861 0.018920 0.165861
v 0.324543 0.039926 0.160584
v 0.468949 0.075107 0.155096
v -0.450879 0.091853 0.301106
v -0.313373 0.059535 0.313373
v -0.160584 0.039926 0.324543
v 0.000000 0.033297 0.329088
v 0.160584 0.039926 0.324543
v 0.313373 0.059535 0.313373
v 0.450879 0.091853 0.301106
v -0.428969 0.118456 0.428969
v -0.301106 0.091853 0.450879
v -0.155096 0.075107 0.468949
v 0.000000 0.069296 0.475924
v 0.155096 0.075107 0.468949
v 0.301106 0.091853 0.450879
v 0.428969 0.118456 0.428969
v 0.604754 0.206935 -0.429634
v 0.661378 0.272660 -0.454204
v 0.704275 0.349388 -0.478924
v 0.734138 0.433443 -0.498387
v 0.751807 0.520868 -0.510418
v 0.759485 0.607097 -0.515698
v 0.760000 0.687296 -0.516074
v 0.657592 0.195832 -0.301567
v 0.725915 0.266207 -0.315679
v 0.775412 0.345822 -0.331461
v 0.808695 0.431625 -0.344639
v 0.828094 0.520070 -0.352956
v 0.836489 0.606831 -0.356620
v 0.837033 0.687243 -0.356886
v 0.690848 0.186664 -0.155332
v 0.765064 0.260307 -0.161764
v 0.818234 0.342362 -0.169401
v 0.853483 0.429816 -0.176035
v 0.873888 0.519272 -0.180281
v 0.882700 0.606565 -0.182157
v 0.883254 0.687190 -0.182294
v 0.702387 0.183124 0.000000
v 0.778295 0.257899 0.000000
v 0.832561 0.340893 0.000000
v 0.868428 0.429034 -0.000000
v 0.889159 0.518926 -0.000000
v 0.898105 0.606449 0.000000
v 0.898661 0.687167 -0.000000
v 0.690848 0.186664 0.155332
v 0.765064 0.260307 0.161764
v 0.818234 0.342362 0.169401
v 0.853483 0.429816 0.176035
v 0.873888 0.519272 0.180281
v 0.882699 0.606565 0.182157
v 0.883254 0.687190 0.182294
v 0.657592 0.195832 0.301567
v 0.725915 0.266207 0.315679
v 0.775412 0.345822 0.331461
v 0.808695 0.431625 0.344639
v 0.828094 0.520070 0.352956
v 0.836489 0.606831 0.356620
v 0.837033 0.687243 0.356886
v 0.604754 0.206935 0.429634
v 0.661378 0.272660 0.454204
v 0.704275 0.349388 0.478924
v 0.734138 0.433443 0.498387
v 0.751807 0.520868 0.510418
v 0.759484 0.607097 0.515698
v 0.760000 0.687296 0.516074
v -0.429634 0.206935 -0.604754
v -0.454204 0.272660 -0.661378
v -0.478924 0.349388 -0.704275
v -0.498387 0.433443 -0.734138
v -0.510418 0.520868 -0.751807
v -0.515698 0.607097 -0.759485
v -0.516074 0.687296 -0.760000
v -0.301567 0.195832 -0.657592
v -0.315679 0.266207 -0.725915
v -0.331461 0.345822 -0.775412
v -0.344639 0.431625 -0.808695
v -0.352956 0.520070 -0.828094
v -0.356620 0.606831 -0.836489
v -0.356886 0.687243 -0.837033
v -0.155332 0.186664 -0.690848
v -0.161764 0.260307 -0.765064
v -0.169401 0.342362 -0.818234
v -0.176035 0.429816 -0.853483
v -0.180281 0.519272 -0.873888
v -0.182157 0.606565 -0.882700
v -0.182294 0.687190 -0.883254
v 0.000000 0.183124 -0.702387
v 0.000000 0.257899 -0.778295
v 0.000000 0.340893 -0.832561
v 0.000000 0.429034 -0.868428
v 0.000000 0.518926 -0.889159
v 0.000000 0.606449 -0.898105
v -0.000000 0.687167 -0.898661
v 0.155332 0.186664 -0.690848
v 0.161764 0.260307 -0.765064
v 0.169401 0.342362 -0.818234
v 0.176035 0.429816 -0.853483
v 0.180281 0.519272 -0.873888
v 0.182157 0.606565 -0.882699
v 0.182294 0.687190 -0.883254
v 0.301567 0.195832 -0.657592
v 0.315679 0.266207 -0.725915
v 0.331461 0.345822 -0.775412
v 0.344639 0.431625 -0.808695
v 0.352956 0.520070 -0.828094
v 0.356620 0.606831 -0.836489
v 0.356886 0.687243 -0.837033
v 0.429634 0.206935 -0.604754
v 0.454204 0.272660 -0.661378
v 0.478924 0.349388 -0.704275
v 0.498387 0.433443 -0.734138
v 0.510418 0.520868 -0.751807
v 0.515698 0.607097 -0.759484
v 0.516074 0.687296 -0.760000
v 0.471014 0.699578 -0.693642
v 0.325725 0.699528 -0.763949
v 0.166377 0.699477 -0.806134
v 0.000000 0.699455 -0.820196
v -0.166377 0.699477 -0.806134
v -0.325725 0.699528 -0.763949
v -0.471014 0.699578 -0.693642
v 0.466081 0.623482 -0.686411
v 0.322308 0.623230 -0.756006
v 0.164631 0.622977 -0.797770
v 0.000000 0.622868 -0.811693
v -0.164631 0.622977 -0.797770
v -0.322308 0.623230 -0.756006
v -0.466080 0.623482 -0.686411
v 0.458085 0.541665 -0.674722
v 0.316767 0.540908 -0.743186
v 0.161797 0.540151 -0.784284
v 0.000000 0.539823 -0.797989
v -0.161797 0.540151 -0.784284
v -0.316767 0.540908 -0.743186
v -0.458085 0.541665 -0.674722
v 0.445169 0.458713 -0.655746
v 0.307838 0.456988 -0.722340
v 0.157238 0.455272 -0.762346
v 0.000000 0.454530 -0.775694
v -0.157238 0.455272 -0.762346
v -0.307838 0.456988 -0.722340
v -0.445169 0.458713 -0.655746
v 0.426515 0.378959 -0.627207
v 0.295188 0.375575 -0.690560
v 0.150863 0.372293 -0.728696
v 0.000000 0.370898 -0.741455
v -0.150863 0.372293 -0.728696
v -0.295188 0.375575 -0.690560
v -0.426514 0.378959 -0.627207
v 0.403836 0.306156 -0.588042
v 0.280672 0.300034 -0.645425
v 0.143824 0.294435 -0.680234
v -0.000000 0.292151 -0.691998
v -0.143824 0.294435 -0.680234
v -0.280672 0.300034 -0.645425
v -0.403836 0.306156 -0.588042
v 0.381723 0.243795 -0.537319
v 0.267937 0.233259 -0.584267
v 0.138010 0.224561 -0.613815
v -0.000000 0.221202 -0.624067
v -0.138010 0.224561 -0.613815
v -0.267937 0.233259 -0.584267
v -0.381723 0.243795 -0.537319
v -0.750320 0.811799 -0.509508
v -0.826366 0.811799 -0.352346
v -0.871994 0.811799 -0.179975
v -0.887203 0.811799 -0.000000
v -0.871994 0.811799 0.179975
v -0.826366 0.811799 0.352346
v -0.750320 0.811799 0.509508
v -0.743370 0.851337 -0.504789
v -0.818712 0.851337 -0.349083
v -0.863917 0.851337 -0.178308
v -0.878985 0.851337 -0.000000
v -0.863917 0.851337 0.178308
v -0.818712 0.851337 0.349083
v -0.743370 0.851337 0.504789
v -0.735748 0.875315 -0.499613
v -0.810317 0.875315 -0.345503
v -0.855058 0.875315 -0.176480
v -0.869972 0.875315 -0.000000
v -0.855058 0.875315 0.176480
v -0.810317 0.875315 0.345503
v -0.735748 0.875315 0.499612
v -0.727789 0.883834 -0.494208
v -0.801551 0.883834 -0.341766
v -0.845809 0.883834 -0.174571
v -0.860561 0.883834 -0.000000
v -0.845809 0.883834 0.174571
v -0.801551 0.883834 0.341766
v -0.727789 0.883834 0.494208
v -0.719830 0.876995 -0.488804
v -0.792786 0.876995 -0.338028
v -0.836559 0.876995 -0.172662
v -0.851151 0.876995 0.000000
v -0.836559 0.876995 0.172662
v -0.792786 0.876995 0.338028
v -0.719830 0.876995 0.488804
v -0.712208 0.854899 -0.483628
v -0.784391 0.854899 -0.334449
v -0.827701 0.854899 -0.170834
v -0.842138 0.854899 0.000000
v -0.827701 0.854899 0.170834
v -0.784391 0.854899 0.334449
v -0.712208 0.854899 0.483628
v -0.705258 0.817646 -0.478908
v -0.776737 0.817646 -0.331185
v -0.819624 0.817645 -0.169167
v -0.833920 0.817645 0.000000
v -0.819624 0.817646 0.169167
v -0.776737 0.817645 0.331185
v -0.705258 0.817645 0.478908
v 0.750320 0.811799 0.509508
v 0.826366 0.811799 0.352346
v 0.871994 0.811799 0.179975
v 0.887203 0.811799 0.000000
v 0.871994 0.811799 -0.179975
v 0.826366 0.811799 -0.352346
v 0.750320 0.811799 -0.509508
v 0.743370 0.851337 0.504789
v 0.818712 0.851337 0.349083
v 0.863917 0.851337 0.178308
v 0.878985 0.851337 -0.000000
v 0.863917 0.851337 -0.178308
v 0.818712 0.851337 -0.349083
v 0.743370 0.851337 -0.504789
v 0.735748 0.875315 0.499612
v 0.810317 0.875315 0.345503
v 0.855058 0.875315 0.176480
v 0.869972 0.875315 -0.000000
v 0.855058 0.875315 -0.176480
v 0.810317 0.875315 -0.345503
v 0.735748 0.875315 -0.499612
v 0.727789 0.883834 0.494208
v 0.801551 0.883834 0.341766
v 0.845809 0.883834 0.174571
v 0.860561 0.883834 0.000000
v 0.845809 0.883834 -0.174571
v 0.801551 0.883834 -0.341766
v 0.727789 0.883834 -0.494208
v 0.719830 0.876995 0.488804
v 0.792786 0.876995 0.338028
v 0.836560 0.876995 0.172662
v 0.851151 0.876995 0.000000
v 0.836559 0.876995 -0.172662
v 0.792786 0.876995 -0.338028
v 0.719830 0.876995 -0.488804
v 0.712208 0.854899 0.483628
v 0.784391 0.854899 0.334449
v 0.827701 0.854899 0.170834
v 0.842138 0.854899 0.000000
v 0.827701 0.854899 -0.170834
v 0.784391 0.854899 -0.334449
v 0.712208 0.854899 -0.483628
v 0.705258 0.817645 0.478908
v 0.776737 0.817645 0.331185
v 0.819624 0.817646 0.169167
v 0.833920 0.817646 -0.000000
v 0.819624 0.817646 -0.169167
v 0.776737 0.817645 -0.331185
v 0.705258 0.817646 -0.478908
v 0.509508 0.811799 -0.750320
v 0.352346 0.811799 -0.826366
v 0.179975 0.811799 -0.871994
v 0.000000 0.811799 -0.887203
v -0.179975 0.811799 -0.871994
v -0.352346 0.811799 -0.826366
v -0.509508 0.811799 -0.750320
v 0.504789 0.851337 -0.743370
v 0.349083 0.851337 -0.818712
v 0.178308 0.851337 -0.863917
v -0.000000 0.851337 -0.878985
v -0.178308 0.851337 -0.863917
v -0.349083 0.851337 -0.818712
v -0.504789 0.851337 -0.743370
v 0.499612 0.875315 -0.735748
v 0.345503 0.875315 -0.810317
v 0.176480 0.875315 -0.855058
v -0.000000 0.875315 -0.869972
v -0.176480 0.875315 -0.855058
v -0.345503 0.875315 -0.810317
v -0.499612 0.875315 -0.735748
v 0.494208 0.883834 -0.727789
v 0.341766 0.883834 -0.801551
v 0.174571 0.883834 -0.845809
v 0.000000 0.883834 -0.860561
v -0.174571 0.883834 -0.845809
v -0.341766 0.883834 -0.801551
v -0.494208 0.883834 -0.727789
v 0.488804 0.876995 -0.719830
v 0.338028 0.876995 -0.792786
v 0.172662 0.876995 -0.836560
v 0.000000 0.876995 -0.851151
v -0.172662 0.876995 -0.836559
v -0.338028 0.876995 -0.792786
v -0.488804 0.876995 -0.719830
v 0.483628 0.854899 -0.712208
v 0.334449 0.854899 -0.784391
v 0.170834 0.854899 -0.827701
v 0.000000 0.854899 -0.842138
v -0.170834 0.854899 -0.827701
v -0.334449 0.854899 -0.784391
v -0.483628 0.854899 -0.712208
v 0.478908 0.817646 -0.705258
v 0.331185 0.817646 -0.776737
v 0.169167 0.817646 -0.819624
v -0.000000 0.817646 -0.833920
v -0.169167 0.817646 -0.819624
v -0.331185 0.817646 -0.776737
v -0.478908 0.817646 -0.705258
v 0.381061 0.159843 -0.381061
v 0.267478 0.134601 -0.400523
v 0.137775 0.118711 -0.416576
v -0.000000 0.113198 -0.422771
v -0.137775 0.118711 -0.416576
v -0.267478 0.134601 -0.400523
v -0.381061 0.159843 -0.381061
v 0.400523 0.134601 -0.267478
v 0.278375 0.103937 -0.278375
v 0.142649 0.085330 -0.288297
v 0.000000 0.079041 -0.292335
v -0.142649 0.085330 -0.288297
v -0.278375 0.103937 -0.278375
v -0.400523 0.134601 -0.267478
v 0.416576 0.118711 -0.137775
v 0.288297 0.085330 -0.142649
v 0.147338 0.065224 -0.147338
v -0.000000 0.058494 -0.149316
v -0.147338 0.065224 -0.147338
v -0.288297 0.085330 -0.142649
v -0.416576 0.118711 -0.137775
v 0.422771 0.113198 -0.000000
v 0.292335 0.079041 -0.000000
v 0.149316 0.058494 -0.000000
v -0.000000 0.051631 -0.000000
v -0.149316 0.058494 -0.000000
v -0.292335 0.079041 0.000000
v -0.422771 0.113198 0.000000
v 0.416576 0.118711 0.137775
v 0.288297 0.085330 0.142649
v 0.147338 0.065224 0.147338
v -0.000000 0.058494 0.149316
v -0.147338 0.065224 0.147338
v -0.288297 0.085330 0.142649
v -0.416576 0.118711 0.137775
v 0.400523 0.134601 0.267478
v 0.278375 0.103937 0.278375
v 0.142649 0.085330 0.288297
v -0.000000 0.079041 0.292335
v -0.142649 0.085330 0.288297
v -0.278375 0.103937 0.278375
v -0.400523 0.134601 0.267478
v 0.381061 0.159843 0.381061
v 0.267478 0.134601 0.400523
v 0.137775 0.118711 0.416576
v -0.000000 0.113198 0.422771
v -0.137775 0.118711 0.416576
v -0.267478 0.134601 0.400523
v -0.381061 0.159843 0.381061
v 0.693642 0.699578 0.471014
v 0.763949 0.699528 0.325725
v 0.806134 0.699477 0.166377
v 0.820196 0.699455 0.000000
v 0.806134 0.699477 -0.166377
v 0.763949 0.699528 -0.325725
v 0.693642 0.699578 -0.471014
v 0.686411 0.623482 0.466080
v 0.756006 0.623230 0.322308
v 0.797770 0.622977 0.164631
v 0.811693 0.622868 0.000000
v 0.797770 0.622977 -0.164631
v 0.756006 0.623230 -0.322308
v 0.686411 0.623482 -0.466081
v 0.674722 0.541665 0.458085
v 0.743186 0.540908 0.316767
v 0.784284 0.540151 0.161797
v 0.797989 0.539823 0.000000
v 0.784284 0.540151 -0.161797
v 0.743186 0.540908 -0.316767
v 0.674722 0.541665 -0.458085
v 0.655746 0.458713 0.445169
v 0.722340 0.456988 0.307838
v 0.762346 0.455272 0.157238
v 0.775694 0.454530 0.000000
v 0.762346 0.455272 -0.157238
v 0.722340 0.456988 -0.307838
v 0.655746 0.458713 -0.445169
v 0.627207 0.378959 0.426515
v 0.690560 0.375575 0.295188
v 0.728696 0.372293 0.150863
v 0.741455 0.370898 0.000000
v 0.728696 0.372293 -0.150863
v 0.690560 0.375575 -0.295188
v 0.627207 0.378959 -0.426514
v 0.588042 0.306156 0.403836
v 0.645425 0.300034 0.280672
v 0.680234 0.294435 0.143824
v 0.691998 0.292151 -0.000000
v 0.680234 0.294435 -0.143824
v 0.645425 0.300034 -0.280672
v 0.588042 0.306156 -0.403836
v 0.537319 0.243795 0.381723
v 0.584267 0.233259 0.267937
v 0.613815 0.224561 0.138010
v 0.624067 0.221202 -0.000000
v 0.613815 0.224561 -0.138010
v 0.584267 0.233260 -0.267937
v 0.537319 0.243795 -0.381723
v -0.693642 0.699578 -0.471014
v -0.763949 0.699528 -0.325725
v -0.806134 0.699477 -0.166377
v -0.820196 0.699455 -0.000000
v -0.806134 0.699477 0.166377
v -0.763949 0.699528 0.325725
v -0.693642 0.699578 0.471014
v -0.686411 0.623482 -0.466080
v -0.756006 0.623230 -0.322308
v -0.797770 0.622977 -0.164631
v -0.811693 0.622868 -0.000000
v -0.797770 0.622977 0.164631
v -0.756006 0.623230 0.322308
v -0.686411 0.623482 0.466080
v -0.674723 0.541665 -0.458085
v -0.743186 0.540908 -0.316767
v -0.784285 0.540151 -0.161797
v -0.797989 0.539823 -0.000000
v -0.784284 0.540151 0.161797
v -0.743186 0.540908 0.316767
v -0.674722 0.541665 0.458085
v -0.655746 0.458713 -0.445169
v -0.722340 0.456988 -0.307838
v -0.762346 0.455272 -0.157238
v -0.775694 0.454530 -0.000000
v -0.762346 0.455272 0.157238
v -0.722340 0.456988 0.307838
v -0.655746 0.458713 0.445169
v -0.627207 0.378959 -0.426514
v -0.690560 0.375575 -0.295188
v -0.728696 0.372293 -0.150863
v -0.741455 0.370898 -0.000000
v -0.728696 0.372293 0.150863
v -0.690560 0.375575 0.295188
v -0.627207 0.378959 0.426514
v -0.588042 0.306156 -0.403836
v -0.645425 0.300034 -0.280672
v -0.680234 0.294435 -0.143824
v -0.691998 0.292151 0.000000
v -0.680234 0.294435 0.143824
v -0.645425 0.300034 0.280672
v -0.588042 0.306156 0.403836
v -0.537319 0.243795 -0.381723
v -0.584267 0.233260 -0.267937
v -0.613815 0.224561 -0.138010
v -0.624067 0.221202 0.000000
v -0.613815 0.224561 0.138010
v -0.584267 0.233259 0.267937
v -0.537319 0.243795 0.381723
v -0.471014 0.699578 0.693642
v -0.325725 0.699528 0.763949
v -0.166377 0.699477 0.806134
v -0.000000 0.699455 0.820196
v 0.166377 0.699477 0.806134
v 0.325725 0.699528 0.763949
v 0.471014 0.699578 0.693642
v -0.466080 0.623482 0.686411
v -0.322308 0.623230 0.756006
v -0.164631 0.622977 0.797770
v -0.000000 0.622868 0.811693
v 0.164631 0.622977 0.797770
v 0.322308 0.623230 0.756006
v 0.466081 0.623482 0.686411
v -0.458085 0.541665 0.674722
v -0.316767 0.540908 0.743186
v -0.161797 0.540151 0.784284
v -0.000000 0.539823 0.797989
v 0.161797 0.540151 0.784285
v 0.316767 0.540908 0.743186
v 0.458085 0.541665 0.674722
v -0.445169 0.458713 0.655746
v -0.307838 0.456988 0.722340
v -0.157238 0.455272 0.762346
v -0.000000 0.454530 0.775694
v 0.157238 0.455272 0.762346
v 0.307838 0.456988 0.722340
v 0.445169 0.458713 0.655746
v -0.426514 0.378959 0.627207
v -0.295188 0.375575 0.690560
v -0.150863 0.372293 0.728696
v 0.000000 0.370898 0.741455
v 0.150863 0.372293 0.728696
v 0.295188 0.375575 0.690560
v 0.426514 0.378959 0.627207
v -0.403836 0.306156 0.588042
v -0.280672 0.300034 0.645425
v -0.143824 0.294435 0.680234
v 0.000000 0.292151 0.691998
v 0.143824 0.294435 0.680234
v 0.280672 0.300034 0.645425
v 0.403836 0.306156 0.588042
v -0.381723 0.243795 0.537319
v -0.267937 0.233259 0.584267
v -0.138010 0.224561 0.613815
v -0.000000 0.221202 0.624067
v 0.138010 0.224561 0.613815
v 0.267937 0.233259 0.584267
v 0.381723 0.243795 0.537319
v -0.511864 0.164888 -0.465237
v -0.549334 0.145986 -0.359839
v -0.581348 0.129837 -0.225935
v -0.599432 0.120715 -0.076954
v -0.599432 0.120715 0.076954
v -0.581348 0.129837 0.225935
v -0.549334 0.145986 0.359839
v -0.511864 0.164888 0.465237
v 0.465237 0.164888 -0.511864
v 0.359839 0.145986 -0.549334
v 0.225935 0.129837 -0.581348
v 0.076954 0.120715 -0.599432
v -0.076954 0.120715 -0.599432
v -0.225935 0.129837 -0.581348
v -0.359839 0.145986 -0.549334
v -0.465237 0.164888 -0.511864
v 0.651062 0.723639 -0.651062
v 0.652756 0.648310 -0.652756
v 0.649521 0.564641 -0.649521
v 0.638870 0.477545 -0.638870
v 0.618728 0.391863 -0.618728
v 0.588841 0.312050 -0.588841
v 0.551289 0.242326 -0.551289
v 0.512057 0.188479 -0.512057
v -0.512057 0.188479 0.512057
v -0.551289 0.242326 0.551289
v -0.588841 0.312050 0.588841
v -0.618728 0.391863 0.618728
v -0.638870 0.477545 0.638870
v -0.649521 0.564641 0.649521
v -0.652756 0.648310 0.652756
v -0.651062 0.723639 0.651062
v 0.651062 0.723639 0.651062
v 0.652756 0.648310 0.652756
v 0.649521 0.564641 0.649521
v 0.638870 0.477545 0.638870
v 0.618728 0.391863 0.618728
v 0.588841 0.312050 0.588841
v 0.551289 0.242326 0.551289
v 0.512057 0.188479 0.512057
v -0.651062 0.723639 -0.651062
v -0.652756 0.648310 -0.652756
v -0.649521 0.564641 -0.649521
v -0.638870 0.477545 -0.638870
v -0.618728 0.391863 -0.618728
v -0.588841 0.312050 -0.588841
v -0.551289 0.242326 -0.551289
v -0.512057 0.188479 -0.512057
v 0.584572 0.756740 0.706400
v 0.436693 0.756736 0.798342
v 0.269680 0.756732 0.859656
v 0.091171 0.756728 0.890312
v -0.091171 0.756728 0.890312
v -0.269680 0.756732 0.859655
v -0.436693 0.756736 0.798342
v -0.584572 0.756740 0.706400
v 0.706400 0.756740 -0.584572
v 0.798342 0.756736 -0.436693
v 0.859656 0.756732 -0.269680
v 0.890312 0.756728 -0.091171
v 0.890312 0.756728 0.091171
v 0.859656 0.756732 0.269680
v 0.798342 0.756736 0.436693
v 0.706400 0.756740 0.584572
v -0.465237 0.164888 0.511864
v -0.359839 0.145986 0.549334
v -0.225935 0.129837 0.581348
v -0.076954 0.120715 0.599432
v 0.076954 0.120715 0.599432
v 0.225935 0.129837 0.581348
v 0.359839 0.145986 0.549334
v 0.465237 0.164888 0.511864
v -0.706400 0.756740 0.584572
v -0.798342 0.756736 0.436693
v -0.859655 0.756732 0.269680
v -0.890312 0.756728 0.091171
v -0.890312 0.756728 -0.091171
v -0.859656 0.756732 -0.269680
v -0.798342 0.756736 -0.436693
v -0.706400 0.756740 -0.584572
v -0.584572 0.756740 -0.706400
v -0.436693 0.756736 -0.798342
v -0.269680 0.756732 -0.859656
v -0.091171 0.756728 -0.890312
v 0.091171 0.756728 -0.890312
v 0.269680 0.756732 -0.859656
v 0.436693 0.756736 -0.798342
v 0.584572 0.756740 -0.706400
v 0.511864 0.164888 0.465237
v 0.549334 0.145986 0.359839
v 0.581348 0.129837 0.225935
v 0.599432 0.120714 0.076954
v 0.599432 0.120715 -0.076954
v 0.581348 0.129837 -0.225935
v 0.549334 0.145986 -0.359839
v 0.511864 0.164888 -0.465237
v 0.540537 0.765464 0.653187
v 0.403797 0.765460 0.738204
v 0.249365 0.765456 0.794899
v 0.084303 0.765453 0.823246
v -0.084303 0.765453 0.823246
v -0.249365 0.765456 0.794899
v -0.403797 0.765460 0.738204
v -0.540537 0.765463 0.653187
v 0.653187 0.765464 -0.540537
v 0.738204 0.765460 -0.403797
v 0.794899 0.765456 -0.249365
v 0.823246 0.765453 -0.084303
v 0.823246 0.765453 0.084303
v 0.794899 0.765456 0.249365
v 0.738204 0.765460 0.403797
v 0.653187 0.765464 0.540537
v -0.653187 0.765463 0.540537
v -0.738204 0.765460 0.403797
v -0.794899 0.765456 0.249365
v -0.823246 0.765453 0.084303
v -0.823246 0.765452 -0.084303
v -0.794899 0.765456 -0.249365
v -0.738204 0.765460 -0.403797
v -0.653187 0.765463 -0.540537
v -0.540537 0.765463 -0.653187
v -0.403797 0.765460 -0.738204
v -0.249365 0.765456 -0.794899
v -0.084303 0.765453 -0.823246
v 0.084303 0.765453 -0.823246
v 0.249365 0.765456 -0.794899
v 0.403797 0.765460 -0.738204
v 0.540537 0.765464 -0.653187
v 0.646736 0.786181 0.646735
v 0.641174 0.833519 0.641174
v 0.634884 0.865265 0.634884
v 0.628160 0.881501 0.628160
v 0.621293 0.882328 0.621293
v 0.614569 0.867848 0.614569
v 0.608279 0.838160 0.608279
v 0.602700 0.793383 0.602700
v -0.602700 0.793383 0.602700
v -0.608279 0.838160 0.608279
v -0.614569 0.867848 0.614569
v -0.621293 0.882328 0.621293
v -0.628160 0.881501 0.628160
v -0.634884 0.865265 0.634884
v -0.641174 0.833519 0.641174
v -0.646735 0.786181 0.646735
v -0.602700 0.793383 -0.602700
v -0.608279 0.838160 -0.608279
v -0.614569 0.867848 -0.614569
v -0.621293 0.882328 -0.621293
v -0.628160 0.881501 -0.628160
v -0.634884 0.865265 -0.634884
v -0.641174 0.833519 -0.641174
v -0.646736 0.786181 -0.646735
v 0.646735 0.786181 -0.646736
v 0.641174 0.833519 -0.641174
v 0.634884 0.865265 -0.634884
v 0.628160 0.881501 -0.628160
v 0.621293 0.882328 -0.621293
v 0.614569 0.867848 -0.614569
v 0.608279 0.838160 -0.608279
v 0.602700 0.793383 -0.602700
v 0.413285 0.203899 0.454706
v 0.319656 0.185964 0.487992
v 0.200705 0.170641 0.516431
v 0.068360 0.161986 0.532496
v -0.068360 0.161986 0.532496
v -0.200705 0.170641 0.516431
v -0.319656 0.185964 0.487992
v -0.413285 0.203899 0.454706
v 0.454706 0.203899 -0.413285
v 0.487992 0.185964 -0.319656
v 0.516431 0.170641 -0.200705
v 0.532496 0.161986 -0.068360
v 0.532496 0.161986 0.068360
v 0.516431 0.170641 0.200705
v 0.487992 0.185964 0.319656
v 0.454706 0.203899 0.413285
v -0.454706 0.203899 0.413285
v -0.487992 0.185964 0.319656
v -0.516431 0.170641 0.200705
v -0.532496 0.161986 0.068360
v -0.532496 0.161986 -0.068360
v -0.516431 0.170641 -0.200705
v -0.487992 0.185964 -0.319656
v -0.454706 0.203899 -0.413285
v -0.413285 0.203899 -0.454706
v -0.319656 0.185964 -0.487992
v -0.200705 0.170641 -0.516431
v -0.068360 0.161986 -0.532496
v 0.068360 0.161986 -0.532496
v 0.200705 0.170641 -0.516431
v 0.319656 0.185964 -0.487992
v 0.413285 0.203899 -0.454706
v -0.597851 0.734061 -0.597851
v -0.592624 0.662587 -0.592624
v -0.584787 0.583199 -0.584787
v -0.571862 0.500559 -0.571862
v -0.551733 0.419261 -0.551733
v -0.523901 0.343532 -0.523901
v -0.489941 0.277375 -0.489941
v -0.454899 0.226282 -0.454899
v 0.454899 0.226282 -0.454899
v 0.489941 0.277375 -0.489941
v 0.523901 0.343532 -0.523901
v 0.551733 0.419261 -0.551733
v 0.571862 0.500559 -0.571862
v 0.584787 0.583198 -0.584787
v 0.592624 0.662587 -0.592624
v 0.597851 0.734061 -0.597851
v 0.454899 0.226282 0.454899
v 0.489941 0.277375 0.489941
v 0.523901 0.343532 0.523901
v 0.551733 0.419261 0.551733
v 0.571862 0.500559 0.571862
v 0.584787 0.583198 0.584787
v 0.592624 0.662587 0.592624
v 0.597851 0.734061 0.597851
v -0.597851 0.734061 0.597851
v -0.592624 0.662587 0.592624
v -0.584787 0.583198 0.584787
v -0.571862 0.500559 0.571862
v -0.551733 0.419261 0.551733
v -0.523901 0.343532 0.523901
v -0.489941 0.277375 0.489941
v -0.454899 0.226282 0.454899
v -0.433304 0.811799 0.792145
v -0.267587 0.811799 0.852982
v -0.090463 0.811799 0.883400
v 0.090463 0.811799 0.883401
v 0.267587 0.811799 0.852982
v 0.433304 0.811799 0.792145
v -0.507220 0.833519 0.746950
v -0.350764 0.833519 0.822655
v -0.179167 0.833519 0.868077
v 0.000000 0.833519 0.883218
v 0.179167 0.833519 0.868077
v 0.350764 0.833519 0.822655
v 0.507220 0.833519 0.746950
v -0.429290 0.851337 0.784808
v -0.265108 0.851337 0.845081
v -0.089625 0.851337 0.875218
v 0.089625 0.851337 0.875218
v 0.265108 0.851337 0.845081
v 0.429290 0.851337 0.784808
v -0.502243 0.865265 0.739622
v -0.347322 0.865265 0.814584
v -0.177409 0.865265 0.859561
v 0.000000 0.865265 0.874553
v 0.177409 0.865265 0.859561
v 0.347322 0.865265 0.814584
v 0.502243 0.865265 0.739622
v -0.424888 0.875315 0.776761
v -0.262390 0.875315 0.836416
v -0.088706 0.875315 0.866243
v 0.088706 0.875315 0.866243
v 0.262390 0.875315 0.836416
v 0.424888 0.875315 0.776761
v -0.496925 0.881501 0.731789
v -0.343644 0.881501 0.805957
v -0.175531 0.881501 0.850458
v 0.000000 0.881501 0.865291
v 0.175531 0.881501 0.850458
v 0.343644 0.881501 0.805957
v 0.496925 0.881501 0.731789
v -0.420292 0.883834 0.768358
v -0.259551 0.883834 0.827368
v -0.087747 0.883834 0.856873
v 0.087747 0.883834 0.856873
v 0.259551 0.883834 0.827368
v 0.420292 0.883834 0.768358
v -0.491492 0.882328 0.723789
v -0.339887 0.882328 0.797146
v -0.173611 0.882328 0.841160
v -0.000000 0.882328 0.855831
v 0.173611 0.882328 0.841160
v 0.339887 0.882328 0.797146
v 0.491492 0.882328 0.723789
v -0.415696 0.876995 0.759956
v -0.256713 0.876995 0.818321
v -0.086787 0.876995 0.847503
v 0.086787 0.876995 0.847503
v 0.256713 0.876995 0.818321
v 0.415696 0.876995 0.759956
v -0.486173 0.867848 0.715956
v -0.336209 0.867848 0.788519
v -0.171733 0.867848 0.832057
v -0.000000 0.867848 0.846570
v 0.171733 0.867848 0.832057
v 0.336209 0.867848 0.788519
v 0.486173 0.867848 0.715956
v -0.411294 0.854899 0.751908
v -0.253995 0.854899 0.809655
v -0.085868 0.854899 0.838528
v 0.085868 0.854899 0.838528
v 0.253995 0.854899 0.809655
v 0.411294 0.854899 0.751908
v -0.481197 0.838160 0.708628
v -0.332768 0.838160 0.780448
v -0.169975 0.838160 0.823540
v -0.000000 0.838160 0.837904
v 0.169975 0.838160 0.823540
v 0.332768 0.838160 0.780448
v 0.481196 0.838160 0.708628
v -0.407280 0.817646 0.744571
v -0.251516 0.817646 0.801754
v -0.085030 0.817646 0.830346
v 0.085030 0.817646 0.830346
v 0.251516 0.817646 0.801754
v 0.407280 0.817646 0.744571
v -0.511619 0.786181 0.753429
v -0.353806 0.786180 0.829790
v -0.180721 0.786180 0.875607
v 0.000000 0.786179 0.890879
v 0.180721 0.786180 0.875607
v 0.353806 0.786180 0.829790
v 0.511619 0.786181 0.753429
v 0.580035 0.811799 0.700917
v 0.574663 0.851337 0.694424
v 0.568770 0.875315 0.687304
v 0.562618 0.883834 0.679869
v 0.556465 0.876995 0.672434
v 0.550573 0.854899 0.665314
v 0.545200 0.817646 0.658821
v 0.476783 0.793382 0.702129
v 0.329716 0.793382 0.773291
v 0.168416 0.793381 0.815988
v -0.000000 0.793381 0.830220
v -0.168416 0.793381 0.815988
v -0.329716 0.793382 0.773291
v -0.476783 0.793382 0.702129
v -0.545200 0.817646 0.658821
v -0.550573 0.854899 0.665314
v -0.556465 0.876995 0.672434
v -0.562617 0.883834 0.679869
v -0.568770 0.875315 0.687304
v -0.574663 0.851337 0.694424
v -0.580035 0.811799 0.700917
v 0.441317 0.238190 0.634874
v 0.466980 0.309877 0.684484
v 0.489508 0.390736 0.720804
v 0.505334 0.477009 0.744384
v 0.513796 0.564432 0.756723
v 0.516374 0.648254 0.760456
v 0.368446 0.201501 0.633532
v 0.387304 0.269608 0.696842
v 0.407463 0.347727 0.743384
v 0.423833 0.432601 0.775133
v 0.434064 0.520499 0.793760
v 0.438563 0.606974 0.801835
v 0.438887 0.687272 0.802367
v 0.308036 0.229692 0.694327
v 0.323676 0.305041 0.752833
v 0.338565 0.388157 0.793941
v 0.349433 0.475774 0.819960
v 0.355299 0.563950 0.833472
v 0.357091 0.648124 0.837543
v 0.230152 0.190722 0.676791
v 0.240186 0.262975 0.748678
v 0.251806 0.343950 0.800370
v 0.261730 0.430652 0.834815
v 0.268044 0.519641 0.854805
v 0.270831 0.606688 0.863445
v 0.271034 0.687214 0.863995
v 0.158233 0.222252 0.730795
v 0.165583 0.300467 0.794080
v 0.172956 0.385613 0.837909
v 0.178479 0.474541 0.865342
v 0.181480 0.563467 0.879535
v 0.182398 0.647995 0.883800
v 0.078236 0.184046 0.699463
v 0.081375 0.258536 0.774970
v 0.085160 0.341286 0.828974
v 0.088482 0.429245 0.864691
v 0.090616 0.519019 0.885340
v 0.091559 0.606480 0.894253
v 0.091628 0.687173 0.894809
v -0.000000 0.219295 0.743250
v -0.000000 0.298558 0.807930
v -0.000000 0.384520 0.852592
v 0.000000 0.474006 0.880478
v 0.000000 0.563258 0.894893
v 0.000000 0.647939 0.899219
v -0.078236 0.184046 0.699463
v -0.081375 0.258536 0.774970
v -0.085160 0.341286 0.828974
v -0.088482 0.429245 0.864691
v -0.090616 0.519019 0.885341
v -0.091559 0.606480 0.894253
v -0.091628 0.687173 0.894810
v -0.158233 0.222252 0.730795
v -0.165583 0.300467 0.794080
v -0.172956 0.385613 0.837909
v -0.178479 0.474541 0.865342
v -0.181480 0.563467 0.879535
v -0.182398 0.647995 0.883800
v -0.230152 0.190722 0.676791
v -0.240186 0.262975 0.748678
v -0.251806 0.343950 0.800370
v -0.261730 0.430652 0.834815
v -0.268044 0.519641 0.854804
v -0.270831 0.606688 0.863444
v -0.271034 0.687214 0.863995
v -0.308036 0.229692 0.694327
v -0.323676 0.305041 0.752833
v -0.338565 0.388157 0.793941
v -0.349433 0.475774 0.819960
v -0.355299 0.563950 0.833472
v -0.357091 0.648124 0.837543
v -0.368446 0.201501 0.633532
v -0.387304 0.269608 0.696842
v -0.407463 0.347727 0.743384
v -0.423833 0.432601 0.775133
v -0.434064 0.520499 0.793760
v -0.438563 0.606974 0.801835
v -0.438887 0.687272 0.802367
v -0.441317 0.238190 0.634874
v -0.466980 0.309877 0.684484
v -0.489508 0.390736 0.720804
v -0.505335 0.477009 0.744384
v -0.513796 0.564432 0.756723
v -0.516374 0.648254 0.760455
v 0.484094 0.211177 0.571093
v 0.515581 0.274825 0.619404
v 0.544993 0.350537 0.658089
v 0.567399 0.434020 0.685740
v 0.581094 0.521121 0.702267
v 0.587090 0.607181 0.709465
v 0.587512 0.687313 0.709956
v 0.515041 0.723632 0.758471
v 0.356172 0.723614 0.835346
v 0.181930 0.723597 0.881470
v 0.000000 0.723590 0.896845
v -0.181930 0.723597 0.881470
v -0.356172 0.723614 0.835345
v -0.515041 0.723632 0.758471
v -0.587512 0.687313 0.709956
v -0.587090 0.607181 0.709464
v -0.581094 0.521121 0.702266
v -0.567399 0.434020 0.685740
v -0.544993 0.350537 0.658089
v -0.515581 0.274825 0.619404
v -0.484094 0.211177 0.571093
v -0.420807 0.179305 0.570498
v -0.297129 0.164931 0.615206
v -0.153396 0.153890 0.644825
v -0.000000 0.149751 0.655328
v 0.153396 0.153889 0.644825
v 0.297129 0.164931 0.615206
v 0.420807 0.179305 0.570498
v -0.634874 0.238190 0.441317
v -0.684484 0.309877 0.466980
v -0.720804 0.390736 0.489508
v -0.744384 0.477009 0.505334
v -0.756723 0.564432 0.513796
v -0.760456 0.648254 0.516374
v -0.633532 0.201501 0.368446
v -0.696842 0.269608 0.387304
v -0.743384 0.347727 0.407462
v -0.775133 0.432601 0.423833
v -0.793760 0.520499 0.434064
v -0.801835 0.606974 0.438563
v -0.802367 0.687272 0.438887
v -0.694327 0.229692 0.308036
v -0.752833 0.305041 0.323676
v -0.793941 0.388157 0.338565
v -0.819960 0.475774 0.349433
v -0.833472 0.563950 0.355299
v -0.837543 0.648124 0.357091
v -0.676791 0.190722 0.230152
v -0.748678 0.262975 0.240186
v -0.800370 0.343950 0.251806
v -0.834815 0.430652 0.261730
v -0.854805 0.519641 0.268044
v -0.863444 0.606688 0.270831
v -0.863995 0.687214 0.271034
v -0.730795 0.222252 0.158233
v -0.794080 0.300467 0.165583
v -0.837909 0.385613 0.172956
v -0.865342 0.474541 0.178479
v -0.879535 0.563467 0.181480
v -0.883800 0.647995 0.182398
v -0.699463 0.184046 0.078236
v -0.774970 0.258536 0.081375
v -0.828974 0.341286 0.085160
v -0.864691 0.429245 0.088482
v -0.885341 0.519019 0.090616
v -0.894253 0.606480 0.091559
v -0.894809 0.687173 0.091628
v -0.743250 0.219295 -0.000000
v -0.807930 0.298558 -0.000000
v -0.852592 0.384520 -0.000000
v -0.880478 0.474006 -0.000000
v -0.894893 0.563258 -0.000000
v -0.899219 0.647939 -0.000000
v -0.699463 0.184046 -0.078236
v -0.774970 0.258536 -0.081375
v -0.828974 0.341286 -0.085160
v -0.864691 0.429245 -0.088482
v -0.885341 0.519019 -0.090616
v -0.894253 0.606480 -0.091559
v -0.894810 0.687173 -0.091628
v -0.730795 0.222252 -0.158233
v -0.794080 0.300467 -0.165583
v -0.837909 0.385613 -0.172956
v -0.865342 0.474541 -0.178479
v -0.879535 0.563467 -0.181480
v -0.883800 0.647995 -0.182398
v -0.676791 0.190722 -0.230152
v -0.748678 0.262975 -0.240186
v -0.800370 0.343950 -0.251806
v -0.834815 0.430652 -0.261730
v -0.854804 0.519641 -0.268044
v -0.863444 0.606688 -0.270831
v -0.863995 0.687214 -0.271034
v -0.694327 0.229692 -0.308036
v -0.752833 0.305041 -0.323676
v -0.793941 0.388157 -0.338565
v -0.819960 0.475774 -0.349433
v -0.833472 0.563950 -0.355299
v -0.837543 0.648124 -0.357091
v -0.633532 0.201501 -0.368446
v -0.696842 0.269608 -0.387304
v -0.743384 0.347727 -0.407463
v -0.775133 0.432601 -0.423833
v -0.793760 0.520499 -0.434064
v -0.801835 0.606974 -0.438563
v -0.802367 0.687272 -0.438887
v -0.634874 0.238190 -0.441317
v -0.684484 0.309877 -0.466980
v -0.720804 0.390736 -0.489508
v -0.744384 0.477009 -0.505334
v -0.756723 0.564432 -0.513796
v -0.760456 0.648254 -0.516374
v -0.571093 0.211177 0.484094
v -0.619404 0.274825 0.515581
v -0.658089 0.350537 0.544993
v -0.685740 0.434020 0.567399
v -0.702267 0.521121 0.581094
v -0.709465 0.607181 0.587090
v -0.709956 0.687313 0.587512
v -0.758471 0.723632 0.515041
v -0.835345 0.723614 0.356172
v -0.881470 0.723597 0.181930
v -0.896845 0.723590 -0.000000
v -0.881470 0.723597 -0.181930
v -0.835345 0.723614 -0.356172
v -0.758471 0.723632 -0.515041
v -0.709956 0.687313 -0.587512
v -0.709464 0.607181 -0.587090
v -0.702266 0.521121 -0.581094
v -0.685740 0.434020 -0.567399
v -0.658089 0.350537 -0.544993
v -0.619404 0.274825 -0.515581
v -0.571093 0.211177 -0.484094
v -0.570498 0.179305 -0.420807
v -0.615206 0.164931 -0.297129
v -0.644825 0.153890 -0.153396
v -0.655328 0.149751 -0.000000
v -0.644825 0.153889 0.153396
v -0.615206 0.164931 0.297129
v -0.570498 0.179305 0.420807
v -0.367880 0.103967 -0.439696
v -0.229801 0.082186 -0.460954
v -0.078117 0.070769 -0.474107
v 0.078117 0.070769 -0.474107
v 0.229801 0.082186 -0.460954
v 0.367880 0.103967 -0.439696
v -0.439696 0.103967 -0.367880
v -0.306912 0.074095 -0.384472
v -0.157658 0.055768 -0.398966
v -0.000000 0.049508 -0.404717
v 0.157658 0.055768 -0.398966
v 0.306912 0.074095 -0.384472
v 0.439696 0.103967 -0.367880
v -0.384472 0.074095 -0.306912
v -0.238433 0.048134 -0.319496
v -0.080781 0.034963 -0.327887
v 0.080781 0.034963 -0.327887
v 0.238433 0.048134 -0.319496
v 0.384472 0.074095 -0.306912
v -0.460954 0.082186 -0.229801
v -0.319496 0.048134 -0.238433
v -0.163444 0.027600 -0.246547
v -0.000000 0.020765 -0.249917
v 0.163444 0.027600 -0.246547
v 0.319496 0.048134 -0.238433
v 0.460954 0.082186 -0.229801
v -0.398966 0.055768 -0.157658
v -0.246547 0.027600 -0.163444
v -0.083380 0.013950 -0.167494
v 0.083380 0.013950 -0.167494
v 0.246547 0.027600 -0.163444
v 0.398966 0.055768 -0.157658
v -0.474107 0.070769 -0.078117
v -0.327887 0.034963 -0.080781
v -0.167494 0.013950 -0.083380
v -0.000000 0.008345 -0.084488
v 0.167494 0.013950 -0.083380
v 0.327887 0.034963 -0.080781
v 0.474107 0.070769 -0.078117
v -0.404717 0.049508 0.000000
v -0.249917 0.020765 0.000000
v -0.084488 0.008345 0.000000
v 0.084488 0.008345 0.000000
v 0.249917 0.020765 -0.000000
v 0.404717 0.049508 -0.000000
v -0.474107 0.070769 0.078117
v -0.327887 0.034963 0.080781
v -0.167494 0.013950 0.083380
v 0.000000 0.008345 0.084488
v 0.167494 0.013950 0.083380
v 0.327887 0.034963 0.080781
v 0.474107 0.070769 0.078117
v -0.398966 0.055768 0.157658
v -0.246547 0.027600 0.163444
v -0.083380 0.013950 0.167494
v 0.083380 0.013950 0.167494
v 0.246547 0.027600 0.163444
v 0.398966 0.055768 0.157658
v -0.460954 0.082186 0.229801
v -0.319496 0.048134 0.238433
v -0.163444 0.027600 0.246547
v 0.000000 0.020765 0.249917
v 0.163444 0.027600 0.246547
v 0.319496 0.048134 0.238433
v 0.460954 0.082186 0.229801
v -0.384472 0.074095 0.306912
v -0.238433 0.048134 0.319496
v -0.080781 0.034963 0.327887
v 0.080781 0.034963 0.327887
v 0.238433 0.048134 0.319496
v 0.384472 0.074095 0.306912
v -0.439696 0.103967 0.367880
v -0.306912 0.074095 0.384472
v -0.157658 0.055768 0.398966
v 0.000000 0.049507 0.404717
v 0.157658 0.055768 0.398966
v 0.306912 0.074095 0.384472
v 0.439696 0.103967 0.367880
v -0.367880 0.103967 0.439696
v -0.229801 0.082186 0.460954
v -0.078117 0.070769 0.474107
v 0.078117 0.070769 0.474107
v 0.229801 0.082186 0.460954
v 0.367880 0.103967 0.439696
v -0.420600 0.135406 -0.483348
v -0.296984 0.112871 -0.511814
v -0.153322 0.097941 -0.533672
v 0.000000 0.092646 -0.541864
v 0.153322 0.097941 -0.533672
v 0.296984 0.112871 -0.511814
v 0.420600 0.135406 -0.483348
v 0.483348 0.135406 -0.420600
v 0.511814 0.112871 -0.296984
v 0.533672 0.097941 -0.153322
v 0.541864 0.092646 -0.000000
v 0.533672 0.097941 0.153322
v 0.511814 0.112871 0.296984
v 0.483348 0.135406 0.420600
v 0.420600 0.135406 0.483348
v 0.296984 0.112871 0.511814
v 0.153322 0.097941 0.533672
v 0.000000 0.092646 0.541864
v -0.153322 0.097941 0.533672
v -0.296984 0.112871 0.511814
v -0.420600 0.135406 0.483348
v -0.483348 0.135406 0.420600
v -0.511814 0.112871 0.296984
v -0.533672 0.097941 0.153322
v -0.541864 0.092646 -0.000000
v -0.533672 0.097941 -0.153322
v -0.511814 0.112871 -0.296984
v -0.483348 0.135406 -0.420600
v 0.634874 0.238190 -0.441317
v 0.684484 0.309877 -0.466980
v 0.720804 0.390736 -0.489508
v 0.744384 0.477009 -0.505334
v 0.756723 0.564432 -0.513796
v 0.760456 0.648254 -0.516374
v 0.633532 0.201501 -0.368446
v 0.696842 0.269608 -0.387304
v 0.743384 0.347727 -0.407463
v 0.775133 0.432601 -0.423833
v 0.793760 0.520499 -0.434064
v 0.801835 0.606974 -0.438563
v 0.802367 0.687272 -0.438887
v 0.694327 0.229692 -0.308036
v 0.752833 0.305041 -0.323676
v 0.793941 0.388157 -0.338565
v 0.819960 0.475774 -0.349433
v 0.833472 0.563950 -0.355299
v 0.837543 0.648124 -0.357091
v 0.676791 0.190722 -0.230152
v 0.748678 0.262975 -0.240186
v 0.800370 0.343950 -0.251806
v 0.834815 0.430652 -0.261730
v 0.854805 0.519641 -0.268044
v 0.863445 0.606688 -0.270831
v 0.863995 0.687214 -0.271034
v 0.730795 0.222252 -0.158233
v 0.794080 0.300467 -0.165583
v 0.837909 0.385613 -0.172956
v 0.865342 0.474541 -0.178479
v 0.879535 0.563467 -0.181480
v 0.883800 0.647995 -0.182398
v 0.699463 0.184046 -0.078236
v 0.774970 0.258536 -0.081375
v 0.828974 0.341286 -0.085160
v 0.864691 0.429245 -0.088482
v 0.885341 0.519019 -0.090616
v 0.894253 0.606480 -0.091559
v 0.894809 0.687173 -0.091628
v 0.743250 0.219295 0.000000
v 0.807930 0.298558 0.000000
v 0.852592 0.384520 -0.000000
v 0.880478 0.474006 -0.000000
v 0.894893 0.563258 0.000000
v 0.899219 0.647939 0.000000
v 0.699463 0.184046 0.078236
v 0.774970 0.258536 0.081375
v 0.828974 0.341286 0.085160
v 0.864691 0.429245 0.088482
v 0.885341 0.519019 0.090616
v 0.894253 0.606480 0.091559
v 0.894810 0.687173 0.091628
v 0.730795 0.222252 0.158233
v 0.794080 0.300467 0.165583
v 0.837909 0.385613 0.172956
v 0.865342 0.474541 0.178479
v 0.879535 0.563467 0.181480
v 0.883800 0.647995 0.182398
v 0.676791 0.190722 0.230152
v 0.748678 0.262975 0.240186
v 0.800370 0.343950 0.251806
v 0.834815 0.430652 0.261730
v 0.854804 0.519641 0.268044
v 0.863444 0.606688 0.270831
v 0.863995 0.687214 0.271034
v 0.694327 0.229692 0.308036
v 0.752833 0.305041 0.323676
v 0.793941 0.388157 0.338565
v 0.819960 0.475774 0.349433
v 0.833472 0.563950 0.355299
v 0.837543 0.648124 0.357091
v 0.633532 0.201501 0.368446
v 0.696842 0.269608 0.387304
v 0.743384 0.347727 0.407463
v 0.775133 0.432601 0.423833
v 0.793760 0.520499 0.434064
v 0.801835 0.606974 0.438563
v 0.802367 0.687272 0.438887
v 0.634874 0.238191 0.441317
v 0.684484 0.309877 0.466980
v 0.720804 0.390736 0.489508
v 0.744384 0.477009 0.505334
v 0.756723 0.564432 0.513796
v 0.760456 0.648254 0.516374
v 0.571093 0.211177 -0.484094
v 0.619404 0.274825 -0.515581
v 0.658089 0.350537 -0.544993
v 0.685740 0.434020 -0.567399
v 0.702267 0.521121 -0.581094
v 0.709465 0.607181 -0.587090
v 0.709956 0.687313 -0.587512
v 0.758471 0.723632 -0.515041
v 0.835346 0.723614 -0.356172
v 0.881470 0.723597 -0.181930
v 0.896845 0.723590 0.000000
v 0.881470 0.723597 0.181930
v 0.835345 0.723614 0.356172
v 0.758471 0.723632 0.515041
v 0.709956 0.687313 0.587512
v 0.709464 0.607181 0.587090
v 0.702266 0.521121 0.581094
v 0.685740 0.434020 0.567399
v 0.658089 0.350537 0.544993
v 0.619404 0.274825 0.515581
v 0.571093 0.211177 0.484094
v 0.570498 0.179305 0.420807
v 0.615206 0.164931 0.297129
v 0.644825 0.153890 0.153396
v 0.655328 0.149751 -0.000000
v 0.644825 0.153889 -0.153396
v 0.615206 0.164931 -0.297129
v 0.570498 0.179305 -0.420807
v -0.441317 0.238190 -0.634874
v -0.466980 0.309877 -0.684484
v -0.489508 0.390736 -0.720804
v -0.505334 0.477009 -0.744384
v -0.513796 0.564432 -0.756723
v -0.516374 0.648254 -0.760456
v -0.368446 0.201501 -0.633532
v -0.387304 0.269608 -0.696842
v -0.407463 0.347727 -0.743384
v -0.423833 0.432601 -0.775133
v -0.434064 0.520499 -0.793760
v -0.438563 0.606974 -0.801835
v -0.438887 0.687272 -0.802367
v -0.308036 0.229692 -0.694327
v -0.323676 0.305041 -0.752833
v -0.338565 0.388157 -0.793941
v -0.349433 0.475774 -0.819960
v -0.355299 0.563950 -0.833472
v -0.357091 0.648124 -0.837543
v -0.230152 0.190722 -0.676791
v -0.240186 0.262975 -0.748678
v -0.251806 0.343950 -0.800370
v -0.261730 0.430652 -0.834815
v -0.268044 0.519641 -0.854805
v -0.270831 0.606688 -0.863445
v -0.271034 0.687214 -0.863995
v -0.158233 0.222252 -0.730795
v -0.165583 0.300467 -0.794080
v -0.172956 0.385613 -0.837909
v -0.178479 0.474541 -0.865342
v -0.181480 0.563467 -0.879535
v -0.182398 0.647995 -0.883800
v -0.078236 0.184046 -0.699463
v -0.081375 0.258536 -0.774970
v -0.085160 0.341286 -0.828974
v -0.088482 0.429245 -0.864691
v -0.090616 0.519019 -0.885341
v -0.091559 0.606480 -0.894253
v -0.091628 0.687173 -0.894809
v 0.000000 0.219295 -0.743250
v 0.000000 0.298558 -0.807930
v 0.000000 0.384520 -0.852592
v 0.000000 0.474006 -0.880478
v 0.000000 0.563258 -0.894893
v 0.000000 0.647939 -0.899219
v 0.078236 0.184046 -0.699463
v 0.081375 0.258536 -0.774970
v 0.085160 0.341286 -0.828974
v 0.088482 0.429245 -0.864691
v 0.090616 0.519019 -0.885341
v 0.091559 0.606480 -0.894253
v 0.091628 0.687173 -0.894810
v 0.158233 0.222252 -0.730795
v 0.165583 0.300467 -0.794080
v 0.172956 0.385613 -0.837909
v 0.178479 0.474541 -0.865342
v 0.181480 0.563467 -0.879535
v 0.182398 0.647995 -0.883800
v 0.230152 0.190722 -0.676791
v 0.240186 0.262975 -0.748678
v 0.251806 0.343950 -0.800370
v 0.261730 0.430652 -0.834815
v 0.268044 0.519641 -0.854804
v 0.270831 0.606688 -0.863444
v 0.271034 0.687214 -0.863995
v 0.308036 0.229692 -0.694327
v 0.323676 0.305041 -0.752833
v 0.338565 0.388157 -0.793941
v 0.349433 0.475774 -0.819960
v 0.355299 0.563950 -0.833472
v 0.357091 0.648124 -0.837543
v 0.368446 0.201501 -0.633532
v 0.387304 0.269608 -0.696842
v 0.407463 0.347727 -0.743384
v 0.423833 0.432601 -0.775133
v 0.434064 0.520499 -0.793760
v 0.438563 0.606974 -0.801835
v 0.438887 0.687272 -0.802367
v 0.441317 0.238191 -0.634874
v 0.466980 0.309877 -0.684484
v 0.489508 0.390736 -0.720804
v 0.505334 0.477009 -0.744384
v 0.513796 0.564432 -0.756723
v 0.516374 0.648254 -0.760456
v -0.484094 0.211177 -0.571093
v -0.515581 0.274825 -0.619404
v -0.544993 0.350537 -0.658089
v -0.567399 0.434020 -0.685740
v -0.581094 0.521121 -0.702267
v -0.587090 0.607181 -0.709465
v -0.587512 0.687313 -0.709956
v -0.515041 0.723632 -0.758471
v -0.356172 0.723614 -0.835346
v -0.181930 0.723597 -0.881470
v 0.000000 0.723590 -0.896845
v 0.181930 0.723597 -0.881470
v 0.356172 0.723614 -0.835345
v 0.515041 0.723632 -0.758471
v 0.587512 0.687313 -0.709956
v 0.587090 0.607181 -0.709464
v 0.581094 0.521121 -0.702266
v 0.567399 0.434020 -0.685740
v 0.544993 0.350537 -0.658089
v 0.515581 0.274825 -0.619404
v 0.484094 0.211177 -0.571093
v 0.420807 0.179305 -0.570498
v 0.297129 0.164931 -0.615206
v 0.153396 0.153890 -0.644825
v 0.000000 0.149751 -0.655328
v -0.153396 0.153889 -0.644825
v -0.297129 0.164931 -0.615206
v -0.420807 0.179305 -0.570498
v 0.400566 0.699555 -0.732310
v 0.247369 0.699501 -0.788557
v 0.083628 0.699461 -0.816681
v -0.083628 0.699461 -0.816681
v -0.247369 0.699501 -0.788557
v -0.400566 0.699555 -0.732310
v 0.468806 0.662534 -0.690402
v 0.324196 0.662411 -0.760388
v 0.165596 0.662288 -0.802383
v 0.000000 0.662234 -0.816382
v -0.165596 0.662288 -0.802383
v -0.324196 0.662411 -0.760388
v -0.468806 0.662534 -0.690402
v 0.396367 0.623365 -0.724687
v 0.244773 0.623094 -0.780367
v 0.082750 0.622897 -0.808212
v -0.082750 0.622897 -0.808212
v -0.244773 0.623094 -0.780367
v -0.396367 0.623365 -0.724687
v 0.462590 0.583000 -0.681305
v 0.319889 0.582543 -0.750405
v 0.163394 0.582085 -0.791876
v 0.000000 0.581887 -0.805703
v -0.163394 0.582085 -0.791876
v -0.319889 0.582543 -0.750404
v -0.462590 0.583000 -0.681305
v 0.389559 0.541315 -0.712373
v 0.240562 0.540501 -0.767158
v 0.081325 0.539911 -0.794562
v -0.081325 0.539911 -0.794562
v -0.240562 0.540501 -0.767158
v -0.389559 0.541315 -0.712373
v 0.452333 0.500051 -0.666309
v 0.312783 0.498879 -0.733958
v 0.159760 0.497708 -0.774578
v 0.000000 0.497201 -0.788127
v -0.159760 0.497708 -0.774578
v -0.312783 0.498879 -0.733958
v -0.452333 0.500051 -0.666309
v 0.378576 0.457915 -0.692363
v 0.233783 0.456065 -0.745671
v 0.079034 0.454730 -0.772356
v -0.079034 0.454730 -0.772356
v -0.233783 0.456065 -0.745671
v -0.378576 0.457915 -0.692363
v 0.436505 0.418191 -0.642757
v 0.301905 0.415745 -0.707974
v 0.154228 0.413330 -0.747181
v 0.000000 0.412293 -0.760274
v -0.154228 0.413330 -0.747181
v -0.301905 0.415745 -0.707974
v -0.436504 0.418191 -0.642757
v 0.362873 0.377383 -0.662037
v 0.224249 0.373800 -0.712787
v 0.075840 0.371272 -0.738261
v -0.075840 0.371272 -0.738261
v -0.224249 0.373800 -0.712787
v -0.362873 0.377383 -0.662037
v 0.415478 0.341469 -0.608998
v 0.287977 0.336881 -0.669811
v 0.147320 0.332541 -0.706509
v 0.000000 0.330729 -0.718832
v -0.147320 0.332541 -0.706509
v -0.287977 0.336881 -0.669811
v -0.415478 0.341469 -0.608998
v 0.344355 0.303261 -0.619575
v 0.213550 0.296967 -0.665665
v 0.072350 0.292755 -0.689042
v -0.072350 0.292755 -0.689042
v -0.213550 0.296967 -0.665665
v -0.344355 0.303261 -0.619575
v 0.392204 0.273451 -0.564228
v 0.273755 0.265387 -0.617067
v 0.140623 0.258328 -0.649477
v -0.000000 0.255522 -0.660547
v -0.140623 0.258328 -0.649477
v -0.273755 0.265387 -0.617067
v -0.392204 0.273451 -0.564228
v 0.327358 0.238638 -0.562889
v 0.204486 0.228411 -0.601325
v 0.069511 0.222077 -0.621469
v -0.069511 0.222077 -0.621469
v -0.204486 0.228411 -0.601325
v -0.327358 0.238638 -0.562889
v 0.472947 0.734054 -0.696481
v 0.327062 0.734038 -0.767072
v 0.167060 0.734021 -0.809427
v 0.000000 0.734014 -0.823546
v -0.167060 0.734021 -0.809427
v -0.327062 0.734038 -0.767072
v -0.472946 0.734054 -0.696481
v -0.536215 0.699594 -0.647968
v -0.530603 0.623562 -0.641204
v -0.521514 0.541905 -0.630262
v -0.506812 0.459261 -0.612516
v -0.485354 0.380049 -0.586074
v -0.458408 0.308211 -0.550722
v -0.430111 0.247820 -0.507410
v -0.373833 0.217578 -0.506817
v -0.263960 0.203939 -0.546535
v -0.136272 0.193463 -0.572848
v -0.000000 0.189536 -0.582179
v 0.136272 0.193463 -0.572848
v 0.263960 0.203939 -0.546535
v 0.373833 0.217578 -0.506817
v 0.430111 0.247820 -0.507410
v 0.458408 0.308211 -0.550722
v 0.485354 0.380049 -0.586074
v 0.506812 0.459261 -0.612516
v 0.521514 0.541905 -0.630262
v 0.530603 0.623562 -0.641204
v 0.536215 0.699594 -0.647968
v -0.792145 0.811799 -0.433304
v -0.852982 0.811799 -0.267587
v -0.883401 0.811799 -0.090463
v -0.883401 0.811799 0.090463
v -0.852982 0.811799 0.267587
v -0.792145 0.811799 0.433304
v -0.746950 0.833519 -0.507220
v -0.822655 0.833519 -0.350764
v -0.868077 0.833519 -0.179167
v -0.883218 0.833519 -0.000000
v -0.868077 0.833519 0.179167
v -0.822655 0.833519 0.350764
v -0.746950 0.833519 0.507220
v -0.784808 0.851337 -0.429290
v -0.845081 0.851337 -0.265108
v -0.875218 0.851337 -0.089625
v -0.875218 0.851337 0.089625
v -0.845081 0.851337 0.265108
v -0.784808 0.851337 0.429290
v -0.739622 0.865265 -0.502243
v -0.814584 0.865265 -0.347322
v -0.859561 0.865265 -0.177409
v -0.874553 0.865265 -0.000000
v -0.859561 0.865265 0.177409
v -0.814584 0.865265 0.347322
v -0.739622 0.865265 0.502243
v -0.776761 0.875315 -0.424888
v -0.836416 0.875315 -0.262390
v -0.866244 0.875315 -0.088706
v -0.866244 0.875315 0.088706
v -0.836416 0.875315 0.262390
v -0.776761 0.875315 0.424888
v -0.731789 0.881501 -0.496925
v -0.805957 0.881501 -0.343644
v -0.850458 0.881501 -0.175531
v -0.865291 0.881501 -0.000000
v -0.850458 0.881501 0.175531
v -0.805957 0.881501 0.343644
v -0.731789 0.881501 0.496924
v -0.768358 0.883834 -0.420292
v -0.827368 0.883834 -0.259551
v -0.856873 0.883834 -0.087747
v -0.856873 0.883834 0.087747
v -0.827368 0.883834 0.259551
v -0.768358 0.883834 0.420292
v -0.723789 0.882328 -0.491492
v -0.797146 0.882328 -0.339887
v -0.841160 0.882328 -0.173611
v -0.855831 0.882328 -0.000000
v -0.841160 0.882328 0.173611
v -0.797146 0.882328 0.339887
v -0.723789 0.882328 0.491492
v -0.759956 0.876995 -0.415696
v -0.818321 0.876995 -0.256713
v -0.847503 0.876995 -0.086787
v -0.847503 0.876995 0.086787
v -0.818321 0.876995 0.256713
v -0.759956 0.876995 0.415696
v -0.715956 0.867848 -0.486173
v -0.788519 0.867848 -0.336209
v -0.832057 0.867848 -0.171733
v -0.846570 0.867848 0.000000
v -0.832057 0.867848 0.171733
v -0.788519 0.867848 0.336209
v -0.715956 0.867848 0.486173
v -0.751908 0.854899 -0.411294
v -0.809655 0.854899 -0.253995
v -0.838528 0.854899 -0.085868
v -0.838528 0.854899 0.085868
v -0.809655 0.854899 0.253995
v -0.751909 0.854899 0.411294
v -0.708628 0.838160 -0.481197
v -0.780448 0.838160 -0.332768
v -0.823540 0.838160 -0.169975
v -0.837904 0.838160 0.000000
v -0.823540 0.838160 0.169975
v -0.780448 0.838160 0.332768
v -0.708628 0.838160 0.481197
v -0.744571 0.817646 -0.407280
v -0.801754 0.817646 -0.251516
v -0.830346 0.817646 -0.085030
v -0.830346 0.817646 0.085030
v -0.801754 0.817646 0.251516
v -0.744571 0.817646 0.407280
v -0.753429 0.786181 -0.511619
v -0.829790 0.786180 -0.353806
v -0.875607 0.786180 -0.180721
v -0.890879 0.786179 -0.000000
v -0.875607 0.786180 0.180721
v -0.829790 0.786180 0.353806
v -0.753429 0.786181 0.511619
v -0.700917 0.811799 0.580035
v -0.694424 0.851337 0.574663
v -0.687304 0.875315 0.568770
v -0.679869 0.883834 0.562617
v -0.672434 0.876995 0.556465
v -0.665314 0.854899 0.550573
v -0.658821 0.817646 0.545200
v -0.702129 0.793383 0.476783
v -0.773291 0.793382 0.329716
v -0.815988 0.793381 0.168416
v -0.830220 0.793381 0.000000
v -0.815988 0.793381 -0.168416
v -0.773291 0.793382 -0.329716
v -0.702129 0.793382 -0.476783
v -0.658821 0.817646 -0.545200
v -0.665314 0.854899 -0.550573
v -0.672434 0.876995 -0.556465
v -0.679869 0.883834 -0.562618
v -0.687304 0.875315 -0.568770
v -0.694424 0.851337 -0.574663
v -0.700917 0.811799 -0.580035
v 0.792145 0.811799 0.433304
v 0.852982 0.811799 0.267587
v 0.883401 0.811799 0.090463
v 0.883401 0.811799 -0.090463
v 0.852982 0.811799 -0.267587
v 0.792145 0.811799 -0.433304
v 0.746950 0.833519 0.507220
v 0.822655 0.833519 0.350764
v 0.868077 0.833519 0.179167
v 0.883218 0.833519 -0.000000
v 0.868077 0.833519 -0.179167
v 0.822655 0.833519 -0.350764
v 0.746950 0.833519 -0.507220
v 0.784808 0.851337 0.429290
v 0.845081 0.851337 0.265108
v 0.875218 0.851337 0.089625
v 0.875218 0.851337 -0.089625
v 0.845081 0.851337 -0.265108
v 0.784808 0.851337 -0.429290
v 0.739622 0.865265 0.502243
v 0.814584 0.865265 0.347322
v 0.859561 0.865265 0.177409
v 0.874553 0.865265 -0.000000
v 0.859561 0.865265 -0.177409
v 0.814584 0.865265 -0.347322
v 0.739622 0.865265 -0.502243
v 0.776761 0.875315 0.424888
v 0.836416 0.875315 0.262390
v 0.866243 0.875315 0.088706
v 0.866244 0.875315 -0.088706
v 0.836416 0.875315 -0.262390
v 0.776761 0.875315 -0.424888
v 0.731789 0.881501 0.496925
v 0.805957 0.881501 0.343644
v 0.850458 0.881501 0.175531
v 0.865292 0.881501 0.000000
v 0.850458 0.881501 -0.175531
v 0.805957 0.881501 -0.343644
v 0.731789 0.881501 -0.496924
v 0.768358 0.883834 0.420292
v 0.827368 0.883834 0.259551
v 0.856873 0.883834 0.087747
v 0.856873 0.883834 -0.087747
v 0.827368 0.883834 -0.259551
v 0.768358 0.883834 -0.420292
v 0.723789 0.882328 0.491492
v 0.797146 0.882328 0.339887
v 0.841160 0.882328 0.173611
v 0.855831 0.882328 0.000000
v 0.841160 0.882328 -0.173611
v 0.797146 0.882328 -0.339887
v 0.723789 0.882328 -0.491492
v 0.759956 0.876995 0.415696
v 0.818321 0.876995 0.256713
v 0.847503 0.876995 0.086787
v 0.847503 0.876995 -0.086787
v 0.818321 0.876995 -0.256713
v 0.759956 0.876995 -0.415696
v 0.715956 0.867848 0.486173
v 0.788519 0.867848 0.336209
v 0.832057 0.867848 0.171733
v 0.846570 0.867848 0.000000
v 0.832057 0.867848 -0.171733
v 0.788519 0.867848 -0.336209
v 0.715956 0.867848 -0.486173
v 0.751908 0.854899 0.411294
v 0.809655 0.854899 0.253995
v 0.838528 0.854899 0.085868
v 0.838528 0.854899 -0.085868
v 0.809655 0.854899 -0.253995
v 0.751908 0.854899 -0.411294
v 0.708628 0.838160 0.481197
v 0.780448 0.838160 0.332768
v 0.823540 0.838160 0.169975
v 0.837904 0.838160 0.000000
v 0.823540 0.838160 -0.169975
v 0.780448 0.838160 -0.332768
v 0.708628 0.838160 -0.481197
v 0.744571 0.817646 0.407280
v 0.801754 0.817646 0.251516
v 0.830346 0.817646 0.085030
v 0.830346 0.817646 -0.085030
v 0.801754 0.817646 -0.251516
v 0.744571 0.817646 -0.407280
v 0.753429 0.786181 0.511619
v 0.829790 0.786180 0.353806
v 0.875607 0.786180 0.180721
v 0.890879 0.786179 0.000000
v 0.875607 0.786180 -0.180721
v 0.829790 0.786180 -0.353806
v 0.753429 0.786181 -0.511619
v 0.700917 0.811799 -0.580035
v 0.694424 0.851337 -0.574663
v 0.687304 0.875315 -0.568770
v 0.679869 0.883834 -0.562618
v 0.672434 0.876995 -0.556465
v 0.665314 0.854899 -0.550573
v 0.658821 0.817646 -0.545200
v 0.702129 0.793382 -0.476783
v 0.773291 0.793382 -0.329716
v 0.815988 0.793381 -0.168416
v 0.830220 0.793381 0.000000
v 0.815988 0.793382 0.168416
v 0.773291 0.793382 0.329716
v 0.702129 0.793382 0.476783
v 0.658821 0.817646 0.545200
v 0.665314 0.854899 0.550573
v 0.672434 0.876995 0.556465
v 0.679869 0.883834 0.562618
v 0.687304 0.875315 0.568770
v 0.694424 0.851337 0.574663
v 0.700917 0.811799 0.580035
v 0.433304 0.811799 -0.792145
v 0.267587 0.811799 -0.852982
v 0.090463 0.811799 -0.883401
v -0.090463 0.811799 -0.883401
v -0.267587 0.811799 -0.852982
v -0.433304 0.811799 -0.792145
v 0.507220 0.833519 -0.746950
v 0.350764 0.833519 -0.822655
v 0.179167 0.833519 -0.868077
v -0.000000 0.833519 -0.883218
v -0.179167 0.833519 -0.868077
v -0.350764 0.833519 -0.822655
v -0.507220 0.833519 -0.746950
v 0.429290 0.851337 -0.784808
v 0.265108 0.851337 -0.845081
v 0.089625 0.851337 -0.875218
v -0.089625 0.851337 -0.875218
v -0.265108 0.851337 -0.845081
v -0.429290 0.851337 -0.784808
v 0.502243 0.865265 -0.739622
v 0.347322 0.865265 -0.814584
v 0.177409 0.865265 -0.859561
v -0.000000 0.865265 -0.874553
v -0.177409 0.865265 -0.859561
v -0.347322 0.865265 -0.814584
v -0.502243 0.865265 -0.739622
v 0.424888 0.875315 -0.776761
v 0.262390 0.875315 -0.836416
v 0.088706 0.875315 -0.866243
v -0.088706 0.875315 -0.866244
v -0.262390 0.875315 -0.836416
v -0.424888 0.875315 -0.776761
v 0.496925 0.881501 -0.731789
v 0.343644 0.881501 -0.805957
v 0.175531 0.881501 -0.850458
v 0.000000 0.881501 -0.865292
v -0.175531 0.881501 -0.850458
v -0.343644 0.881501 -0.805957
v -0.496924 0.881501 -0.731789
v 0.420292 0.883834 -0.768358
v 0.259551 0.883834 -0.827368
v 0.087747 0.883834 -0.856873
v -0.087747 0.883834 -0.856873
v -0.259551 0.883834 -0.827368
v -0.420292 0.883834 -0.768358
v 0.491492 0.882328 -0.723789
v 0.339887 0.882328 -0.797146
v 0.173611 0.882328 -0.841160
v 0.000000 0.882328 -0.855831
v -0.173611 0.882328 -0.841160
v -0.339887 0.882328 -0.797146
v -0.491492 0.882328 -0.723789
v 0.415696 0.876995 -0.759956
v 0.256713 0.876995 -0.818321
v 0.086787 0.876995 -0.847503
v -0.086787 0.876995 -0.847503
v -0.256713 0.876995 -0.818321
v -0.415696 0.876995 -0.759956
v 0.486173 0.867848 -0.715956
v 0.336209 0.867848 -0.788519
v 0.171733 0.867848 -0.832057
v 0.000000 0.867848 -0.846570
v -0.171733 0.867848 -0.832057
v -0.336209 0.867848 -0.788519
v -0.486173 0.867848 -0.715956
v 0.411294 0.854899 -0.751908
v 0.253995 0.854899 -0.809655
v 0.085868 0.854899 -0.838528
v -0.085868 0.854899 -0.838528
v -0.253995 0.854899 -0.809655
v -0.411294 0.854899 -0.751908
v 0.481197 0.838160 -0.708628
v 0.332768 0.838160 -0.780448
v 0.169975 0.838160 -0.823540
v 0.000000 0.838160 -0.837904
v -0.169975 0.838160 -0.823540
v -0.332768 0.838160 -0.780448
v -0.481197 0.838160 -0.708628
v 0.407280 0.817646 -0.744571
v 0.251516 0.817646 -0.801754
v 0.085030 0.817646 -0.830346
v -0.085030 0.817646 -0.830346
v -0.251516 0.817646 -0.801754
v -0.407280 0.817646 -0.744571
v 0.511619 0.786181 -0.753429
v 0.353806 0.786180 -0.829790
v 0.180721 0.786180 -0.875607
v 0.000000 0.786179 -0.890879
v -0.180721 0.786180 -0.875607
v -0.353806 0.786180 -0.829790
v -0.511619 0.786181 -0.753429
v -0.580035 0.811799 -0.700917
v -0.574663 0.851337 -0.694424
v -0.568770 0.875315 -0.687304
v -0.562618 0.883834 -0.679869
v -0.556465 0.876995 -0.672434
v -0.550573 0.854899 -0.665314
v -0.545200 0.817646 -0.658821
v -0.476783 0.793383 -0.702129
v -0.329716 0.793382 -0.773291
v -0.168416 0.793381 -0.815988
v -0.000000 0.793381 -0.830220
v 0.168416 0.793381 -0.815988
v 0.329716 0.793382 -0.773291
v 0.476783 0.793383 -0.702129
v 0.545200 0.817646 -0.658821
v 0.550573 0.854899 -0.665314
v 0.556465 0.876995 -0.672434
v 0.562618 0.883834 -0.679869
v 0.568770 0.875315 -0.687304
v 0.574663 0.851337 -0.694424
v 0.580035 0.811799 -0.700917
v 0.326794 0.146095 -0.390589
v 0.204137 0.125428 -0.409473
v 0.069393 0.114595 -0.421157
v -0.069393 0.114595 -0.421157
v -0.204137 0.125428 -0.409473
v -0.326794 0.146095 -0.390589
v 0.390589 0.146095 -0.326794
v 0.272635 0.117751 -0.341533
v 0.140050 0.100362 -0.354408
v 0.000000 0.094422 -0.359517
v -0.140050 0.100362 -0.354408
v -0.272635 0.117751 -0.341533
v -0.390589 0.146095 -0.326794
v 0.341533 0.117751 -0.272635
v 0.211804 0.093119 -0.283814
v 0.071760 0.080621 -0.291267
v -0.071760 0.080621 -0.291267
v -0.211804 0.093119 -0.283814
v -0.341533 0.117751 -0.272635
v 0.409473 0.125428 -0.204137
v 0.283814 0.093119 -0.211804
v 0.145190 0.073613 -0.219012
v 0.000000 0.067062 -0.222006
v -0.145190 0.073613 -0.219011
v -0.283814 0.093119 -0.211804
v -0.409473 0.125428 -0.204136
v 0.354408 0.100362 -0.140050
v 0.219012 0.073613 -0.145190
v 0.074068 0.060179 -0.148787
v -0.074068 0.060179 -0.148787
v -0.219012 0.073613 -0.145190
v -0.354408 0.100362 -0.140050
v 0.421157 0.114595 -0.069393
v 0.291267 0.080621 -0.071760
v 0.148787 0.060179 -0.074068
v -0.000000 0.053348 -0.075052
v -0.148787 0.060179 -0.074068
v -0.291267 0.080621 -0.071760
v -0.421157 0.114595 -0.069393
v 0.359517 0.094422 -0.000000
v 0.222006 0.067062 -0.000000
v 0.075052 0.053348 -0.000000
v -0.075052 0.053348 -0.000000
v -0.222006 0.067062 0.000000
v -0.359517 0.094422 0.000000
v 0.421157 0.114595 0.069393
v 0.291267 0.080621 0.071760
v 0.148787 0.060179 0.074068
v -0.000000 0.053348 0.075052
v -0.148787 0.060179 0.074068
v -0.291267 0.080621 0.071760
v -0.421157 0.114595 0.069393
v 0.354408 0.100362 0.140050
v 0.219012 0.073613 0.145190
v 0.074068 0.060179 0.148787
v -0.074068 0.060179 0.148787
v -0.219012 0.073613 0.145190
v -0.354408 0.100362 0.140050
v 0.409473 0.125428 0.204136
v 0.283814 0.093119 0.211804
v 0.145190 0.073613 0.219012
v -0.000000 0.067062 0.222006
v -0.145190 0.073613 0.219012
v -0.283814 0.093119 0.211804
v -0.409473 0.125428 0.204137
v 0.341533 0.117751 0.272635
v 0.211804 0.093119 0.283814
v 0.071760 0.080621 0.291267
v -0.071760 0.080621 0.291267
v -0.211804 0.093119 0.283814
v -0.341533 0.117751 0.272635
v 0.390589 0.146095 0.326794
v 0.272635 0.117751 0.341533
v 0.140050 0.100362 0.354408
v -0.000000 0.094422 0.359517
v -0.140050 0.100362 0.354408
v -0.272635 0.117751 0.341533
v -0.390589 0.146095 0.326794
v 0.326794 0.146095 0.390589
v 0.204137 0.125428 0.409473
v 0.069393 0.114595 0.421157
v -0.069393 0.114595 0.421157
v -0.204137 0.125428 0.409473
v -0.326794 0.146095 0.390589
v 0.373626 0.175925 -0.429368
v 0.263817 0.154544 -0.454655
v 0.136199 0.140377 -0.474071
v -0.000000 0.135353 -0.481348
v -0.136199 0.140377 -0.474071
v -0.263817 0.154544 -0.454654
v -0.373626 0.175925 -0.429368
v -0.429368 0.175925 -0.373626
v -0.454654 0.154544 -0.263817
v -0.474071 0.140377 -0.136199
v -0.481348 0.135353 0.000000
v -0.474071 0.140377 0.136199
v -0.454654 0.154544 0.263817
v -0.429368 0.175925 0.373626
v -0.373626 0.175925 0.429368
v -0.263817 0.154544 0.454654
v -0.136199 0.140377 0.474071
v -0.000000 0.135353 0.481348
v 0.136199 0.140377 0.474071
v 0.263817 0.154544 0.454654
v 0.373626 0.175925 0.429368
v 0.429368 0.175925 0.373626
v 0.454654 0.154544 0.263817
v 0.474071 0.140377 0.136199
v 0.481348 0.135353 -0.000000
v 0.474071 0.140377 -0.136199
v 0.454654 0.154544 -0.263817
v 0.429368 0.175925 -0.373626
v 0.732310 0.699555 0.400566
v 0.788557 0.699501 0.247369
v 0.816681 0.699461 0.083628
v 0.816681 0.699461 -0.083628
v 0.788557 0.699501 -0.247369
v 0.732310 0.699555 -0.400566
v 0.690402 0.662534 0.468806
v 0.760388 0.662411 0.324196
v 0.802383 0.662288 0.165596
v 0.816382 0.662234 0.000000
v 0.802383 0.662288 -0.165596
v 0.760388 0.662411 -0.324196
v 0.690402 0.662534 -0.468806
v 0.724687 0.623365 0.396367
v 0.780367 0.623094 0.244773
v 0.808212 0.622897 0.082750
v 0.808212 0.622897 -0.082750
v 0.780367 0.623094 -0.244773
v 0.724687 0.623365 -0.396367
v 0.681305 0.583000 0.462590
v 0.750405 0.582543 0.319889
v 0.791876 0.582085 0.163394
v 0.805703 0.581887 0.000000
v 0.791876 0.582085 -0.163394
v 0.750404 0.582543 -0.319889
v 0.681305 0.583000 -0.462590
v 0.712373 0.541315 0.389559
v 0.767158 0.540501 0.240562
v 0.794563 0.539911 0.081325
v 0.794562 0.539911 -0.081325
v 0.767158 0.540501 -0.240562
v 0.712373 0.541315 -0.389559
v 0.666309 0.500051 0.452333
v 0.733958 0.498879 0.312783
v 0.774578 0.497708 0.159760
v 0.788127 0.497201 0.000000
v 0.774578 0.497708 -0.159760
v 0.733958 0.498879 -0.312783
v 0.666309 0.500051 -0.452333
v 0.692363 0.457915 0.378576
v 0.745671 0.456065 0.233783
v 0.772356 0.454730 0.079034
v 0.772356 0.454730 -0.079034
v 0.745671 0.456065 -0.233783
v 0.692363 0.457915 -0.378576
v 0.642757 0.418191 0.436505
v 0.707974 0.415745 0.301905
v 0.747181 0.413330 0.154228
v 0.760274 0.412293 0.000000
v 0.747181 0.413330 -0.154228
v 0.707974 0.415745 -0.301905
v 0.642757 0.418191 -0.436505
v 0.662037 0.377383 0.362873
v 0.712787 0.373800 0.224249
v 0.738261 0.371272 0.075840
v 0.738261 0.371272 -0.075840
v 0.712787 0.373800 -0.224249
v 0.662037 0.377383 -0.362873
v 0.608998 0.341469 0.415478
v 0.669811 0.336881 0.287977
v 0.706509 0.332541 0.147320
v 0.718832 0.330729 0.000000
v 0.706509 0.332541 -0.147320
v 0.669811 0.336881 -0.287977
v 0.608998 0.341469 -0.415478
v 0.619575 0.303261 0.344355
v 0.665665 0.296967 0.213550
v 0.689042 0.292755 0.072350
v 0.689042 0.292755 -0.072350
v 0.665665 0.296967 -0.213550
v 0.619575 0.303261 -0.344355
v 0.564228 0.273451 0.392204
v 0.617067 0.265387 0.273754
v 0.649477 0.258328 0.140623
v 0.660547 0.255522 -0.000000
v 0.649477 0.258328 -0.140623
v 0.617067 0.265387 -0.273754
v 0.564228 0.273451 -0.392204
v 0.562889 0.238638 0.327358
v 0.601325 0.228411 0.204486
v 0.621469 0.222077 0.069511
v 0.621469 0.222077 -0.069511
v 0.601325 0.228411 -0.204486
v 0.562889 0.238638 -0.327358
v 0.696481 0.734054 0.472946
v 0.767072 0.734038 0.327062
v 0.809427 0.734021 0.167060
v 0.823546 0.734014 0.000000
v 0.809427 0.734021 -0.167060
v 0.767072 0.734038 -0.327062
v 0.696481 0.734054 -0.472946
v 0.647968 0.699594 -0.536215
v 0.641204 0.623562 -0.530603
v 0.630262 0.541905 -0.521514
v 0.612516 0.459261 -0.506812
v 0.586074 0.380049 -0.485354
v 0.550722 0.308211 -0.458408
v 0.507410 0.247820 -0.430111
v 0.506817 0.217578 -0.373833
v 0.546535 0.203939 -0.263960
v 0.572848 0.193463 -0.136272
v 0.582179 0.189536 -0.000000
v 0.572848 0.193463 0.136272
v 0.546535 0.203939 0.263960
v 0.506817 0.217578 0.373834
v 0.507410 0.247820 0.430111
v 0.550722 0.308211 0.458408
v 0.586074 0.380049 0.485354
v 0.612516 0.459261 0.506812
v 0.630262 0.541905 0.521514
v 0.641204 0.623562 0.530603
v 0.647968 0.699594 0.536215
v -0.732310 0.699555 -0.400566
v -0.788557 0.699501 -0.247369
v -0.816681 0.699461 -0.083628
v -0.816681 0.699461 0.083628
v -0.788557 0.699501 0.247369
v -0.732310 0.699555 0.400566
v -0.690402 0.662534 -0.468806
v -0.760388 0.662411 -0.324196
v -0.802383 0.662288 -0.165596
v -0.816382 0.662234 -0.000000
v -0.802383 0.662288 0.165596
v -0.760388 0.662411 0.324196
v -0.690402 0.662534 0.468806
v -0.724687 0.623365 -0.396367
v -0.780367 0.623094 -0.244773
v -0.808212 0.622897 -0.082750
v -0.808212 0.622897 0.082750
v -0.780367 0.623094 0.244773
v -0.724687 0.623365 0.396367
v -0.681305 0.583000 -0.462590
v -0.750404 0.582543 -0.319889
v -0.791876 0.582085 -0.163394
v -0.805703 0.581887 -0.000000
v -0.791876 0.582085 0.163394
v -0.750404 0.582543 0.319889
v -0.681305 0.583000 0.462589
v -0.712373 0.541315 -0.389559
v -0.767158 0.540501 -0.240562
v -0.794562 0.539911 -0.081325
v -0.794562 0.539911 0.081325
v -0.767158 0.540501 0.240562
v -0.712373 0.541315 0.389559
v -0.666309 0.500051 -0.452333
v -0.733958 0.498879 -0.312783
v -0.774578 0.497708 -0.159760
v -0.788127 0.497201 -0.000000
v -0.774578 0.497708 0.159760
v -0.733958 0.498879 0.312783
v -0.666309 0.500051 0.452333
v -0.692363 0.457915 -0.378576
v -0.745671 0.456065 -0.233783
v -0.772356 0.454730 -0.079034
v -0.772356 0.454730 0.079034
v -0.745671 0.456065 0.233783
v -0.692363 0.457915 0.378576
v -0.642757 0.418191 -0.436505
v -0.707974 0.415745 -0.301905
v -0.747181 0.413330 -0.154228
v -0.760274 0.412293 -0.000000
v -0.747181 0.413330 0.154228
v -0.707974 0.415745 0.301905
v -0.642757 0.418191 0.436504
v -0.662037 0.377383 -0.362873
v -0.712787 0.373800 -0.224249
v -0.738261 0.371272 -0.075840
v -0.738261 0.371272 0.075840
v -0.712787 0.373800 0.224249
v -0.662037 0.377383 0.362873
v -0.608998 0.341469 -0.415478
v -0.669811 0.336881 -0.287977
v -0.706509 0.332541 -0.147320
v -0.718832 0.330729 0.000000
v -0.706509 0.332541 0.147320
v -0.669811 0.336881 0.287977
v -0.608998 0.341469 0.415478
v -0.619575 0.303261 -0.344355
v -0.665665 0.296967 -0.213550
v -0.689042 0.292755 -0.072350
v -0.689042 0.292755 0.072350
v -0.665665 0.296967 0.213550
v -0.619575 0.303261 0.344355
v -0.564228 0.273451 -0.392204
v -0.617067 0.265387 -0.273754
v -0.649477 0.258328 -0.140623
v -0.660547 0.255522 0.000000
v -0.649477 0.258328 0.140623
v -0.617067 0.265387 0.273755
v -0.564228 0.273451 0.392204
v -0.562889 0.238638 -0.327358
v -0.601325 0.228411 -0.204486
v -0.621469 0.222077 -0.069511
v -0.621469 0.222077 0.069511
v -0.601325 0.228411 0.204486
v -0.562889 0.238638 0.327358
v -0.696481 0.734054 -0.472946
v -0.767072 0.734038 -0.327062
v -0.809427 0.734021 -0.167060
v -0.823546 0.734014 0.000000
v -0.809427 0.734021 0.167060
v -0.767072 0.734038 0.327062
v -0.696481 0.734054 0.472946
v -0.647968 0.699594 0.536215
v -0.641203 0.623562 0.530603
v -0.630262 0.541905 0.521514
v -0.612516 0.459261 0.506812
v -0.586074 0.380049 0.485354
v -0.550722 0.308211 0.458408
v -0.507410 0.247820 0.430111
v -0.506817 0.217578 0.373833
v -0.546535 0.203939 0.263960
v -0.572848 0.193463 0.136272
v -0.582179 0.189536 0.000000
v -0.572848 0.193463 -0.136272
v -0.546535 0.203939 -0.263960
v -0.506817 0.217578 -0.373833
v -0.507410 0.247820 -0.430111
v -0.550722 0.308211 -0.458408
v -0.586074 0.380049 -0.485354
v -0.612516 0.459261 -0.506812
v -0.630262 0.541905 -0.521514
v -0.641204 0.623562 -0.530603
v -0.647968 0.699594 -0.536215
v -0.400566 0.699555 0.732310
v -0.247369 0.699501 0.788557
v -0.083628 0.699461 0.816681
v 0.083628 0.699461 0.816681
v 0.247369 0.699501 0.788557
v 0.400566 0.699555 0.732310
v -0.468806 0.662534 0.690402
v -0.324196 0.662411 0.760388
v -0.165596 0.662288 0.802383
v -0.000000 0.662234 0.816382
v 0.165596 0.662288 0.802383
v 0.324196 0.662411 0.760388
v 0.468806 0.662534 0.690402
v -0.396367 0.623365 0.724687
v -0.244773 0.623094 0.780367
v -0.082750 0.622897 0.808212
v 0.082750 0.622897 0.808212
v 0.244773 0.623094 0.780367
v 0.396367 0.623365 0.724687
v -0.462590 0.583000 0.681305
v -0.319889 0.582543 0.750404
v -0.163394 0.582085 0.791876
v -0.000000 0.581887 0.805703
v 0.163394 0.582085 0.791876
v 0.319889 0.582543 0.750404
v 0.462590 0.583000 0.681305
v -0.389559 0.541315 0.712373
v -0.240562 0.540501 0.767158
v -0.081325 0.539911 0.794562
v 0.081325 0.539911 0.794562
v 0.240562 0.540501 0.767158
v 0.389559 0.541315 0.712373
v -0.452333 0.500051 0.666309
v -0.312783 0.498879 0.733958
v -0.159760 0.497708 0.774578
v -0.000000 0.497201 0.788127
v 0.159760 0.497708 0.774578
v 0.312783 0.498879 0.733958
v 0.452333 0.500051 0.666309
v -0.378576 0.457915 0.692363
v -0.233783 0.456065 0.745671
v -0.079034 0.454730 0.772356
v 0.079034 0.454730 0.772356
v 0.233783 0.456065 0.745671
v 0.378576 0.457915 0.692363
v -0.436505 0.418191 0.642757
v -0.301905 0.415745 0.707974
v -0.154228 0.413330 0.747181
v -0.000000 0.412293 0.760274
v 0.154228 0.413330 0.747181
v 0.301905 0.415745 0.707974
v 0.436505 0.418191 0.642757
v -0.362873 0.377383 0.662037
v -0.224249 0.373800 0.712787
v -0.075840 0.371272 0.738261
v 0.075840 0.371272 0.738261
v 0.224249 0.373800 0.712787
v 0.362873 0.377383 0.662037
v -0.415478 0.341469 0.608998
v -0.287977 0.336881 0.669811
v -0.147320 0.332541 0.706509
v 0.000000 0.330729 0.718832
v 0.147320 0.332541 0.706509
v 0.287977 0.336881 0.669811
v 0.415478 0.341469 0.608997
v -0.344355 0.303261 0.619575
v -0.213550 0.296967 0.665665
v -0.072350 0.292755 0.689042
v 0.072350 0.292755 0.689042
v 0.213550 0.296967 0.665665
v 0.344355 0.303261 0.619575
v -0.392204 0.273451 0.564228
v -0.273754 0.265387 0.617067
v -0.140623 0.258328 0.649477
v 0.000000 0.255522 0.660547
v 0.140623 0.258328 0.649477
v 0.273755 0.265387 0.617067
v 0.392204 0.273451 0.564228
v -0.327358 0.238638 0.562889
v -0.204486 0.228411 0.601325
v -0.069511 0.222077 0.621469
v 0.069511 0.222077 0.621469
v 0.204486 0.228411 0.601325
v 0.327358 0.238638 0.562889
v -0.472946 0.734054 0.696481
v -0.327062 0.734038 0.767072
v -0.167060 0.734021 0.809427
v -0.000000 0.734014 0.823546
v 0.167060 0.734021 0.809427
v 0.327062 0.734038 0.767072
v 0.472946 0.734054 0.696481
v 0.536215 0.699594 0.647968
v 0.530603 0.623562 0.641204
v 0.521514 0.541905 0.630262
v 0.506812 0.459261 0.612516
v 0.485354 0.380049 0.586074
v 0.458408 0.308211 0.550722
v 0.430111 0.247820 0.507410
v 0.373833 0.217578 0.506817
v 0.263960 0.203939 0.546535
v 0.136272 0.193463 0.572848
v -0.000000 0.189536 0.582179
v -0.136272 0.193463 0.572848
v -0.263960 0.203939 0.546535
v -0.373833 0.217578 0.506817
v -0.430111 0.247820 0.507410
v -0.458408 0.308211 0.550722
v -0.485354 0.380049 0.586074
v -0.506812 0.459261 0.612516
v -0.521514 0.541905 0.630261
v -0.530603 0.623562 0.641204
v -0.536215 0.699594 0.647968
v -0.431357 0.833519 0.788588
v -0.266385 0.833519 0.849151
v -0.090057 0.833519 0.879433
v 0.090057 0.833519 0.879433
v 0.266385 0.833519 0.849151
v 0.431357 0.833519 0.788588
v -0.427125 0.865265 0.780851
v -0.263771 0.865265 0.840820
v -0.089173 0.865265 0.870805
v 0.089173 0.865265 0.870805
v 0.263771 0.865265 0.840820
v 0.427125 0.865265 0.780851
v -0.422602 0.881501 0.772582
v -0.260978 0.881501 0.831916
v -0.088229 0.881501 0.861583
v 0.088229 0.881501 0.861583
v 0.260978 0.881501 0.831916
v 0.422602 0.881501 0.772582
v -0.417982 0.882328 0.764135
v -0.258125 0.882328 0.822820
v -0.087264 0.882328 0.852163
v 0.087264 0.882328 0.852163
v 0.258125 0.882328 0.822820
v 0.417982 0.882328 0.764135
v -0.413458 0.867848 0.755866
v -0.255331 0.867848 0.813916
v -0.086320 0.867848 0.842941
v 0.086320 0.867848 0.842941
v 0.255331 0.867848 0.813916
v 0.413458 0.867848 0.755866
v -0.409227 0.838160 0.748129
v -0.252718 0.838160 0.805585
v -0.085436 0.838160 0.834313
v 0.085436 0.838160 0.834313
v 0.252718 0.838160 0.805585
v 0.409227 0.838160 0.748129
v -0.582438 0.786181 0.703821
v -0.435099 0.786181 0.795427
v -0.268695 0.786180 0.856516
v -0.090838 0.786180 0.887061
v 0.090838 0.786180 0.887061
v 0.268695 0.786180 0.856516
v 0.435099 0.786181 0.795428
v 0.582438 0.786181 0.703821
v 0.577430 0.833519 0.697769
v 0.571765 0.865265 0.690923
v 0.565710 0.881501 0.683606
v 0.559525 0.882328 0.676132
v 0.553470 0.867848 0.668815
v 0.547805 0.838160 0.661969
v 0.542781 0.793383 0.655898
v 0.405473 0.793382 0.741268
v 0.250400 0.793382 0.798197
v 0.084653 0.793381 0.826662
v -0.084653 0.793381 0.826662
v -0.250400 0.793382 0.798197
v -0.405474 0.793382 0.741268
v -0.542781 0.793383 0.655899
v -0.547805 0.838160 0.661969
v -0.553470 0.867848 0.668815
v -0.559525 0.882328 0.676132
v -0.565710 0.881501 0.683606
v -0.571765 0.865265 0.690923
v -0.577430 0.833519 0.697769
v 0.377211 0.234120 0.667488
v 0.397614 0.307610 0.722058
v 0.416324 0.389539 0.761016
v 0.429735 0.476438 0.785943
v 0.436942 0.564209 0.798932
v 0.439141 0.648194 0.802853
v 0.234708 0.225584 0.715474
v 0.246029 0.302553 0.776853
v 0.257137 0.386786 0.819578
v 0.265367 0.475111 0.846429
v 0.269826 0.563690 0.860341
v 0.271190 0.648055 0.864526
v 0.079646 0.220072 0.740110
v 0.083261 0.299066 0.804458
v 0.086937 0.384813 0.848919
v 0.089710 0.474150 0.876693
v 0.091219 0.563315 0.891053
v 0.091681 0.647954 0.895364
v -0.079646 0.220072 0.740110
v -0.083261 0.299066 0.804458
v -0.086937 0.384813 0.848919
v -0.089710 0.474150 0.876693
v -0.091219 0.563315 0.891053
v -0.091681 0.647954 0.895364
v -0.234708 0.225584 0.715474
v -0.246029 0.302553 0.776853
v -0.257137 0.386786 0.819578
v -0.265367 0.475111 0.846429
v -0.269826 0.563690 0.860341
v -0.271190 0.648055 0.864526
v -0.377211 0.234120 0.667488
v -0.397613 0.307610 0.722058
v -0.416324 0.389539 0.761016
v -0.429735 0.476438 0.785943
v -0.436942 0.564209 0.798932
v -0.439141 0.648194 0.802853
v 0.471199 0.185557 0.543774
v 0.499526 0.241170 0.596290
v 0.530956 0.311459 0.640068
v 0.557235 0.391559 0.673334
v 0.575316 0.477400 0.695314
v 0.584930 0.564584 0.706874
v 0.587856 0.648295 0.710378
v 0.586335 0.723637 0.708530
v 0.438009 0.723624 0.800752
v 0.270492 0.723605 0.862252
v 0.091445 0.723592 0.893002
v -0.091445 0.723592 0.893002
v -0.270492 0.723605 0.862252
v -0.438009 0.723624 0.800752
v -0.586335 0.723637 0.708530
v -0.587856 0.648295 0.710378
v -0.584930 0.564584 0.706874
v -0.575316 0.477400 0.695314
v -0.557235 0.391559 0.673334
v -0.530956 0.311459 0.640068
v -0.499526 0.241170 0.596290
v -0.471199 0.185557 0.543774
v -0.362237 0.172061 0.594406
v -0.227080 0.158715 0.632190
v -0.077299 0.150821 0.652650
v 0.077299 0.150821 0.652650
v 0.227080 0.158715 0.632190
v 0.362237 0.172061 0.594406
v -0.667488 0.234120 0.377211
v -0.722058 0.307610 0.397614
v -0.761016 0.389539 0.416324
v -0.785943 0.476438 0.429735
v -0.798932 0.564209 0.436942
v -0.802853 0.648194 0.439141
v -0.715474 0.225584 0.234708
v -0.776853 0.302553 0.246029
v -0.819578 0.386786 0.257137
v -0.846429 0.475111 0.265367
v -0.860341 0.563690 0.269826
v -0.864526 0.648055 0.271190
v -0.740110 0.220072 0.079646
v -0.804458 0.299066 0.083261
v -0.848919 0.384813 0.086937
v -0.876693 0.474150 0.089710
v -0.891053 0.563315 0.091219
v -0.895364 0.647954 0.091681
v -0.740110 0.220072 -0.079646
v -0.804458 0.299066 -0.083261
v -0.848919 0.384813 -0.086937
v -0.876693 0.474150 -0.089710
v -0.891053 0.563315 -0.091219
v -0.895364 0.647954 -0.091681
v -0.715474 0.225584 -0.234708
v -0.776853 0.302553 -0.246029
v -0.819578 0.386786 -0.257137
v -0.846429 0.475111 -0.265367
v -0.860341 0.563690 -0.269826
v -0.864526 0.648055 -0.271190
v -0.667488 0.234120 -0.377211
v -0.722058 0.307610 -0.397613
v -0.761016 0.389539 -0.416324
v -0.785943 0.476438 -0.429735
v -0.798932 0.564209 -0.436942
v -0.802853 0.648194 -0.439141
v -0.543774 0.185557 0.471199
v -0.596290 0.241170 0.499526
v -0.640068 0.311459 0.530956
v -0.673334 0.391559 0.557235
v -0.695314 0.477400 0.575316
v -0.706874 0.564584 0.584930
v -0.710378 0.648295 0.587856
v -0.708530 0.723637 0.586335
v -0.800752 0.723624 0.438009
v -0.862252 0.723605 0.270492
v -0.893001 0.723592 0.091445
v -0.893002 0.723592 -0.091445
v -0.862252 0.723605 -0.270492
v -0.800752 0.723624 -0.438009
v -0.708530 0.723637 -0.586335
v -0.710378 0.648295 -0.587856
v -0.706874 0.564584 -0.584930
v -0.695314 0.477400 -0.575316
v -0.673334 0.391559 -0.557235
v -0.640068 0.311459 -0.530956
v -0.596290 0.241170 -0.499526
v -0.543774 0.185557 -0.471199
v -0.594406 0.172061 -0.362237
v -0.632190 0.158715 -0.227080
v -0.652650 0.150821 -0.077299
v -0.652650 0.150821 0.077299
v -0.632190 0.158715 0.227080
v -0.594406 0.172061 0.362237
v -0.375831 0.087581 -0.375831
v -0.233853 0.063468 -0.392480
v -0.079357 0.051086 -0.403208
v 0.079357 0.051086 -0.403208
v 0.233853 0.063468 -0.392480
v 0.375831 0.087581 -0.375831
v -0.392480 0.063468 -0.233853
v -0.242852 0.036167 -0.242852
v -0.082186 0.022470 -0.249021
v 0.082186 0.022470 -0.249021
v 0.242852 0.036167 -0.242852
v 0.392480 0.063468 -0.233853
v -0.403208 0.051086 -0.079357
v -0.249021 0.022470 -0.082186
v -0.084191 0.009549 -0.084191
v 0.084191 0.009549 -0.084191
v 0.249021 0.022470 -0.082186
v 0.403208 0.051086 -0.079357
v -0.403208 0.051086 0.079357
v -0.249021 0.022470 0.082186
v -0.084191 0.009549 0.084191
v 0.084191 0.009549 0.084191
v 0.249021 0.022470 0.082186
v 0.403208 0.051086 0.079357
v -0.392480 0.063468 0.233853
v -0.242852 0.036167 0.242852
v -0.082186 0.022470 0.249021
v 0.082186 0.022470 0.249021
v 0.242852 0.036167 0.242852
v 0.392480 0.063468 0.233853
v -0.375831 0.087581 0.375831
v -0.233853 0.063468 0.392480
v -0.079357 0.051086 0.403208
v 0.079357 0.051086 0.403208
v 0.233853 0.063468 0.392480
v 0.375831 0.087581 0.375831
v -0.470971 0.148878 -0.470971
v -0.362060 0.123356 -0.497695
v -0.226971 0.104310 -0.524121
v -0.077262 0.093996 -0.539746
v 0.077262 0.093996 -0.539746
v 0.226971 0.104310 -0.524121
v 0.362060 0.123356 -0.497695
v 0.470971 0.148878 -0.470971
v 0.497695 0.123356 -0.362060
v 0.524121 0.104310 -0.226971
v 0.539746 0.093996 -0.077262
v 0.539746 0.093996 0.077262
v 0.524121 0.104310 0.226971
v 0.497695 0.123356 0.362060
v 0.470971 0.148878 0.470971
v 0.362060 0.123356 0.497695
v 0.226971 0.104310 0.524121
v 0.077262 0.093996 0.539746
v -0.077262 0.093996 0.539746
v -0.226971 0.104310 0.524121
v -0.362060 0.123356 0.497695
v -0.470971 0.148878 0.470971
v -0.497695 0.123356 0.362060
v -0.524121 0.104310 0.226971
v -0.539746 0.093996 0.077262
v -0.539746 0.093996 -0.077262
v -0.524121 0.104310 -0.226971
v -0.497695 0.123356 -0.362060
v 0.667488 0.234120 -0.377211
v 0.722058 0.307610 -0.397614
v 0.761016 0.389539 -0.416324
v 0.785943 0.476438 -0.429735
v 0.798932 0.564209 -0.436942
v 0.802853 0.648194 -0.439141
v 0.715474 0.225584 -0.234708
v 0.776853 0.302553 -0.246029
v 0.819578 0.386786 -0.257137
v 0.846429 0.475111 -0.265367
v 0.860341 0.563690 -0.269826
v 0.864526 0.648055 -0.271190
v 0.740110 0.220072 -0.079646
v 0.804458 0.299066 -0.083261
v 0.848919 0.384813 -0.086937
v 0.876693 0.474150 -0.089710
v 0.891053 0.563315 -0.091219
v 0.895364 0.647954 -0.091681
v 0.740110 0.220072 0.079646
v 0.804458 0.299066 0.083261
v 0.848919 0.384813 0.086937
v 0.876693 0.474150 0.089710
v 0.891053 0.563315 0.091219
v 0.895364 0.647954 0.091681
v 0.715474 0.225584 0.234708
v 0.776853 0.302553 0.246029
v 0.819578 0.386786 0.257137
v 0.846429 0.475111 0.265367
v 0.860341 0.563690 0.269826
v 0.864526 0.648055 0.271190
v 0.667488 0.234120 0.377211
v 0.722058 0.307610 0.397613
v 0.761016 0.389539 0.416324
v 0.785943 0.476438 0.429735
v 0.798932 0.564209 0.436942
v 0.802853 0.648194 0.439141
v 0.543774 0.185557 -0.471199
v 0.596290 0.241170 -0.499526
v 0.640068 0.311459 -0.530956
v 0.673334 0.391559 -0.557235
v 0.695314 0.477400 -0.575316
v 0.706874 0.564584 -0.584930
v 0.710378 0.648295 -0.587856
v 0.708530 0.723637 -0.586335
v 0.800752 0.723624 -0.438009
v 0.862252 0.723605 -0.270492
v 0.893002 0.723592 -0.091445
v 0.893002 0.723592 0.091445
v 0.862252 0.723605 0.270492
v 0.800752 0.723624 0.438009
v 0.708530 0.723637 0.586335
v 0.710378 0.648295 0.587856
v 0.706874 0.564584 0.584930
v 0.695314 0.477400 0.575316
v 0.673334 0.391559 0.557235
v 0.640068 0.311459 0.530956
v 0.596290 0.241170 0.499526
v 0.543774 0.185557 0.471199
v 0.594406 0.172061 0.362237
v 0.632190 0.158715 0.227080
v 0.652650 0.150821 0.077299
v 0.652650 0.150821 -0.077299
v 0.632190 0.158715 -0.227080
v 0.594406 0.172061 -0.362237
v -0.377211 0.234120 -0.667488
v -0.397614 0.307610 -0.722058
v -0.416324 0.389539 -0.761016
v -0.429735 0.476438 -0.785943
v -0.436942 0.564209 -0.798932
v -0.439141 0.648194 -0.802853
v -0.234708 0.225584 -0.715474
v -0.246029 0.302553 -0.776853
v -0.257137 0.386786 -0.819578
v -0.265367 0.475111 -0.846429
v -0.269826 0.563690 -0.860341
v -0.271190 0.648055 -0.864526
v -0.079646 0.220072 -0.740110
v -0.083261 0.299066 -0.804458
v -0.086937 0.384813 -0.848919
v -0.089710 0.474150 -0.876693
v -0.091219 0.563315 -0.891053
v -0.091681 0.647954 -0.895364
v 0.079646 0.220072 -0.740110
v 0.083261 0.299066 -0.804458
v 0.086937 0.384813 -0.848919
v 0.089710 0.474150 -0.876693
v 0.091219 0.563315 -0.891053
v 0.091681 0.647954 -0.895364
v 0.234708 0.225584 -0.715474
v 0.246029 0.302553 -0.776853
v 0.257137 0.386786 -0.819578
v 0.265367 0.475111 -0.846429
v 0.269826 0.563690 -0.860341
v 0.271190 0.648055 -0.864526
v 0.377211 0.234120 -0.667488
v 0.397613 0.307610 -0.722058
v 0.416324 0.389539 -0.761016
v 0.429735 0.476438 -0.785943
v 0.436942 0.564209 -0.798932
v 0.439141 0.648194 -0.802853
v -0.471199 0.185557 -0.543774
v -0.499526 0.241170 -0.596290
v -0.530956 0.311459 -0.640068
v -0.557235 0.391559 -0.673334
v -0.575316 0.477400 -0.695314
v -0.584930 0.564584 -0.706874
v -0.587856 0.648295 -0.710378
v -0.586335 0.723637 -0.708530
v -0.438009 0.723624 -0.800752
v -0.270492 0.723605 -0.862252
v -0.091445 0.723592 -0.893002
v 0.091445 0.723592 -0.893002
v 0.270492 0.723605 -0.862252
v 0.438009 0.723624 -0.800752
v 0.586335 0.723637 -0.708530
v 0.587856 0.648295 -0.710378
v 0.584930 0.564584 -0.706874
v 0.575316 0.477400 -0.695314
v 0.557235 0.391559 -0.673334
v 0.530956 0.311459 -0.640068
v 0.499526 0.241170 -0.596290
v 0.471199 0.185557 -0.543774
v 0.362237 0.172061 -0.594406
v 0.227080 0.158715 -0.632190
v 0.077299 0.150821 -0.652650
v -0.077299 0.150821 -0.652650
v -0.227080 0.158715 -0.632190
v -0.362237 0.172061 -0.594406
v 0.398687 0.662477 -0.728894
v 0.246208 0.662345 -0.784885
v 0.083235 0.662249 -0.812882
v -0.083235 0.662249 -0.812882
v -0.246208 0.662345 -0.784885
v -0.398687 0.662477 -0.728894
v 0.393395 0.582789 -0.719307
v 0.242935 0.582297 -0.774595
v 0.082128 0.581940 -0.802246
v -0.082128 0.581940 -0.802246
v -0.242935 0.582297 -0.774595
v -0.393395 0.582789 -0.719307
v 0.384663 0.499509 -0.703509
v 0.237535 0.498250 -0.757649
v 0.080301 0.497338 -0.784739
v -0.080301 0.497338 -0.784739
v -0.237535 0.498250 -0.757649
v -0.384663 0.499509 -0.703509
v 0.371245 0.417056 -0.678614
v 0.229294 0.414443 -0.730834
v 0.077524 0.412572 -0.756998
v -0.077524 0.412572 -0.756998
v -0.229294 0.414443 -0.730834
v -0.371245 0.417056 -0.678614
v 0.353761 0.339319 -0.642429
v 0.218894 0.334521 -0.691182
v 0.074078 0.331212 -0.715743
v -0.074078 0.331212 -0.715743
v -0.218894 0.334521 -0.691182
v -0.353761 0.339319 -0.642429
v 0.335232 0.269589 -0.593213
v 0.208587 0.261489 -0.635861
v 0.070782 0.256259 -0.657755
v -0.070782 0.256259 -0.657755
v -0.208587 0.261489 -0.635861
v -0.335232 0.269589 -0.593213
v 0.538413 0.734059 -0.650622
v 0.402210 0.734047 -0.735306
v 0.248385 0.734029 -0.791779
v 0.083971 0.734016 -0.820016
v -0.083971 0.734016 -0.820016
v -0.248385 0.734029 -0.791779
v -0.402210 0.734046 -0.735306
v -0.538413 0.734059 -0.650622
v -0.533702 0.662573 -0.644938
v -0.526635 0.583145 -0.636424
v -0.514975 0.500422 -0.622386
v -0.496898 0.418972 -0.600426
v -0.472399 0.342971 -0.569479
v -0.443937 0.276278 -0.529936
v -0.418601 0.223510 -0.483076
v -0.321801 0.210705 -0.528057
v -0.201732 0.198041 -0.561624
v -0.068671 0.190551 -0.579800
v 0.068671 0.190551 -0.579800
v 0.201732 0.198041 -0.561624
v 0.321801 0.210705 -0.528057
v 0.418601 0.223510 -0.483076
v 0.443937 0.276278 -0.529936
v 0.472399 0.342971 -0.569479
v 0.496898 0.418972 -0.600426
v 0.514975 0.500422 -0.622386
v 0.526635 0.583145 -0.636425
v 0.533702 0.662573 -0.644938
v -0.788588 0.833519 -0.431357
v -0.849151 0.833519 -0.266385
v -0.879433 0.833519 -0.090057
v -0.879433 0.833519 0.090057
v -0.849151 0.833519 0.266385
v -0.788588 0.833519 0.431357
v -0.780851 0.865265 -0.427125
v -0.840820 0.865265 -0.263771
v -0.870805 0.865265 -0.089173
v -0.870805 0.865265 0.089173
v -0.840820 0.865265 0.263771
v -0.780851 0.865265 0.427125
v -0.772582 0.881501 -0.422602
v -0.831916 0.881501 -0.260978
v -0.861583 0.881501 -0.088229
v -0.861583 0.881501 0.088229
v -0.831916 0.881501 0.260978
v -0.772582 0.881501 0.422602
v -0.764135 0.882328 -0.417982
v -0.822820 0.882328 -0.258125
v -0.852163 0.882328 -0.087264
v -0.852163 0.882328 0.087264
v -0.822820 0.882328 0.258125
v -0.764135 0.882328 0.417982
v -0.755866 0.867848 -0.413458
v -0.813916 0.867848 -0.255331
v -0.842941 0.867848 -0.086320
v -0.842941 0.867848 0.086320
v -0.813916 0.867848 0.255331
v -0.755866 0.867848 0.413458
v -0.748129 0.838160 -0.409227
v -0.805585 0.838160 -0.252718
v -0.834313 0.838160 -0.085436
v -0.834313 0.838160 0.085436
v -0.805585 0.838160 0.252718
v -0.748129 0.838160 0.409227
v -0.703821 0.786181 -0.582438
v -0.795427 0.786181 -0.435099
v -0.856516 0.786180 -0.268695
v -0.887061 0.786180 -0.090838
v -0.887061 0.786180 0.090838
v -0.856516 0.786180 0.268695
v -0.795427 0.786181 0.435099
v -0.703821 0.786181 0.582438
v -0.697769 0.833519 0.577430
v -0.690923 0.865265 0.571765
v -0.683606 0.881501 0.565710
v -0.676132 0.882328 0.559525
v -0.668815 0.867848 0.553470
v -0.661969 0.838160 0.547805
v -0.655898 0.793383 0.542781
v -0.741268 0.793382 0.405473
v -0.798197 0.793382 0.250400
v -0.826662 0.793381 0.084653
v -0.826662 0.793381 -0.084653
v -0.798197 0.793382 -0.250400
v -0.741268 0.793382 -0.405473
v -0.655899 0.793383 -0.542781
v -0.661969 0.838160 -0.547805
v -0.668815 0.867848 -0.553470
v -0.676132 0.882328 -0.559525
v -0.683606 0.881501 -0.565710
v -0.690923 0.865265 -0.571765
v -0.697769 0.833519 -0.577430
v 0.788588 0.833519 0.431357
v 0.849151 0.833519 0.266385
v 0.879433 0.833519 0.090057
v 0.879433 0.833519 -0.090057
v 0.849151 0.833519 -0.266385
v 0.788588 0.833519 -0.431357
v 0.780851 0.865265 0.427125
v 0.840820 0.865265 0.263771
v 0.870805 0.865265 0.089173
v 0.870805 0.865265 -0.089173
v 0.840820 0.865265 -0.263771
v 0.780851 0.865265 -0.427125
v 0.772582 0.881501 0.422602
v 0.831916 0.881501 0.260978
v 0.861583 0.881501 0.088229
v 0.861583 0.881501 -0.088229
v 0.831916 0.881501 -0.260978
v 0.772582 0.881501 -0.422602
v 0.764135 0.882328 0.417982
v 0.822820 0.882328 0.258125
v 0.852163 0.882328 0.087264
v 0.852163 0.882328 -0.087264
v 0.822820 0.882328 -0.258125
v 0.764135 0.882328 -0.417982
v 0.755866 0.867848 0.413459
v 0.813916 0.867848 0.255331
v 0.842941 0.867848 0.086320
v 0.842941 0.867848 -0.086320
v 0.813916 0.867848 -0.255331
v 0.755866 0.867848 -0.413458
v 0.748129 0.838160 0.409227
v 0.805585 0.838160 0.252718
v 0.834313 0.838160 0.085436
v 0.834313 0.838160 -0.085436
v 0.805585 0.838160 -0.252718
v 0.748129 0.838160 -0.409227
v 0.703821 0.786181 0.582438
v 0.795427 0.786181 0.435099
v 0.856516 0.786180 0.268695
v 0.887061 0.786180 0.090838
v 0.887061 0.786180 -0.090838
v 0.856516 0.786180 -0.268695
v 0.795427 0.786181 -0.435099
v 0.703821 0.786181 -0.582438
v 0.697769 0.833519 -0.577430
v 0.690923 0.865265 -0.571765
v 0.683606 0.881501 -0.565710
v 0.676132 0.882328 -0.559525
v 0.668815 0.867848 -0.553470
v 0.661969 0.838160 -0.547805
v 0.655898 0.793383 -0.542781
v 0.741268 0.793382 -0.405473
v 0.798197 0.793382 -0.250400
v 0.826662 0.793381 -0.084653
v 0.826662 0.793381 0.084653
v 0.798197 0.793382 0.250400
v 0.741268 0.793382 0.405473
v 0.655898 0.793383 0.542781
v 0.661969 0.838160 0.547805
v 0.668815 0.867848 0.553470
v 0.676132 0.882328 0.559525
v 0.683606 0.881501 0.565710
v 0.690923 0.865265 0.571765
v 0.697769 0.833519 0.577430
v 0.431357 0.833519 -0.788588
v 0.266385 0.833519 -0.849151
v 0.090057 0.833519 -0.879433
v -0.090057 0.833519 -0.879433
v -0.266385 0.833519 -0.849151
v -0.431357 0.833519 -0.788588
v 0.427125 0.865265 -0.780851
v 0.263771 0.865265 -0.840820
v 0.089173 0.865265 -0.870805
v -0.089173 0.865265 -0.870805
v -0.263771 0.865265 -0.840820
v -0.427125 0.865265 -0.780851
v 0.422602 0.881501 -0.772582
v 0.260978 0.881501 -0.831916
v 0.088229 0.881501 -0.861583
v -0.088229 0.881501 -0.861583
v -0.260978 0.881501 -0.831916
v -0.422602 0.881501 -0.772582
v 0.417982 0.882328 -0.764135
v 0.258125 0.882328 -0.822820
v 0.087264 0.882328 -0.852163
v -0.087264 0.882328 -0.852163
v -0.258125 0.882328 -0.822820
v -0.417982 0.882328 -0.764135
v 0.413459 0.867848 -0.755866
v 0.255331 0.867848 -0.813916
v 0.086320 0.867848 -0.842941
v -0.086320 0.867848 -0.842941
v -0.255331 0.867848 -0.813916
v -0.413458 0.867848 -0.755866
v 0.409227 0.838160 -0.748129
v 0.252718 0.838160 -0.805585
v 0.085436 0.838160 -0.834313
v -0.085436 0.838160 -0.834313
v -0.252718 0.838160 -0.805585
v -0.409227 0.838160 -0.748129
v 0.582438 0.786181 -0.703821
v 0.435099 0.786181 -0.795427
v 0.268695 0.786180 -0.856516
v 0.090838 0.786180 -0.887061
v -0.090838 0.786180 -0.887061
v -0.268695 0.786180 -0.856516
v -0.435099 0.786181 -0.795427
v -0.582438 0.786181 -0.703821
v -0.577430 0.833519 -0.697769
v -0.571765 0.865265 -0.690923
v -0.565710 0.881501 -0.683606
v -0.559525 0.882328 -0.676132
v -0.553470 0.867848 -0.668815
v -0.547805 0.838160 -0.661969
v -0.542781 0.793383 -0.655898
v -0.405473 0.793382 -0.741268
v -0.250400 0.793382 -0.798197
v -0.084653 0.793381 -0.826662
v 0.084653 0.793381 -0.826662
v 0.250400 0.793382 -0.798197
v 0.405473 0.793382 -0.741268
v 0.542781 0.793383 -0.655899
v 0.547805 0.838160 -0.661969
v 0.553470 0.867848 -0.668815
v 0.559525 0.882328 -0.676132
v 0.565710 0.881501 -0.683606
v 0.571765 0.865265 -0.690923
v 0.577430 0.833519 -0.697769
v 0.333857 0.130547 -0.333857
v 0.207736 0.107668 -0.348647
v 0.070494 0.095920 -0.358176
v -0.070494 0.095920 -0.358176
v -0.207736 0.107668 -0.348647
v -0.333857 0.130547 -0.333857
v 0.348647 0.107668 -0.207736
v 0.215729 0.081761 -0.215729
v 0.073007 0.068704 -0.221210
v -0.073007 0.068704 -0.221210
v -0.215729 0.081761 -0.215729
v -0.348647 0.107668 -0.207736
v 0.358176 0.095920 -0.070494
v 0.221210 0.068704 -0.073007
v 0.074788 0.055057 -0.074788
v -0.074788 0.055057 -0.074788
v -0.221210 0.068704 -0.073007
v -0.358176 0.095920 -0.070494
v 0.358176 0.095920 0.070494
v 0.221210 0.068704 0.073007
v 0.074788 0.055057 0.074788
v -0.074788 0.055057 0.074788
v -0.221210 0.068704 0.073007
v -0.358176 0.095920 0.070494
v 0.348647 0.107668 0.207736
v 0.215729 0.081761 0.215729
v 0.073007 0.068704 0.221210
v -0.073007 0.068704 0.221210
v -0.215729 0.081761 0.215729
v -0.348647 0.107668 0.207736
v 0.333857 0.130547 0.333857
v 0.207736 0.107668 0.348647
v 0.070494 0.095920 0.358176
v -0.070494 0.095920 0.358176
v -0.207736 0.107668 0.348647
v -0.333857 0.130547 0.333857
v 0.418373 0.188708 -0.418373
v 0.321625 0.164491 -0.442112
v 0.201622 0.146420 -0.465587
v 0.068634 0.136634 -0.479467
v -0.068634 0.136634 -0.479467
v -0.201622 0.146420 -0.465587
v -0.321624 0.164491 -0.442112
v -0.418373 0.188708 -0.418373
v -0.442112 0.164491 -0.321624
v -0.465587 0.146420 -0.201622
v -0.479467 0.136634 -0.068634
v -0.479467 0.136634 0.068634
v -0.465587 0.146420 0.201622
v -0.442112 0.164491 0.321625
v -0.418373 0.188708 0.418373
v -0.321625 0.164491 0.442112
v -0.201622 0.146420 0.465587
v -0.068634 0.136634 0.479467
v 0.068634 0.136634 0.479467
v 0.201622 0.146420 0.465587
v 0.321625 0.164491 0.442112
v 0.418373 0.188708 0.418373
v 0.442112 0.164491 0.321624
v 0.465587 0.146420 0.201622
v 0.479467 0.136634 0.068634
v 0.479467 0.136634 -0.068634
v 0.465587 0.146420 -0.201622
v 0.442112 0.164491 -0.321624
v 0.728894 0.662477 0.398687
v 0.784885 0.662345 0.246208
v 0.812882 0.662249 0.083235
v 0.812882 0.662249 -0.083235
v 0.784885 0.662345 -0.246208
v 0.728894 0.662477 -0.398687
v 0.719307 0.582789 0.393395
v 0.774595 0.582297 0.242935
v 0.802246 0.581940 0.082128
v 0.802246 0.581940 -0.082128
v 0.774595 0.582297 -0.242935
v 0.719307 0.582789 -0.393395
v 0.703509 0.499509 0.384663
v 0.757649 0.498250 0.237535
v 0.784739 0.497338 0.080301
v 0.784739 0.497338 -0.080301
v 0.757649 0.498250 -0.237535
v 0.703509 0.499509 -0.384663
v 0.678614 0.417056 0.371245
v 0.730834 0.414443 0.229294
v 0.756998 0.412572 0.077524
v 0.756998 0.412572 -0.077524
v 0.730834 0.414443 -0.229294
v 0.678614 0.417056 -0.371245
v 0.642429 0.339319 0.353761
v 0.691182 0.334521 0.218894
v 0.715743 0.331212 0.074078
v 0.715743 0.331212 -0.074078
v 0.691182 0.334521 -0.218894
v 0.642429 0.339319 -0.353761
v 0.593213 0.269589 0.335232
v 0.635861 0.261489 0.208587
v 0.657755 0.256259 0.070782
v 0.657755 0.256259 -0.070782
v 0.635861 0.261489 -0.208587
v 0.593213 0.269589 -0.335232
v 0.650622 0.734059 0.538413
v 0.735306 0.734046 0.402210
v 0.791779 0.734029 0.248385
v 0.820016 0.734016 0.083971
v 0.820016 0.734016 -0.083971
v 0.791779 0.734029 -0.248385
v 0.735306 0.734046 -0.402210
v 0.650622 0.734059 -0.538413
v 0.644938 0.662573 -0.533702
v 0.636424 0.583145 -0.526635
v 0.622386 0.500422 -0.514975
v 0.600426 0.418972 -0.496898
v 0.569479 0.342971 -0.472399
v 0.529936 0.276278 -0.443936
v 0.483076 0.223510 -0.418601
v 0.528057 0.210705 -0.321801
v 0.561624 0.198041 -0.201732
v 0.579801 0.190551 -0.068671
v 0.579800 0.190551 0.068671
v 0.561624 0.198041 0.201732
v 0.528057 0.210705 0.321801
v 0.483076 0.223510 0.418601
v 0.529936 0.276278 0.443937
v 0.569479 0.342971 0.472399
v 0.600426 0.418972 0.496898
v 0.622386 0.500422 0.514975
v 0.636425 0.583145 0.526635
v 0.644938 0.662573 0.533702
v -0.728894 0.662477 -0.398687
v -0.784885 0.662345 -0.246208
v -0.812882 0.662249 -0.083235
v -0.812882 0.662249 0.083235
v -0.784885 0.662345 0.246208
v -0.728894 0.662477 0.398687
v -0.719307 0.582789 -0.393395
v -0.774595 0.582297 -0.242935
v -0.802246 0.581940 -0.082128
v -0.802246 0.581940 0.082128
v -0.774595 0.582297 0.242935
v -0.719307 0.582789 0.393395
v -0.703509 0.499509 -0.384663
v -0.757649 0.498250 -0.237535
v -0.784739 0.497338 -0.080301
v -0.784739 0.497338 0.080301
v -0.757649 0.498250 0.237535
v -0.703509 0.499509 0.384663
v -0.678614 0.417056 -0.371245
v -0.730834 0.414443 -0.229294
v -0.756998 0.412572 -0.077524
v -0.756998 0.412572 0.077524
v -0.730834 0.414443 0.229294
v -0.678614 0.417056 0.371245
v -0.642429 0.339319 -0.353761
v -0.691182 0.334521 -0.218894
v -0.715743 0.331212 -0.074078
v -0.715743 0.331212 0.074078
v -0.691182 0.334521 0.218894
v -0.642429 0.339319 0.353761
v -0.593213 0.269589 -0.335232
v -0.635861 0.261489 -0.208587
v -0.657755 0.256259 -0.070782
v -0.657755 0.256259 0.070782
v -0.635861 0.261489 0.208587
v -0.593213 0.269589 0.335232
v -0.650622 0.734059 -0.538413
v -0.735306 0.734046 -0.402210
v -0.791779 0.734029 -0.248385
v -0.820016 0.734016 -0.083971
v -0.820016 0.734016 0.083971
v -0.791779 0.734029 0.248385
v -0.735306 0.734046 0.402210
v -0.650622 0.734059 0.538413
v -0.644938 0.662573 0.533702
v -0.636425 0.583145 0.526635
v -0.622386 0.500422 0.514975
v -0.600426 0.418972 0.496898
v -0.569479 0.342971 0.472399
v -0.529936 0.276278 0.443937
v -0.483076 0.223510 0.418601
v -0.528057 0.210705 0.321801
v -0.561624 0.198041 0.201732
v -0.579800 0.190551 0.068671
v -0.579800 0.190551 -0.068671
v -0.561624 0.198041 -0.201732
v -0.528057 0.210705 -0.321801
v -0.483076 0.223510 -0.418601
v -0.529936 0.276278 -0.443936
v -0.569479 0.342971 -0.472399
v -0.600426 0.418972 -0.496898
v -0.622386 0.500422 -0.514975
v -0.636424 0.583145 -0.526635
v -0.644938 0.662573 -0.533702
v -0.398687 0.662477 0.728894
v -0.246208 0.662345 0.784885
v -0.083235 0.662249 0.812882
v 0.083235 0.662249 0.812882
v 0.246208 0.662345 0.784885
v 0.398687 0.662477 0.728894
v -0.393395 0.582789 0.719307
v -0.242935 0.582297 0.774595
v -0.082128 0.581940 0.802246
v 0.082128 0.581940 0.802246
v 0.242935 0.582297 0.774595
v 0.393395 0.582789 0.719307
v -0.384663 0.499509 0.703509
v -0.237535 0.498250 0.757649
v -0.080301 0.497338 0.784739
v 0.080301 0.497338 0.784739
v 0.237535 0.498250 0.757649
v 0.384663 0.499509 0.703509
v -0.371245 0.417056 0.678614
v -0.229294 0.414443 0.730834
v -0.077524 0.412572 0.756998
v 0.077524 0.412572 0.756998
v 0.229294 0.414443 0.730834
v 0.371245 0.417056 0.678614
v -0.353761 0.339319 0.642429
v -0.218894 0.334521 0.691182
v -0.074078 0.331212 0.715743
v 0.074078 0.331212 0.715743
v 0.218894 0.334521 0.691182
v 0.353761 0.339319 0.642429
v -0.335232 0.269589 0.593213
v -0.208587 0.261489 0.635861
v -0.070782 0.256259 0.657755
v 0.070782 0.256259 0.657755
v 0.208587 0.261489 0.635861
v 0.335232 0.269589 0.593213
v -0.538413 0.734059 0.650622
v -0.402210 0.734046 0.735306
v -0.248385 0.734029 0.791779
v -0.083971 0.734016 0.820016
v 0.083971 0.734016 0.820016
v 0.248385 0.734029 0.791779
v 0.402210 0.734047 0.735306
v 0.538413 0.734059 0.650622
v 0.533702 0.662573 0.644938
v 0.526635 0.583145 0.636424
v 0.514975 0.500422 0.622386
v 0.496898 0.418972 0.600426
v 0.472399 0.342971 0.569479
v 0.443936 0.276278 0.529936
v 0.418601 0.223510 0.483076
v 0.321801 0.210705 0.528057
v 0.201732 0.198041 0.561624
v 0.068671 0.190551 0.579801
v -0.068671 0.190551 0.579800
v -0.201732 0.198041 0.561624
v -0.321801 0.210705 0.528057
v -0.418601 0.223510 0.483076
v -0.443937 0.276278 0.529936
v -0.472399 0.342971 0.569479
v -0.496898 0.418972 0.600426
v -0.514975 0.500422 0.622386
v -0.526635 0.583145 0.636424
v -0.533702 0.662573 0.644938
vn -0.1602 -0.9871 -0.0000
vn -0.1599 -0.9871 0.0105
vn -0.5946 -0.8031 0.0390
vn -0.5959 -0.8031 -0.0000
vn -0.1588 -0.9871 0.0209
vn -0.5908 -0.8031 0.0778
vn -0.7272 -0.6797 0.0957
vn -0.7319 -0.6797 0.0480
vn -0.7335 -0.6797 -0.0000
vn -0.4451 -0.8950 0.0292
vn -0.4460 -0.8950 -0.0000
vn -0.4422 -0.8950 0.0582
vn 0.0051 -1.0000 -0.0007
vn 0.0051 -1.0000 -0.0003
vn 0.0051 -1.0000 -0.0000
vn 0.4526 -0.8912 -0.0297
vn 0.4535 -0.8912 -0.0000
vn 0.4496 -0.8912 -0.0592
vn 0.7309 -0.6757 -0.0962
vn 0.7356 -0.6757 -0.0482
vn 0.7372 -0.6757 -0.0000
vn 0.8817 -0.4683 -0.0578
vn 0.8836 -0.4683 -0.0000
vn 0.8760 -0.4683 -0.1153
vn 0.9177 -0.3785 -0.1208
vn 0.9236 -0.3785 -0.0605
vn 0.9256 -0.3785 -0.0000
vn -0.1571 -0.9871 0.0313
vn -0.5845 -0.8031 0.1163
vn -0.1547 -0.9871 0.0415
vn -0.5756 -0.8031 0.1542
vn -0.7085 -0.6797 0.1898
vn -0.7194 -0.6797 0.1431
vn -0.4375 -0.8950 0.0870
vn -0.4308 -0.8950 0.1154
vn 0.0050 -1.0000 -0.0013
vn 0.0050 -1.0000 -0.0010
vn 0.4448 -0.8912 -0.0885
vn 0.4381 -0.8912 -0.1174
vn 0.7121 -0.6757 -0.1908
vn 0.7230 -0.6757 -0.1438
vn 0.8666 -0.4683 -0.1724
vn 0.8535 -0.4683 -0.2287
vn 0.8941 -0.3785 -0.2396
vn 0.9078 -0.3785 -0.1806
vn -0.1517 -0.9871 0.0515
vn -0.5643 -0.8031 0.1915
vn -0.1480 -0.9871 0.0613
vn -0.5505 -0.8031 0.2280
vn -0.6777 -0.6797 0.2807
vn -0.6946 -0.6797 0.2358
vn -0.4224 -0.8950 0.1434
vn -0.4121 -0.8950 0.1707
vn 0.0048 -1.0000 -0.0020
vn 0.0049 -1.0000 -0.0017
vn 0.4295 -0.8912 -0.1458
vn 0.4190 -0.8912 -0.1736
vn 0.6811 -0.6757 -0.2821
vn 0.6981 -0.6757 -0.2370
vn 0.8367 -0.4683 -0.2840
vn 0.8163 -0.4683 -0.3381
vn 0.8552 -0.3785 -0.3542
vn 0.8765 -0.3785 -0.2975
vn -0.1437 -0.9871 0.0709
vn -0.5345 -0.8031 0.2636
vn -0.1387 -0.9871 0.0801
vn -0.5161 -0.8031 0.2980
vn -0.6352 -0.6797 0.3668
vn -0.6579 -0.6797 0.3244
vn -0.4000 -0.8950 0.1973
vn -0.3863 -0.8950 0.2230
vn 0.0045 -1.0000 -0.0026
vn 0.0046 -1.0000 -0.0023
vn 0.4068 -0.8912 -0.2006
vn 0.3928 -0.8912 -0.2268
vn 0.6384 -0.6757 -0.3686
vn 0.6612 -0.6757 -0.3261
vn 0.7924 -0.4683 -0.3908
vn 0.7652 -0.4683 -0.4418
vn 0.8016 -0.3785 -0.4628
vn 0.8302 -0.3785 -0.4094
vn -0.1332 -0.9871 0.0890
vn -0.4955 -0.8031 0.3311
vn -0.1271 -0.9871 0.0975
vn -0.4728 -0.8031 0.3628
vn -0.5819 -0.6797 0.4465
vn -0.6099 -0.6797 0.4075
vn -0.3709 -0.8950 0.2478
vn -0.3539 -0.8950 0.2715
vn 0.0041 -1.0000 -0.0031
vn 0.0043 -1.0000 -0.0029
vn 0.3771 -0.8912 -0.2520
vn 0.3598 -0.8912 -0.2761
vn 0.5849 -0.6757 -0.4488
vn 0.6130 -0.6757 -0.4096
vn 0.7347 -0.4683 -0.4909
vn 0.7010 -0.4683 -0.5379
vn 0.7343 -0.3785 -0.5635
vn 0.7696 -0.3785 -0.5142
vn -0.1205 -0.9871 0.1056
vn -0.4480 -0.8031 0.3929
vn -0.1133 -0.9871 0.1133
vn -0.4214 -0.8031 0.4214
vn -0.5187 -0.6797 0.5187
vn -0.5515 -0.6797 0.4836
vn -0.3353 -0.8950 0.2941
vn -0.3154 -0.8950 0.3154
vn 0.0036 -1.0000 -0.0036
vn 0.0039 -1.0000 -0.0034
vn 0.3410 -0.8912 -0.2990
vn 0.3207 -0.8912 -0.3207
vn 0.5213 -0.6757 -0.5213
vn 0.5543 -0.6757 -0.4861
vn 0.6643 -0.4683 -0.5826
vn 0.6248 -0.4683 -0.6248
vn 0.6545 -0.3785 -0.6545
vn 0.6959 -0.3785 -0.6103
vn -0.1056 -0.9871 0.1204
vn -0.3929 -0.8031 0.4480
vn -0.0975 -0.9871 0.1271
vn -0.3628 -0.8031 0.4728
vn -0.4465 -0.6797 0.5819
vn -0.4836 -0.6797 0.5515
vn -0.2941 -0.8950 0.3353
vn -0.2715 -0.8950 0.3539
vn 0.0031 -1.0000 -0.0041
vn 0.0034 -1.0000 -0.0039
vn 0.2990 -0.8912 -0.3410
vn 0.2761 -0.8912 -0.3598
vn 0.4488 -0.6757 -0.5849
vn 0.4861 -0.6757 -0.5543
vn 0.5826 -0.4683 -0.6643
vn 0.5379 -0.4683 -0.7010
vn 0.5635 -0.3785 -0.7343
vn 0.6103 -0.3785 -0.6959
vn -0.0890 -0.9871 0.1332
vn -0.3311 -0.8031 0.4955
vn -0.0801 -0.9871 0.1387
vn -0.2980 -0.8031 0.5161
vn -0.3668 -0.6797 0.6352
vn -0.4075 -0.6797 0.6099
vn -0.2478 -0.8950 0.3709
vn -0.2230 -0.8950 0.3863
vn 0.0026 -1.0000 -0.0045
vn 0.0029 -1.0000 -0.0043
vn 0.2520 -0.8912 -0.3771
vn 0.2268 -0.8912 -0.3928
vn 0.3686 -0.6757 -0.6384
vn 0.4096 -0.6757 -0.6130
vn 0.4909 -0.4683 -0.7347
vn 0.4418 -0.4683 -0.7652
vn 0.4628 -0.3785 -0.8016
vn 0.5142 -0.3785 -0.7696
vn -0.0709 -0.9871 0.1437
vn -0.2636 -0.8031 0.5345
vn -0.0613 -0.9871 0.1480
vn -0.2280 -0.8031 0.5505
vn -0.2807 -0.6797 0.6777
vn -0.3244 -0.6797 0.6579
vn -0.1973 -0.8950 0.4000
vn -0.1707 -0.8950 0.4121
vn 0.0020 -1.0000 -0.0048
vn 0.0023 -1.0000 -0.0046
vn 0.2006 -0.8912 -0.4068
vn 0.1736 -0.8912 -0.4190
vn 0.2821 -0.6757 -0.6811
vn 0.3261 -0.6757 -0.6612
vn 0.3908 -0.4683 -0.7924
vn 0.3381 -0.4683 -0.8163
vn 0.3542 -0.3785 -0.8552
vn 0.4094 -0.3785 -0.8302
vn -0.0515 -0.9871 0.1517
vn -0.1915 -0.8031 0.5643
vn -0.0415 -0.9871 0.1547
vn -0.1542 -0.8031 0.5756
vn -0.1898 -0.6797 0.7085
vn -0.2358 -0.6797 0.6946
vn -0.1434 -0.8950 0.4224
vn -0.1154 -0.8950 0.4308
vn 0.0013 -1.0000 -0.0050
vn 0.0017 -1.0000 -0.0049
vn 0.1458 -0.8912 -0.4295
vn 0.1174 -0.8912 -0.4381
vn 0.1908 -0.6757 -0.7121
vn 0.2370 -0.6757 -0.6981
vn 0.2840 -0.4683 -0.8367
vn 0.2287 -0.4683 -0.8535
vn 0.2396 -0.3785 -0.8941
vn 0.2975 -0.3785 -0.8765
vn -0.0313 -0.9871 0.1571
vn -0.1163 -0.8031 0.5845
vn -0.0209 -0.9871 0.1588
vn -0.0778 -0.8031 0.5908
vn -0.0957 -0.6797 0.7272
vn -0.1431 -0.6797 0.7194
vn -0.0870 -0.8950 0.4375
vn -0.0582 -0.8950 0.4422
vn 0.0007 -1.0000 -0.0051
vn 0.0010 -1.0000 -0.0050
vn 0.0885 -0.8912 -0.4448
vn 0.0592 -0.8912 -0.4496
vn 0.0962 -0.6757 -0.7309
vn 0.1438 -0.6757 -0.7230
vn 0.1724 -0.4683 -0.8666
vn 0.1153 -0.4683 -0.8760
vn 0.1208 -0.3785 -0.9177
vn 0.1806 -0.3785 -0.9078
vn -0.0105 -0.9871 0.1599
vn -0.0390 -0.8031 0.5946
vn -0.0000 -0.9871 0.1602
vn -0.0000 -0.8031 0.5959
vn -0.0000 -0.6797 0.7335
vn -0.0480 -0.6797 0.7319
vn -0.0292 -0.8950 0.4451
vn -0.0000 -0.8950 0.4460
vn -0.0000 -1.0000 -0.0051
vn 0.0003 -1.0000 -0.0051
vn 0.0297 -0.8912 -0.4526
vn -0.0000 -0.8912 -0.4535
vn -0.0000 -0.6757 -0.7372
vn 0.0482 -0.6757 -0.7356
vn 0.0578 -0.4683 -0.8817
vn -0.0000 -0.4683 -0.8836
vn -0.0000 -0.3785 -0.9256
vn 0.0605 -0.3785 -0.9236
vn 0.0105 -0.9871 0.1599
vn 0.0390 -0.8031 0.5946
vn 0.0209 -0.9871 0.1588
vn 0.0778 -0.8031 0.5908
vn 0.0957 -0.6797 0.7272
vn 0.0480 -0.6797 0.7319
vn 0.0292 -0.8950 0.4451
vn 0.0582 -0.8950 0.4422
vn -0.0007 -1.0000 -0.0051
vn -0.0003 -1.0000 -0.0051
vn -0.0297 -0.8912 -0.4526
vn -0.0592 -0.8912 -0.4496
vn -0.0962 -0.6757 -0.7309
vn -0.0482 -0.6757 -0.7356
vn -0.0578 -0.4683 -0.8817
vn -0.1153 -0.4683 -0.8760
vn -0.1208 -0.3785 -0.9177
vn -0.0605 -0.3785 -0.9236
vn 0.0313 -0.9871 0.1571
vn 0.1163 -0.8031 0.5845
vn 0.0415 -0.9871 0.1547
vn 0.1542 -0.8031 0.5756
vn 0.1898 -0.6797 0.7085
vn 0.1431 -0.6797 0.7194
vn 0.0870 -0.8950 0.4375
vn 0.1154 -0.8950 0.4308
vn -0.0013 -1.0000 -0.0050
vn -0.0010 -1.0000 -0.0050
vn -0.0885 -0.8912 -0.4448
vn -0.1174 -0.8912 -0.4381
vn -0.1908 -0.6757 -0.7121
vn -0.1438 -0.6757 -0.7230
vn -0.1724 -0.4683 -0.8666
vn -0.2287 -0.4683 -0.8535
vn -0.2396 -0.3785 -0.8941
vn -0.1806 -0.3785 -0.9078
vn 0.0515 -0.9871 0.1517
vn 0.1915 -0.8031 0.5643
vn 0.0613 -0.9871 0.1480
vn 0.2280 -0.8031 0.5505
vn 0.2807 -0.6797 0.6777
vn 0.2358 -0.6797 0.6946
vn 0.1434 -0.8950 0.4224
vn 0.1707 -0.8950 0.4121
vn -0.0020 -1.0000 -0.0048
vn -0.0017 -1.0000 -0.0049
vn -0.1458 -0.8912 -0.4295
vn -0.1736 -0.8912 -0.4190
vn -0.2821 -0.6757 -0.6811
vn -0.2370 -0.6757 -0.6981
vn -0.2840 -0.4683 -0.8367
vn -0.3381 -0.4683 -0.8163
vn -0.3542 -0.3785 -0.8552
vn -0.2975 -0.3785 -0.8765
vn 0.0709 -0.9871 0.1437
vn 0.2636 -0.8031 0.5345
vn 0.0801 -0.9871 0.1387
vn 0.2980 -0.8031 0.5161
vn 0.3668 -0.6797 0.6352
vn 0.3244 -0.6797 0.6579
vn 0.1973 -0.8950 0.4000
vn 0.2230 -0.8950 0.3863
vn -0.0026 -1.0000 -0.0045
vn -0.0023 -1.0000 -0.0046
vn -0.2006 -0.8912 -0.4068
vn -0.2268 -0.8912 -0.3928
vn -0.3686 -0.6757 -0.6384
vn -0.3261 -0.6757 -0.6612
vn -0.3908 -0.4683 -0.7924
vn -0.4418 -0.4683 -0.7652
vn -0.4628 -0.3785 -0.8016
vn -0.4094 -0.3785 -0.8302
vn 0.0890 -0.9871 0.1332
vn 0.3311 -0.8031 0.4955
vn 0.0975 -0.9871 0.1271
vn 0.3628 -0.8031 0.4728
vn 0.4465 -0.6797 0.5819
vn 0.4075 -0.6797 0.6099
vn 0.2478 -0.8950 0.3709
vn 0.2715 -0.8950 0.3539
vn -0.0031 -1.0000 -0.0041
vn -0.0029 -1.0000 -0.0043
vn -0.2520 -0.8912 -0.3771
vn -0.2761 -0.8912 -0.3598
vn -0.4488 -0.6757 -0.5849
vn -0.4096 -0.6757 -0.6130
vn -0.4909 -0.4683 -0.7347
vn -0.5379 -0.4683 -0.7010
vn -0.5635 -0.3785 -0.7343
vn -0.5142 -0.3785 -0.7696
vn 0.1056 -0.9871 0.1204
vn 0.3929 -0.8031 0.4480
vn 0.1133 -0.9871 0.1133
vn 0.4214 -0.8031 0.4214
vn 0.5187 -0.6797 0.5187
vn 0.4836 -0.6797 0.5515
vn 0.2941 -0.8950 0.3353
vn 0.3154 -0.8950 0.3154
vn -0.0036 -1.0000 -0.0036
vn -0.0034 -1.0000 -0.0039
vn -0.2990 -0.8912 -0.3410
vn -0.3207 -0.8912 -0.3207
vn -0.5213 -0.6757 -0.5213
vn -0.4861 -0.6757 -0.5543
vn -0.5826 -0.4683 -0.6643
vn -0.6248 -0.4683 -0.6248
vn -0.6545 -0.3785 -0.6545
vn -0.6103 -0.3785 -0.6959
vn 0.1204 -0.9871 0.1056
vn 0.4480 -0.8031 0.3929
vn 0.1271 -0.9871 0.0975
vn 0.4728 -0.8031 0.3628
vn 0.5819 -0.6797 0.4465
vn 0.5515 -0.6797 0.4836
vn 0.3353 -0.8950 0.2941
vn 0.3539 -0.8950 0.2715
vn -0.0041 -1.0000 -0.0031
vn -0.0039 -1.0000 -0.0034
vn -0.3410 -0.8912 -0.2990
vn -0.3598 -0.8912 -0.2761
vn -0.5849 -0.6757 -0.4488
vn -0.5543 -0.6757 -0.4861
vn -0.6643 -0.4683 -0.5826
vn -0.7010 -0.4683 -0.5379
vn -0.7343 -0.3785 -0.5635
vn -0.6959 -0.3785 -0.6103
vn 0.1332 -0.9871 0.0890
vn 0.4955 -0.8031 0.3311
vn 0.1387 -0.9871 0.0801
vn 0.5161 -0.8031 0.2980
vn 0.6352 -0.6797 0.3668
vn 0.6099 -0.6797 0.4075
vn 0.3709 -0.8950 0.2478
vn 0.3863 -0.8950 0.2230
vn -0.0045 -1.0000 -0.0026
vn -0.0043 -1.0000 -0.0029
vn -0.3771 -0.8912 -0.2520
vn -0.3928 -0.8912 -0.2268
vn -0.6384 -0.6757 -0.3686
vn -0.6130 -0.6757 -0.4096
vn -0.7347 -0.4683 -0.4909
vn -0.7652 -0.4683 -0.4418
vn -0.8016 -0.3785 -0.4628
vn -0.7696 -0.3785 -0.5142
vn 0.1437 -0.9871 0.0709
vn 0.5345 -0.8031 0.2636
vn 0.1480 -0.9871 0.0613
vn 0.5505 -0.8031 0.2280
vn 0.6777 -0.6797 0.2807
vn 0.6579 -0.6797 0.3244
vn 0.4000 -0.8950 0.1973
vn 0.4121 -0.8950 0.1707
vn -0.0048 -1.0000 -0.0020
vn -0.0046 -1.0000 -0.0023
vn -0.4068 -0.8912 -0.2006
vn -0.4190 -0.8912 -0.1736
vn -0.6811 -0.6757 -0.2821
vn -0.6612 -0.6757 -0.3261
vn -0.7924 -0.4683 -0.3908
vn -0.8163 -0.4683 -0.3381
vn -0.8552 -0.3785 -0.3542
vn -0.8302 -0.3785 -0.4094
vn 0.1517 -0.9871 0.0515
vn 0.5643 -0.8031 0.1915
vn 0.1547 -0.9871 0.0415
vn 0.5756 -0.8031 0.1542
vn 0.7085 -0.6797 0.1898
vn 0.6946 -0.6797 0.2358
vn 0.4224 -0.8950 0.1434
vn 0.4308 -0.8950 0.1154
vn -0.0050 -1.0000 -0.0013
vn -0.0049 -1.0000 -0.0017
vn -0.4295 -0.8912 -0.1458
vn -0.4381 -0.8912 -0.1174
vn -0.7121 -0.6757 -0.1908
vn -0.6981 -0.6757 -0.2370
vn -0.8367 -0.4683 -0.2840
vn -0.8535 -0.4683 -0.2287
vn -0.8941 -0.3785 -0.2396
vn -0.8765 -0.3785 -0.2975
vn 0.1571 -0.9871 0.0313
vn 0.5845 -0.8031 0.1163
vn 0.1588 -0.9871 0.0209
vn 0.5908 -0.8031 0.0778
vn 0.7272 -0.6797 0.0957
vn 0.7194 -0.6797 0.1431
vn 0.4375 -0.8950 0.0870
vn 0.4422 -0.8950 0.0582
vn -0.0051 -1.0000 -0.0007
vn -0.0050 -1.0000 -0.0010
vn -0.4448 -0.8912 -0.0885
vn -0.4496 -0.8912 -0.0592
vn -0.7309 -0.6757 -0.0962
vn -0.7230 -0.6757 -0.1438
vn -0.8666 -0.4683 -0.1724
vn -0.8760 -0.4683 -0.1153
vn -0.9177 -0.3785 -0.1208
vn -0.9078 -0.3785 -0.1806
vn 0.1599 -0.9871 0.0105
vn 0.5946 -0.8031 0.0390
vn 0.1602 -0.9871 -0.0000
vn 0.5959 -0.8031 -0.0000
vn 0.7335 -0.6797 -0.0000
vn 0.7319 -0.6797 0.0480
vn 0.4451 -0.8950 0.0292
vn 0.4460 -0.8950 -0.0000
vn -0.0051 -1.0000 -0.0000
vn -0.0051 -1.0000 -0.0003
vn -0.4526 -0.8912 -0.0297
vn -0.4535 -0.8912 -0.0000
vn -0.7372 -0.6757 -0.0000
vn -0.7356 -0.6757 -0.0482
vn -0.8817 -0.4683 -0.0578
vn -0.8836 -0.4683 -0.0000
vn -0.9256 -0.3785 -0.0000
vn -0.9236 -0.3785 -0.0605
vn 0.1599 -0.9871 -0.0105
vn 0.5946 -0.8031 -0.0390
vn 0.1588 -0.9871 -0.0209
vn 0.5908 -0.8031 -0.0778
vn 0.7272 -0.6797 -0.0957
vn 0.7319 -0.6797 -0.0480
vn 0.4451 -0.8950 -0.0292
vn 0.4422 -0.8950 -0.0582
vn -0.0051 -1.0000 0.0007
vn -0.0051 -1.0000 0.0003
vn -0.4526 -0.8912 0.0297
vn -0.4496 -0.8912 0.0592
vn -0.7309 -0.6757 0.0962
vn -0.7356 -0.6757 0.0482
vn -0.8817 -0.4683 0.0578
vn -0.8760 -0.4683 0.1153
vn -0.9177 -0.3785 0.1208
vn -0.9236 -0.3785 0.0605
vn 0.1571 -0.9871 -0.0313
vn 0.5845 -0.8031 -0.1163
vn 0.1547 -0.9871 -0.0415
vn 0.5756 -0.8031 -0.1542
vn 0.7085 -0.6797 -0.1898
vn 0.7194 -0.6797 -0.1431
vn 0.4375 -0.8950 -0.0870
vn 0.4308 -0.8950 -0.1154
vn -0.0050 -1.0000 0.0013
vn -0.0050 -1.0000 0.0010
vn -0.4448 -0.8912 0.0885
vn -0.4381 -0.8912 0.1174
vn -0.7121 -0.6757 0.1908
vn -0.7230 -0.6757 0.1438
vn -0.8666 -0.4683 0.1724
vn -0.8535 -0.4683 0.2287
vn -0.8941 -0.3785 0.2396
vn -0.9078 -0.3785 0.1806
vn 0.1517 -0.9871 -0.0515
vn 0.5643 -0.8031 -0.1915
vn 0.1480 -0.9871 -0.0613
vn 0.5505 -0.8031 -0.2280
vn 0.6777 -0.6797 -0.2807
vn 0.6946 -0.6797 -0.2358
vn 0.4224 -0.8950 -0.1434
vn 0.4121 -0.8950 -0.1707
vn -0.0048 -1.0000 0.0020
vn -0.0049 -1.0000 0.0017
vn -0.4295 -0.8912 0.1458
vn -0.4190 -0.8912 0.1736
vn -0.6811 -0.6757 0.2821
vn -0.6981 -0.6757 0.2370
vn -0.8367 -0.4683 0.2840
vn -0.8163 -0.4683 0.3381
vn -0.8552 -0.3785 0.3542
vn -0.8765 -0.3785 0.2975
vn 0.1437 -0.9871 -0.0709
vn 0.5345 -0.8031 -0.2636
vn 0.1387 -0.9871 -0.0801
vn 0.5161 -0.8031 -0.2980
vn 0.6352 -0.6797 -0.3668
vn 0.6579 -0.6797 -0.3244
vn 0.4000 -0.8950 -0.1973
vn 0.3863 -0.8950 -0.2230
vn -0.0045 -1.0000 0.0026
vn -0.0046 -1.0000 0.0023
vn -0.4068 -0.8912 0.2006
vn -0.3928 -0.8912 0.2268
vn -0.6384 -0.6757 0.3686
vn -0.6612 -0.6757 0.3261
vn -0.7924 -0.4683 0.3908
vn -0.7652 -0.4683 0.4418
vn -0.8016 -0.3785 0.4628
vn -0.8302 -0.3785 0.4094
vn 0.1332 -0.9871 -0.0890
vn 0.4955 -0.8031 -0.3311
vn 0.1271 -0.9871 -0.0975
vn 0.4728 -0.8031 -0.3628
vn 0.5819 -0.6797 -0.4465
vn 0.6099 -0.6797 -0.4075
vn 0.3709 -0.8950 -0.2478
vn 0.3539 -0.8950 -0.2715
vn -0.0041 -1.0000 0.0031
vn -0.0043 -1.0000 0.0029
vn -0.3771 -0.8912 0.2520
vn -0.3598 -0.8912 0.2761
vn -0.5849 -0.6757 0.4488
vn -0.6130 -0.6757 0.4096
vn -0.7347 -0.4683 0.4909
vn -0.7010 -0.4683 0.5379
vn -0.7343 -0.3785 0.5635
vn -0.7696 -0.3785 0.5142
vn 0.1205 -0.9871 -0.1056
vn 0.4480 -0.8031 -0.3929
vn 0.1133 -0.9871 -0.1133
vn 0.4214 -0.8031 -0.4214
vn 0.5187 -0.6797 -0.5187
vn 0.5515 -0.6797 -0.4836
vn 0.3353 -0.8950 -0.2941
vn 0.3154 -0.8950 -0.3154
vn -0.0036 -1.0000 0.0036
vn -0.0039 -1.0000 0.0034
vn -0.3410 -0.8912 0.2990
vn -0.3207 -0.8912 0.3207
vn -0.5213 -0.6757 0.5213
vn -0.5543 -0.6757 0.4861
vn -0.6643 -0.4683 0.5826
vn -0.6248 -0.4683 0.6248
vn -0.6545 -0.3785 0.6545
vn -0.6959 -0.3785 0.6103
vn 0.1056 -0.9871 -0.1204
vn 0.3929 -0.8031 -0.4480
vn 0.0975 -0.9871 -0.1271
vn 0.3628 -0.8031 -0.4728
vn 0.4465 -0.6797 -0.5819
vn 0.4836 -0.6797 -0.5515
vn 0.2941 -0.8950 -0.3353
vn 0.2715 -0.8950 -0.3539
vn -0.0031 -1.0000 0.0041
vn -0.0034 -1.0000 0.0039
vn -0.2990 -0.8912 0.3410
vn -0.2761 -0.8912 0.3598
vn -0.4488 -0.6757 0.5849
vn -0.4861 -0.6757 0.5543
vn -0.5826 -0.4683 0.6643
vn -0.5379 -0.4683 0.7010
vn -0.5635 -0.3785 0.7343
vn -0.6103 -0.3785 0.6959
vn 0.0890 -0.9871 -0.1332
vn 0.3311 -0.8031 -0.4955
vn 0.0801 -0.9871 -0.1387
vn 0.2980 -0.8031 -0.5161
vn 0.3668 -0.6797 -0.6352
vn 0.4075 -0.6797 -0.6099
vn 0.2478 -0.8950 -0.3709
vn 0.2230 -0.8950 -0.3863
vn -0.0026 -1.0000 0.0045
vn -0.0029 -1.0000 0.0043
vn -0.2520 -0.8912 0.3771
vn -0.2268 -0.8912 0.3928
vn -0.3686 -0.6757 0.6384
vn -0.4096 -0.6757 0.6130
vn -0.4909 -0.4683 0.7347
vn -0.4418 -0.4683 0.7652
vn -0.4628 -0.3785 0.8016
vn -0.5142 -0.3785 0.7696
vn 0.0709 -0.9871 -0.1437
vn 0.2636 -0.8031 -0.5345
vn 0.0613 -0.9871 -0.1480
vn 0.2280 -0.8031 -0.5505
vn 0.2807 -0.6797 -0.6777
vn 0.3244 -0.6797 -0.6579
vn 0.1973 -0.8950 -0.4000
vn 0.1707 -0.8950 -0.4121
vn -0.0020 -1.0000 0.0048
vn -0.0023 -1.0000 0.0046
vn -0.2006 -0.8912 0.4068
vn -0.1736 -0.8912 0.4190
vn -0.2821 -0.6757 0.6811
vn -0.3261 -0.6757 0.6612
vn -0.3908 -0.4683 0.7924
vn -0.3381 -0.4683 0.8163
vn -0.3542 -0.3785 0.8552
vn -0.4094 -0.3785 0.8302
vn 0.0515 -0.9871 -0.1517
vn 0.1915 -0.8031 -0.5643
vn 0.0415 -0.9871 -0.1547
vn 0.1542 -0.8031 -0.5756
vn 0.1898 -0.6797 -0.7085
vn 0.2358 -0.6797 -0.6946
vn 0.1434 -0.8950 -0.4224
vn 0.1154 -0.8950 -0.4308
vn -0.0013 -1.0000 0.0050
vn -0.0017 -1.0000 0.0049
vn -0.1458 -0.8912 0.4295
vn -0.1174 -0.8912 0.4381
vn -0.1908 -0.6757 0.7121
vn -0.2370 -0.6757 0.6981
vn -0.2840 -0.4683 0.8367
vn -0.2287 -0.4683 0.8535
vn -0.2396 -0.3785 0.8941
vn -0.2975 -0.3785 0.8765
vn 0.0313 -0.9871 -0.1571
vn 0.1163 -0.8031 -0.5845
vn 0.0209 -0.9871 -0.1588
vn 0.0778 -0.8031 -0.5908
vn 0.0957 -0.6797 -0.7272
vn 0.1431 -0.6797 -0.7194
vn 0.0870 -0.8950 -0.4375
vn 0.0582 -0.8950 -0.4422
vn -0.0007 -1.0000 0.0051
vn -0.0010 -1.0000 0.0050
vn -0.0885 -0.8912 0.4448
vn -0.0592 -0.8912 0.4496
vn -0.0962 -0.6757 0.7309
vn -0.1438 -0.6757 0.7230
vn -0.1724 -0.4683 0.8666
vn -0.1153 -0.4683 0.8760
vn -0.1208 -0.3785 0.9177
vn -0.1806 -0.3785 0.9078
vn 0.0105 -0.9871 -0.1599
vn 0.0390 -0.8031 -0.5946
vn -0.0000 -0.9871 -0.1602
vn -0.0000 -0.8031 -0.5959
vn -0.0000 -0.6797 -0.7335
vn 0.0480 -0.6797 -0.7319
vn 0.0292 -0.8950 -0.4451
vn -0.0000 -0.8950 -0.4460
vn -0.0000 -1.0000 0.0051
vn -0.0003 -1.0000 0.0051
vn -0.0297 -0.8912 0.4526
vn -0.0000 -0.8912 0.4535
vn -0.0000 -0.6757 0.7372
vn -0.0482 -0.6757 0.7356
vn -0.0578 -0.4683 0.8817
vn -0.0000 -0.4683 0.8836
vn -0.0000 -0.3785 0.9256
vn -0.0605 -0.3785 0.9236
vn -0.0105 -0.9871 -0.1599
vn -0.0390 -0.8031 -0.5946
vn -0.0209 -0.9871 -0.1588
vn -0.0778 -0.8031 -0.5908
vn -0.0957 -0.6797 -0.7272
vn -0.0480 -0.6797 -0.7319
vn -0.0292 -0.8950 -0.4451
vn -0.0582 -0.8950 -0.4422
vn 0.0007 -1.0000 0.0051
vn 0.0003 -1.0000 0.0051
vn 0.0297 -0.8912 0.4526
vn 0.0592 -0.8912 0.4496
vn 0.0962 -0.6757 0.7309
vn 0.0482 -0.6757 0.7356
vn 0.0578 -0.4683 0.8817
vn 0.1153 -0.4683 0.8760
vn 0.1208 -0.3785 0.9177
vn 0.0605 -0.3785 0.9236
vn -0.0313 -0.9871 -0.1571
vn -0.1163 -0.8031 -0.5845
vn -0.0415 -0.9871 -0.1547
vn -0.1542 -0.8031 -0.5756
vn -0.1898 -0.6797 -0.7085
vn -0.1431 -0.6797 -0.7194
vn -0.0870 -0.8950 -0.4375
vn -0.1154 -0.8950 -0.4308
vn 0.0013 -1.0000 0.0050
vn 0.0010 -1.0000 0.0050
vn 0.0885 -0.8912 0.4448
vn 0.1174 -0.8912 0.4381
vn 0.1908 -0.6757 0.7121
vn 0.1438 -0.6757 0.7230
vn 0.1724 -0.4683 0.8666
vn 0.2287 -0.4683 0.8535
vn 0.2396 -0.3785 0.8941
vn 0.1806 -0.3785 0.9078
vn -0.0515 -0.9871 -0.1517
vn -0.1915 -0.8031 -0.5643
vn -0.0613 -0.9871 -0.1480
vn -0.2280 -0.8031 -0.5505
vn -0.2807 -0.6797 -0.6777
vn -0.2358 -0.6797 -0.6946
vn -0.1434 -0.8950 -0.4224
vn -0.1707 -0.8950 -0.4121
vn 0.0020 -1.0000 0.0048
vn 0.0017 -1.0000 0.0049
vn 0.1458 -0.8912 0.4295
vn 0.1736 -0.8912 0.4190
vn 0.2821 -0.6757 0.6811
vn 0.2370 -0.6757 0.6981
vn 0.2840 -0.4683 0.8367
vn 0.3381 -0.4683 0.8163
vn 0.3542 -0.3785 0.8552
vn 0.2975 -0.3785 0.8765
vn -0.0709 -0.9871 -0.1437
vn -0.2636 -0.8031 -0.5345
vn -0.0801 -0.9871 -0.1387
vn -0.2980 -0.8031 -0.5161
vn -0.3668 -0.6797 -0.6352
vn -0.3244 -0.6797 -0.6579
vn -0.1973 -0.8950 -0.4000
vn -0.2230 -0.8950 -0.3863
vn 0.0026 -1.0000 0.0045
vn 0.0023 -1.0000 0.0046
vn 0.2006 -0.8912 0.4068
vn 0.2268 -0.8912 0.3928
vn 0.3686 -0.6757 0.6384
vn 0.3261 -0.6757 0.6612
vn 0.3908 -0.4683 0.7924
vn 0.4418 -0.4683 0.7652
vn 0.4628 -0.3785 0.8016
vn 0.4094 -0.3785 0.8302
vn -0.0890 -0.9871 -0.1332
vn -0.3311 -0.8031 -0.4955
vn -0.0975 -0.9871 -0.1271
vn -0.3628 -0.8031 -0.4728
vn -0.4465 -0.6797 -0.5819
vn -0.4075 -0.6797 -0.6099
vn -0.2478 -0.8950 -0.3709
vn -0.2715 -0.8950 -0.3539
vn 0.0031 -1.0000 0.0041
vn 0.0029 -1.0000 0.0043
vn 0.2520 -0.8912 0.3771
vn 0.2761 -0.8912 0.3598
vn 0.4488 -0.6757 0.5849
vn 0.4096 -0.6757 0.6130
vn 0.4909 -0.4683 0.7347
vn 0.5379 -0.4683 0.7010
vn 0.5635 -0.3785 0.7343
vn 0.5142 -0.3785 0.7696
vn -0.1056 -0.9871 -0.1204
vn -0.3929 -0.8031 -0.4480
vn -0.1133 -0.9871 -0.1133
vn -0.4214 -0.8031 -0.4214
vn -0.5187 -0.6797 -0.5187
vn -0.4836 -0.6797 -0.5515
vn -0.2941 -0.8950 -0.3353
vn -0.3154 -0.8950 -0.3154
vn 0.0036 -1.0000 0.0036
vn 0.0034 -1.0000 0.0039
vn 0.2990 -0.8912 0.3410
vn 0.3207 -0.8912 0.3207
vn 0.5213 -0.6757 0.5213
vn 0.4861 -0.6757 0.5543
vn 0.5826 -0.4683 0.6643
vn 0.6248 -0.4683 0.6248
vn 0.6545 -0.3785 0.6545
vn 0.6103 -0.3785 0.6959
vn -0.1205 -0.9871 -0.1056
vn -0.4480 -0.8031 -0.3929
vn -0.1271 -0.9871 -0.0975
vn -0.4728 -0.8031 -0.3628
vn -0.5819 -0.6797 -0.4465
vn -0.5515 -0.6797 -0.4836
vn -0.3353 -0.8950 -0.2941
vn -0.3539 -0.8950 -0.2715
vn 0.0041 -1.0000 0.0031
vn 0.0039 -1.0000 0.0034
vn 0.3410 -0.8912 0.2990
vn 0.3598 -0.8912 0.2761
vn 0.5849 -0.6757 0.4488
vn 0.5543 -0.6757 0.4861
vn 0.6643 -0.4683 0.5826
vn 0.7010 -0.4683 0.5379
vn 0.7343 -0.3785 0.5635
vn 0.6959 -0.3785 0.6103
vn -0.1332 -0.9871 -0.0890
vn -0.4955 -0.8031 -0.3311
vn -0.1387 -0.9871 -0.0801
vn -0.5161 -0.8031 -0.2980
vn -0.6352 -0.6797 -0.3668
vn -0.6099 -0.6797 -0.4075
vn -0.3709 -0.8950 -0.2478
vn -0.3863 -0.8950 -0.2230
vn 0.0045 -1.0000 0.0026
vn 0.0043 -1.0000 0.0029
vn 0.3771 -0.8912 0.2520
vn 0.3928 -0.8912 0.2268
vn 0.6384 -0.6757 0.3686
vn 0.6130 -0.6757 0.4096
vn 0.7347 -0.4683 0.4909
vn 0.7652 -0.4683 0.4418
vn 0.8016 -0.3785 0.4628
vn 0.7696 -0.3785 0.5142
vn -0.1437 -0.9871 -0.0709
vn -0.5345 -0.8031 -0.2636
vn -0.1480 -0.9871 -0.0613
vn -0.5505 -0.8031 -0.2280
vn -0.6777 -0.6797 -0.2807
vn -0.6579 -0.6797 -0.3244
vn -0.4000 -0.8950 -0.1973
vn -0.4121 -0.8950 -0.1707
vn 0.0048 -1.0000 0.0020
vn 0.0046 -1.0000 0.0023
vn 0.4068 -0.8912 0.2006
vn 0.4190 -0.8912 0.1736
vn 0.6811 -0.6757 0.2821
vn 0.6612 -0.6757 0.3261
vn 0.7924 -0.4683 0.3908
vn 0.8163 -0.4683 0.3381
vn 0.8552 -0.3785 0.3542
vn 0.8302 -0.3785 0.4094
vn -0.1517 -0.9871 -0.0515
vn -0.5643 -0.8031 -0.1915
vn -0.1547 -0.9871 -0.0415
vn -0.5756 -0.8031 -0.1542
vn -0.7085 -0.6797 -0.1898
vn -0.6946 -0.6797 -0.2358
vn -0.4224 -0.8950 -0.1434
vn -0.4308 -0.8950 -0.1154
vn 0.0050 -1.0000 0.0013
vn 0.0049 -1.0000 0.0017
vn 0.4295 -0.8912 0.1458
vn 0.4381 -0.8912 0.1174
vn 0.7121 -0.6757 0.1908
vn 0.6981 -0.6757 0.2370
vn 0.8367 -0.4683 0.2840
vn 0.8535 -0.4683 0.2287
vn 0.8941 -0.3785 0.2396
vn 0.8765 -0.3785 0.2975
vn -0.1571 -0.9871 -0.0313
vn -0.5845 -0.8031 -0.1163
vn -0.1588 -0.9871 -0.0209
vn -0.5908 -0.8031 -0.0778
vn -0.7272 -0.6797 -0.0957
vn -0.7194 -0.6797 -0.1431
vn -0.4375 -0.8950 -0.0870
vn -0.4422 -0.8950 -0.0582
vn 0.0051 -1.0000 0.0007
vn 0.0050 -1.0000 0.0010
vn 0.4448 -0.8912 0.0885
vn 0.4496 -0.8912 0.0592
vn 0.7309 -0.6757 0.0962
vn 0.7230 -0.6757 0.1438
vn 0.8666 -0.4683 0.1724
vn 0.8760 -0.4683 0.1153
vn 0.9177 -0.3785 0.1208
vn 0.9078 -0.3785 0.1806
vn -0.1599 -0.9871 -0.0105
vn -0.5946 -0.8031 -0.0390
vn -0.7319 -0.6797 -0.0480
vn -0.4451 -0.8950 -0.0292
vn 0.0051 -1.0000 0.0003
vn 0.4526 -0.8912 0.0297
vn 0.7356 -0.6757 0.0482
vn 0.8817 -0.4683 0.0578
vn 0.9236 -0.3785 0.0605
vn -0.5211 0.1643 0.8376
vn -0.4300 0.1635 0.8879
vn -0.4263 0.2085 0.8802
vn -0.5165 0.2094 0.8303
vn -0.3403 0.1627 0.9261
vn -0.3374 0.2075 0.9182
vn -0.3322 0.2689 0.9041
vn -0.4196 0.2701 0.8666
vn -0.5084 0.2713 0.8172
vn -0.2527 0.1620 0.9539
vn -0.2506 0.2066 0.9458
vn -0.1672 0.1614 0.9726
vn -0.1658 0.2059 0.9644
vn -0.1633 0.2669 0.9498
vn -0.2468 0.2678 0.9313
vn -0.0832 0.1611 0.9834
vn -0.0825 0.2055 0.9752
vn -0.0000 0.1610 0.9870
vn -0.0000 0.2053 0.9787
vn -0.0000 0.2662 0.9639
vn -0.0812 0.2664 0.9604
vn 0.0832 0.1611 0.9834
vn 0.0825 0.2055 0.9752
vn 0.1672 0.1614 0.9726
vn 0.1658 0.2059 0.9644
vn 0.1633 0.2669 0.9498
vn 0.0812 0.2664 0.9604
vn 0.2527 0.1620 0.9539
vn 0.2506 0.2066 0.9458
vn 0.3403 0.1627 0.9261
vn 0.3374 0.2075 0.9182
vn 0.3322 0.2689 0.9041
vn 0.2468 0.2678 0.9313
vn 0.4300 0.1635 0.8879
vn 0.4263 0.2085 0.8802
vn 0.5211 0.1643 0.8376
vn 0.5165 0.2094 0.8303
vn 0.5084 0.2713 0.8172
vn 0.4196 0.2701 0.8666
vn -0.4064 0.3615 0.8392
vn -0.4922 0.3629 0.7912
vn -0.3218 0.3600 0.8757
vn -0.2971 0.5072 0.8090
vn -0.3751 0.5090 0.7748
vn -0.4541 0.5106 0.7301
vn -0.2391 0.3586 0.9024
vn -0.1582 0.3576 0.9204
vn -0.1462 0.5045 0.8510
vn -0.2209 0.5057 0.8340
vn -0.0787 0.3569 0.9308
vn -0.0000 0.3567 0.9342
vn -0.0000 0.5034 0.8640
vn -0.0728 0.5037 0.8608
vn 0.0787 0.3569 0.9308
vn 0.1582 0.3576 0.9204
vn 0.1462 0.5045 0.8510
vn 0.0728 0.5037 0.8608
vn 0.2391 0.3586 0.9024
vn 0.3218 0.3600 0.8757
vn 0.2971 0.5072 0.8090
vn 0.2209 0.5057 0.8340
vn 0.4063 0.3615 0.8392
vn 0.4922 0.3629 0.7912
vn 0.4541 0.5106 0.7301
vn 0.3751 0.5090 0.7748
vn -0.2860 0.7540 0.5914
vn -0.3460 0.7552 0.5568
vn -0.2267 0.7527 0.6181
vn -0.0319 0.9955 0.0887
vn -0.0407 0.9955 0.0854
vn -0.0497 0.9955 0.0810
vn -0.1687 0.7515 0.6378
vn -0.1117 0.7506 0.6513
vn -0.0155 0.9956 0.0926
vn -0.0236 0.9956 0.0910
vn -0.0556 0.7500 0.6591
vn -0.0000 0.7498 0.6617
vn -0.0000 0.9956 0.0937
vn -0.0077 0.9956 0.0935
vn 0.0556 0.7500 0.6591
vn 0.1117 0.7506 0.6513
vn 0.0155 0.9956 0.0926
vn 0.0077 0.9956 0.0934
vn 0.1687 0.7515 0.6378
vn 0.2267 0.7527 0.6181
vn 0.0319 0.9955 0.0887
vn 0.0236 0.9956 0.0910
vn 0.2860 0.7540 0.5914
vn 0.3460 0.7552 0.5568
vn 0.0497 0.9955 0.0810
vn 0.0407 0.9955 0.0854
vn 0.2446 0.8281 -0.5044
vn 0.2952 0.8296 -0.4740
vn 0.1944 0.8265 -0.5282
vn 0.2866 0.5561 -0.7801
vn 0.3616 0.5582 -0.7468
vn 0.4376 0.5602 -0.7034
vn 0.1449 0.8252 -0.5460
vn 0.0961 0.8241 -0.5582
vn 0.1412 0.5528 -0.8212
vn 0.2132 0.5543 -0.8046
vn 0.0479 0.8235 -0.5653
vn -0.0000 0.8233 -0.5677
vn -0.0000 0.5516 -0.8341
vn 0.0703 0.5519 -0.8309
vn -0.0479 0.8235 -0.5653
vn -0.0961 0.8241 -0.5582
vn -0.1412 0.5528 -0.8212
vn -0.0703 0.5519 -0.8309
vn -0.1449 0.8252 -0.5460
vn -0.1944 0.8265 -0.5282
vn -0.2866 0.5561 -0.7801
vn -0.2132 0.5543 -0.8046
vn -0.2446 0.8281 -0.5044
vn -0.2952 0.8296 -0.4740
vn -0.4376 0.5602 -0.7034
vn -0.3616 0.5582 -0.7468
vn 0.4011 0.3905 -0.8286
vn 0.4858 0.3922 -0.7811
vn 0.3177 0.3888 -0.8648
vn 0.3302 0.2873 -0.8991
vn 0.4172 0.2887 -0.8617
vn 0.5055 0.2900 -0.8126
vn 0.2361 0.3872 -0.8913
vn 0.1562 0.3860 -0.9092
vn 0.1623 0.2851 -0.9446
vn 0.2453 0.2861 -0.9263
vn 0.0777 0.3853 -0.9195
vn -0.0000 0.3850 -0.9229
vn -0.0000 0.2843 -0.9587
vn 0.0808 0.2845 -0.9553
vn -0.0777 0.3852 -0.9195
vn -0.1562 0.3860 -0.9092
vn -0.1623 0.2851 -0.9446
vn -0.0808 0.2845 -0.9553
vn -0.2361 0.3872 -0.8913
vn -0.3177 0.3888 -0.8648
vn -0.3302 0.2873 -0.8991
vn -0.2453 0.2861 -0.9263
vn -0.4011 0.3905 -0.8286
vn -0.4858 0.3922 -0.7811
vn -0.5055 0.2900 -0.8126
vn -0.4172 0.2887 -0.8617
vn 0.4249 0.2214 -0.8777
vn 0.5149 0.2224 -0.8279
vn 0.3363 0.2203 -0.9156
vn 0.3396 0.1726 -0.9246
vn 0.4292 0.1735 -0.8864
vn 0.5201 0.1743 -0.8361
vn 0.2498 0.2193 -0.9431
vn 0.1653 0.2186 -0.9617
vn 0.1669 0.1712 -0.9710
vn 0.2522 0.1718 -0.9523
vn 0.0822 0.2181 -0.9725
vn -0.0000 0.2179 -0.9760
vn -0.0000 0.1707 -0.9853
vn 0.0830 0.1709 -0.9818
vn -0.0822 0.2181 -0.9725
vn -0.1653 0.2186 -0.9617
vn -0.1669 0.1712 -0.9710
vn -0.0830 0.1709 -0.9818
vn -0.2498 0.2193 -0.9431
vn -0.3363 0.2203 -0.9156
vn -0.3396 0.1726 -0.9246
vn -0.2522 0.1718 -0.9523
vn -0.4249 0.2214 -0.8777
vn -0.5149 0.2224 -0.8279
vn -0.5201 0.1743 -0.8361
vn -0.4292 0.1735 -0.8864
vn -0.7037 0.0981 0.7037
vn -0.6169 0.0979 0.7809
vn -0.6147 0.1290 0.7781
vn -0.7012 0.1292 0.7012
vn -0.5257 0.0976 0.8450
vn -0.5239 0.1286 0.8420
vn -0.6114 0.1649 0.7740
vn -0.6974 0.1651 0.6974
vn -0.4338 0.0971 0.8958
vn -0.4323 0.1280 0.8926
vn -0.3433 0.0967 0.9342
vn -0.3421 0.1273 0.9310
vn -0.2549 0.0962 0.9622
vn -0.2541 0.1268 0.9588
vn -0.1686 0.0959 0.9810
vn -0.1681 0.1263 0.9776
vn -0.0839 0.0957 0.9919
vn -0.0836 0.1261 0.9885
vn -0.0000 0.0956 0.9954
vn -0.0000 0.1260 0.9920
vn 0.0839 0.0957 0.9919
vn 0.0836 0.1260 0.9885
vn 0.1686 0.0959 0.9810
vn 0.1681 0.1263 0.9776
vn 0.2549 0.0962 0.9622
vn 0.2541 0.1268 0.9588
vn 0.3433 0.0967 0.9342
vn 0.3421 0.1273 0.9310
vn 0.4338 0.0971 0.8958
vn 0.4323 0.1280 0.8926
vn 0.5257 0.0976 0.8450
vn 0.5239 0.1286 0.8420
vn 0.6169 0.0979 0.7809
vn 0.6147 0.1290 0.7781
vn 0.7037 0.0981 0.7037
vn 0.7012 0.1292 0.7012
vn 0.6974 0.1651 0.6974
vn 0.6114 0.1649 0.7740
vn 0.6060 0.2101 0.7672
vn 0.6913 0.2104 0.6913
vn 0.6803 0.2725 0.6803
vn 0.5965 0.2722 0.7551
vn 0.5773 0.3640 0.7309
vn 0.6585 0.3644 0.6585
vn 0.6073 0.5122 0.6073
vn 0.5325 0.5118 0.6742
vn 0.4056 0.7561 0.5137
vn 0.4626 0.7563 0.4626
vn 0.0677 0.9954 0.0677
vn 0.0589 0.9954 0.0751
vn -0.3452 0.8307 -0.4367
vn -0.3931 0.8312 -0.3931
vn -0.5847 0.5623 -0.5847
vn -0.5128 0.5617 -0.6492
vn -0.5698 0.3935 -0.7214
vn -0.6499 0.3940 -0.6499
vn -0.6764 0.2915 -0.6764
vn -0.5930 0.2911 -0.7508
vn -0.6042 0.2232 -0.7649
vn -0.6892 0.2236 -0.6892
vn -0.6962 0.1752 -0.6962
vn -0.6103 0.1750 -0.7726
vn -0.6137 0.1398 -0.7770
vn -0.5230 0.1393 -0.8408
vn -0.7001 0.1400 -0.7001
vn -0.7024 0.1155 -0.7024
vn -0.6157 0.1153 -0.7795
vn -0.5247 0.1148 -0.8435
vn -0.4316 0.1386 -0.8914
vn -0.3415 0.1379 -0.9297
vn -0.4329 0.1143 -0.8942
vn -0.3426 0.1136 -0.9326
vn -0.2536 0.1373 -0.9575
vn -0.1678 0.1368 -0.9763
vn -0.2544 0.1131 -0.9605
vn -0.1683 0.1127 -0.9793
vn -0.0835 0.1365 -0.9871
vn -0.0000 0.1364 -0.9907
vn -0.0837 0.1124 -0.9901
vn -0.0000 0.1123 -0.9937
vn 0.0835 0.1365 -0.9871
vn 0.1678 0.1368 -0.9763
vn 0.0837 0.1124 -0.9901
vn 0.1683 0.1127 -0.9793
vn 0.2536 0.1373 -0.9575
vn 0.3415 0.1379 -0.9297
vn 0.2544 0.1131 -0.9605
vn 0.3426 0.1136 -0.9326
vn 0.4316 0.1386 -0.8914
vn 0.5230 0.1393 -0.8408
vn 0.4329 0.1143 -0.8942
vn 0.5247 0.1148 -0.8435
vn 0.6962 0.1752 -0.6962
vn 0.6103 0.1750 -0.7726
vn 0.6137 0.1398 -0.7770
vn 0.7001 0.1400 -0.7001
vn 0.6157 0.1153 -0.7795
vn 0.7024 0.1155 -0.7024
vn 0.6764 0.2914 -0.6764
vn 0.5930 0.2911 -0.7508
vn 0.6042 0.2232 -0.7649
vn 0.6892 0.2236 -0.6892
vn 0.5847 0.5623 -0.5847
vn 0.5128 0.5617 -0.6492
vn 0.5698 0.3935 -0.7214
vn 0.6499 0.3940 -0.6499
vn -0.0677 0.9954 0.0677
vn -0.0589 0.9954 0.0751
vn 0.3452 0.8307 -0.4367
vn 0.3931 0.8312 -0.3931
vn -0.6073 0.5122 0.6073
vn -0.5325 0.5118 0.6742
vn -0.4056 0.7561 0.5137
vn -0.4626 0.7563 0.4626
vn -0.6803 0.2725 0.6803
vn -0.5965 0.2722 0.7551
vn -0.5773 0.3640 0.7309
vn -0.6585 0.3644 0.6585
vn -0.6060 0.2101 0.7672
vn -0.6913 0.2104 0.6913
vn 0.3666 -0.7402 0.5637
vn 0.3982 -0.6780 0.6178
vn 0.3317 -0.6876 0.6458
vn 0.3059 -0.7535 0.5819
vn 0.4268 -0.6111 0.6666
vn 0.3556 -0.6165 0.7024
vn 0.2849 -0.6215 0.7298
vn 0.2663 -0.6959 0.6670
vn 0.2464 -0.7641 0.5962
vn 0.4519 -0.5398 0.7103
vn 0.3763 -0.5416 0.7517
vn 0.4732 -0.4651 0.7482
vn 0.3936 -0.4643 0.7934
vn 0.3143 -0.4631 0.8287
vn 0.3010 -0.5433 0.7837
vn 0.4908 -0.3882 0.7800
vn 0.4075 -0.3857 0.8277
vn 0.5048 -0.3106 0.8055
vn 0.4183 -0.3077 0.8546
vn 0.3325 -0.3044 0.8926
vn 0.3247 -0.3829 0.8649
vn 0.5149 -0.2358 0.8242
vn 0.4259 -0.2333 0.8742
vn 0.5217 -0.1674 0.8366
vn 0.4310 -0.1656 0.8870
vn 0.3415 -0.1635 0.9255
vn 0.3380 -0.2305 0.9125
vn 0.5257 -0.1065 0.8440
vn 0.4340 -0.1053 0.8947
vn 0.5277 -0.0533 0.8478
vn 0.4355 -0.0527 0.8986
vn 0.3447 -0.0520 0.9373
vn 0.3437 -0.1041 0.9333
vn 0.5283 -0.0073 0.8490
vn 0.4360 -0.0071 0.8999
vn 0.5280 0.0323 0.8486
vn 0.4357 0.0322 0.8995
vn 0.3448 0.0321 0.9381
vn 0.3450 -0.0069 0.9386
vn 0.2011 -0.7021 0.6831
vn 0.1868 -0.7719 0.6076
vn 0.2146 -0.6253 0.7503
vn 0.1440 -0.6277 0.7650
vn 0.1355 -0.7064 0.6947
vn 0.1262 -0.7775 0.6161
vn 0.2262 -0.5443 0.8078
vn 0.2355 -0.4617 0.8552
vn 0.1571 -0.4603 0.8737
vn 0.1513 -0.5447 0.8249
vn 0.2427 -0.3800 0.8926
vn 0.2480 -0.3012 0.9208
vn 0.1646 -0.2985 0.9401
vn 0.1615 -0.3775 0.9118
vn 0.2516 -0.2278 0.9406
vn 0.2540 -0.1616 0.9536
vn 0.1682 -0.1600 0.9727
vn 0.1668 -0.2256 0.9598
vn 0.2554 -0.1029 0.9614
vn 0.2561 -0.0514 0.9653
vn 0.1694 -0.0509 0.9842
vn 0.1690 -0.1019 0.9803
vn 0.2562 -0.0067 0.9666
vn 0.2560 0.0320 0.9661
vn 0.1694 0.0320 0.9850
vn 0.1695 -0.0065 0.9855
vn 0.0685 -0.7089 0.7020
vn 0.0640 -0.7808 0.6215
vn 0.0726 -0.6291 0.7740
vn -0.0000 -0.6295 0.7770
vn -0.0000 -0.7097 0.7045
vn -0.0000 -0.7819 0.6234
vn 0.0760 -0.5447 0.8352
vn 0.0787 -0.4592 0.8848
vn -0.0000 -0.4588 0.8885
vn -0.0000 -0.5447 0.8387
vn 0.0807 -0.3757 0.9232
vn 0.0821 -0.2968 0.9514
vn -0.0000 -0.2961 0.9552
vn -0.0000 -0.3751 0.9270
vn 0.0831 -0.2242 0.9710
vn 0.0837 -0.1590 0.9837
vn -0.0000 -0.1586 0.9873
vn -0.0000 -0.2237 0.9747
vn 0.0841 -0.1012 0.9913
vn 0.0843 -0.0505 0.9952
vn -0.0000 -0.0504 0.9987
vn -0.0000 -0.1010 0.9949
vn 0.0843 -0.0064 0.9964
vn 0.0843 0.0320 0.9959
vn -0.0000 0.0320 0.9995
vn -0.0000 -0.0063 1.0000
vn -0.0685 -0.7089 0.7020
vn -0.0640 -0.7808 0.6215
vn -0.0726 -0.6291 0.7740
vn -0.1440 -0.6277 0.7650
vn -0.1355 -0.7064 0.6947
vn -0.1262 -0.7775 0.6161
vn -0.0760 -0.5447 0.8352
vn -0.0787 -0.4592 0.8848
vn -0.1571 -0.4603 0.8737
vn -0.1513 -0.5447 0.8249
vn -0.0807 -0.3757 0.9232
vn -0.0821 -0.2968 0.9514
vn -0.1646 -0.2985 0.9401
vn -0.1615 -0.3775 0.9118
vn -0.0831 -0.2242 0.9710
vn -0.0837 -0.1590 0.9837
vn -0.1682 -0.1600 0.9727
vn -0.1668 -0.2256 0.9598
vn -0.0841 -0.1012 0.9913
vn -0.0843 -0.0505 0.9952
vn -0.1694 -0.0509 0.9842
vn -0.1690 -0.1019 0.9803
vn -0.0843 -0.0064 0.9964
vn -0.0843 0.0320 0.9959
vn -0.1694 0.0320 0.9850
vn -0.1695 -0.0065 0.9855
vn -0.2011 -0.7021 0.6831
vn -0.1868 -0.7719 0.6076
vn -0.2146 -0.6253 0.7503
vn -0.2849 -0.6215 0.7298
vn -0.2663 -0.6959 0.6670
vn -0.2464 -0.7641 0.5962
vn -0.2262 -0.5443 0.8078
vn -0.2355 -0.4617 0.8552
vn -0.3143 -0.4631 0.8287
vn -0.3010 -0.5433 0.7837
vn -0.2427 -0.3800 0.8926
vn -0.2480 -0.3012 0.9208
vn -0.3325 -0.3044 0.8926
vn -0.3247 -0.3829 0.8649
vn -0.2516 -0.2278 0.9406
vn -0.2540 -0.1616 0.9536
vn -0.3415 -0.1635 0.9255
vn -0.3380 -0.2305 0.9125
vn -0.2554 -0.1029 0.9614
vn -0.2561 -0.0514 0.9653
vn -0.3447 -0.0520 0.9373
vn -0.3437 -0.1041 0.9333
vn -0.2562 -0.0067 0.9666
vn -0.2560 0.0320 0.9661
vn -0.3448 0.0321 0.9381
vn -0.3450 -0.0069 0.9386
vn -0.3317 -0.6876 0.6458
vn -0.3059 -0.7535 0.5819
vn -0.3556 -0.6165 0.7024
vn -0.4268 -0.6111 0.6666
vn -0.3982 -0.6780 0.6178
vn -0.3666 -0.7402 0.5637
vn -0.3763 -0.5416 0.7517
vn -0.3936 -0.4643 0.7934
vn -0.4732 -0.4651 0.7482
vn -0.4519 -0.5398 0.7103
vn -0.4075 -0.3857 0.8277
vn -0.4183 -0.3077 0.8546
vn -0.5048 -0.3106 0.8055
vn -0.4908 -0.3882 0.7800
vn -0.4259 -0.2333 0.8742
vn -0.4310 -0.1656 0.8870
vn -0.5217 -0.1674 0.8366
vn -0.5149 -0.2358 0.8242
vn -0.4340 -0.1053 0.8947
vn -0.4355 -0.0527 0.8986
vn -0.5277 -0.0533 0.8478
vn -0.5257 -0.1065 0.8440
vn -0.4360 -0.0071 0.8999
vn -0.4357 0.0322 0.8995
vn -0.5280 0.0323 0.8486
vn -0.5283 -0.0073 0.8490
vn 0.4080 -0.8167 0.4080
vn 0.4506 -0.7707 0.4506
vn 0.3915 -0.7811 0.4863
vn 0.3594 -0.8326 0.4214
vn 0.4911 -0.7195 0.4911
vn 0.4301 -0.7262 0.5363
vn 0.3341 -0.7982 0.5013
vn 0.3084 -0.8487 0.4297
vn 0.5278 -0.6654 0.5278
vn 0.4651 -0.6692 0.5795
vn 0.5631 -0.6048 0.5631
vn 0.4971 -0.6066 0.6204
vn 0.5962 -0.5377 0.5962
vn 0.5261 -0.5383 0.6584
vn 0.6257 -0.4659 0.6257
vn 0.5514 -0.4657 0.6922
vn 0.6509 -0.3906 0.6509
vn 0.5729 -0.3900 0.7209
vn 0.6715 -0.3134 0.6715
vn 0.5902 -0.3126 0.7443
vn 0.6867 -0.2382 0.6867
vn 0.6029 -0.2376 0.7616
vn 0.6969 -0.1692 0.6969
vn 0.6114 -0.1687 0.7731
vn 0.7030 -0.1076 0.7030
vn 0.6165 -0.1073 0.7800
vn 0.7061 -0.0539 0.7061
vn 0.6191 -0.0537 0.7835
vn 0.7071 -0.0075 0.7071
vn 0.6199 -0.0075 0.7846
vn 0.7067 0.0324 0.7067
vn 0.6196 0.0323 0.7843
vn 0.7055 0.0670 0.7055
vn 0.6185 0.0669 0.7829
vn 0.5271 0.0667 0.8472
vn 0.4349 0.0664 0.8980
vn 0.3442 0.0661 0.9366
vn 0.2556 0.0658 0.9645
vn 0.1691 0.0656 0.9834
vn 0.0841 0.0655 0.9943
vn -0.0000 0.0654 0.9979
vn -0.0841 0.0655 0.9943
vn -0.1691 0.0656 0.9834
vn -0.2556 0.0658 0.9645
vn -0.3442 0.0661 0.9366
vn -0.4349 0.0664 0.8980
vn -0.5271 0.0667 0.8472
vn -0.6185 0.0669 0.7829
vn -0.6196 0.0323 0.7843
vn -0.7055 0.0670 0.7055
vn -0.7067 0.0324 0.7067
vn -0.6199 -0.0075 0.7846
vn -0.6191 -0.0537 0.7835
vn -0.7071 -0.0075 0.7071
vn -0.7061 -0.0539 0.7061
vn -0.6165 -0.1073 0.7800
vn -0.6114 -0.1687 0.7731
vn -0.7030 -0.1076 0.7030
vn -0.6969 -0.1692 0.6969
vn -0.6029 -0.2376 0.7616
vn -0.5902 -0.3126 0.7443
vn -0.6867 -0.2382 0.6867
vn -0.6715 -0.3134 0.6715
vn -0.5729 -0.3900 0.7209
vn -0.5514 -0.4657 0.6922
vn -0.6509 -0.3906 0.6509
vn -0.6257 -0.4659 0.6257
vn -0.5261 -0.5383 0.6584
vn -0.4971 -0.6066 0.6204
vn -0.5962 -0.5377 0.5962
vn -0.5631 -0.6048 0.5631
vn -0.4651 -0.6692 0.5795
vn -0.4301 -0.7262 0.5363
vn -0.5278 -0.6654 0.5278
vn -0.4911 -0.7195 0.4911
vn -0.3084 -0.8487 0.4297
vn -0.3341 -0.7982 0.5013
vn -0.3915 -0.7811 0.4863
vn -0.3594 -0.8326 0.4214
vn -0.4506 -0.7707 0.4506
vn -0.4080 -0.8167 0.4080
vn -0.2117 -0.8718 0.4417
vn -0.2274 -0.8235 0.5198
vn -0.2807 -0.8124 0.5112
vn -0.2605 -0.8613 0.4362
vn -0.1091 -0.8866 0.4495
vn -0.1172 -0.8381 0.5328
vn -0.1730 -0.8320 0.5272
vn -0.1611 -0.8803 0.4462
vn -0.0000 -0.8918 0.4524
vn -0.0000 -0.8431 0.5378
vn -0.0595 -0.8418 0.5365
vn -0.0555 -0.8905 0.4516
vn 0.1091 -0.8866 0.4495
vn 0.1172 -0.8381 0.5328
vn 0.0595 -0.8418 0.5365
vn 0.0555 -0.8905 0.4516
vn 0.2117 -0.8718 0.4417
vn 0.2274 -0.8235 0.5198
vn 0.1730 -0.8320 0.5272
vn 0.1611 -0.8803 0.4462
vn 0.2807 -0.8124 0.5112
vn 0.2605 -0.8613 0.4362
vn -0.5637 -0.7402 0.3666
vn -0.6178 -0.6780 0.3982
vn -0.6458 -0.6876 0.3317
vn -0.5819 -0.7535 0.3059
vn -0.6666 -0.6111 0.4268
vn -0.7024 -0.6165 0.3556
vn -0.7298 -0.6215 0.2849
vn -0.6670 -0.6959 0.2663
vn -0.5962 -0.7641 0.2464
vn -0.7103 -0.5398 0.4519
vn -0.7517 -0.5416 0.3763
vn -0.7482 -0.4651 0.4732
vn -0.7934 -0.4643 0.3936
vn -0.8287 -0.4631 0.3143
vn -0.7837 -0.5433 0.3010
vn -0.7800 -0.3882 0.4908
vn -0.8277 -0.3857 0.4075
vn -0.8055 -0.3106 0.5048
vn -0.8546 -0.3077 0.4183
vn -0.8926 -0.3044 0.3325
vn -0.8649 -0.3829 0.3247
vn -0.8242 -0.2358 0.5149
vn -0.8742 -0.2333 0.4259
vn -0.8366 -0.1674 0.5217
vn -0.8870 -0.1656 0.4310
vn -0.9255 -0.1635 0.3415
vn -0.9125 -0.2305 0.3380
vn -0.8440 -0.1065 0.5257
vn -0.8947 -0.1053 0.4340
vn -0.8478 -0.0533 0.5277
vn -0.8986 -0.0527 0.4355
vn -0.9373 -0.0520 0.3447
vn -0.9333 -0.1041 0.3437
vn -0.8490 -0.0073 0.5283
vn -0.8999 -0.0071 0.4360
vn -0.8486 0.0323 0.5280
vn -0.8995 0.0322 0.4357
vn -0.9381 0.0321 0.3448
vn -0.9386 -0.0069 0.3450
vn -0.6831 -0.7021 0.2011
vn -0.6076 -0.7719 0.1868
vn -0.7503 -0.6253 0.2146
vn -0.7650 -0.6277 0.1440
vn -0.6947 -0.7064 0.1355
vn -0.6161 -0.7775 0.1262
vn -0.8078 -0.5443 0.2262
vn -0.8552 -0.4617 0.2355
vn -0.8737 -0.4603 0.1571
vn -0.8249 -0.5447 0.1513
vn -0.8926 -0.3800 0.2427
vn -0.9208 -0.3012 0.2480
vn -0.9401 -0.2985 0.1646
vn -0.9118 -0.3775 0.1615
vn -0.9406 -0.2278 0.2516
vn -0.9536 -0.1616 0.2540
vn -0.9727 -0.1600 0.1682
vn -0.9598 -0.2256 0.1668
vn -0.9614 -0.1029 0.2554
vn -0.9653 -0.0514 0.2561
vn -0.9842 -0.0509 0.1694
vn -0.9803 -0.1019 0.1690
vn -0.9666 -0.0067 0.2562
vn -0.9661 0.0320 0.2560
vn -0.9850 0.0320 0.1694
vn -0.9855 -0.0065 0.1695
vn -0.7020 -0.7089 0.0685
vn -0.6215 -0.7808 0.0640
vn -0.7740 -0.6291 0.0726
vn -0.7770 -0.6295 -0.0000
vn -0.7045 -0.7097 -0.0000
vn -0.6234 -0.7819 -0.0000
vn -0.8352 -0.5447 0.0760
vn -0.8848 -0.4592 0.0787
vn -0.8885 -0.4588 -0.0000
vn -0.8387 -0.5447 -0.0000
vn -0.9232 -0.3757 0.0807
vn -0.9514 -0.2967 0.0821
vn -0.9552 -0.2961 -0.0000
vn -0.9270 -0.3751 -0.0000
vn -0.9710 -0.2242 0.0831
vn -0.9837 -0.1590 0.0837
vn -0.9873 -0.1586 -0.0000
vn -0.9747 -0.2237 -0.0000
vn -0.9913 -0.1012 0.0841
vn -0.9952 -0.0505 0.0843
vn -0.9987 -0.0504 -0.0000
vn -0.9949 -0.1010 -0.0000
vn -0.9964 -0.0064 0.0843
vn -0.9959 0.0320 0.0843
vn -0.9995 0.0320 -0.0000
vn -1.0000 -0.0063 -0.0000
vn -0.7020 -0.7089 -0.0685
vn -0.6215 -0.7808 -0.0640
vn -0.7740 -0.6291 -0.0726
vn -0.7650 -0.6277 -0.1440
vn -0.6947 -0.7064 -0.1355
vn -0.6161 -0.7775 -0.1262
vn -0.8352 -0.5447 -0.0760
vn -0.8848 -0.4592 -0.0787
vn -0.8737 -0.4603 -0.1571
vn -0.8249 -0.5447 -0.1513
vn -0.9232 -0.3757 -0.0807
vn -0.9514 -0.2968 -0.0821
vn -0.9401 -0.2985 -0.1646
vn -0.9118 -0.3775 -0.1615
vn -0.9710 -0.2242 -0.0831
vn -0.9837 -0.1590 -0.0837
vn -0.9727 -0.1600 -0.1682
vn -0.9598 -0.2256 -0.1668
vn -0.9913 -0.1012 -0.0841
vn -0.9952 -0.0505 -0.0843
vn -0.9842 -0.0509 -0.1694
vn -0.9803 -0.1019 -0.1690
vn -0.9964 -0.0064 -0.0843
vn -0.9959 0.0320 -0.0843
vn -0.9850 0.0320 -0.1694
vn -0.9855 -0.0065 -0.1695
vn -0.6831 -0.7021 -0.2011
vn -0.6076 -0.7719 -0.1868
vn -0.7503 -0.6253 -0.2146
vn -0.7298 -0.6215 -0.2849
vn -0.6670 -0.6959 -0.2663
vn -0.5962 -0.7641 -0.2464
vn -0.8078 -0.5443 -0.2262
vn -0.8552 -0.4617 -0.2355
vn -0.8287 -0.4631 -0.3143
vn -0.7837 -0.5433 -0.3010
vn -0.8926 -0.3800 -0.2427
vn -0.9208 -0.3012 -0.2480
vn -0.8926 -0.3044 -0.3325
vn -0.8649 -0.3829 -0.3247
vn -0.9406 -0.2278 -0.2516
vn -0.9536 -0.1616 -0.2540
vn -0.9255 -0.1635 -0.3415
vn -0.9125 -0.2305 -0.3380
vn -0.9614 -0.1029 -0.2554
vn -0.9653 -0.0514 -0.2561
vn -0.9373 -0.0520 -0.3447
vn -0.9333 -0.1041 -0.3437
vn -0.9666 -0.0067 -0.2562
vn -0.9661 0.0320 -0.2560
vn -0.9381 0.0321 -0.3448
vn -0.9386 -0.0069 -0.3450
vn -0.6458 -0.6876 -0.3317
vn -0.5819 -0.7535 -0.3059
vn -0.7024 -0.6165 -0.3556
vn -0.6666 -0.6111 -0.4268
vn -0.6178 -0.6780 -0.3982
vn -0.5637 -0.7402 -0.3666
vn -0.7517 -0.5416 -0.3763
vn -0.7934 -0.4643 -0.3936
vn -0.7482 -0.4651 -0.4732
vn -0.7103 -0.5398 -0.4519
vn -0.8277 -0.3857 -0.4075
vn -0.8546 -0.3077 -0.4183
vn -0.8055 -0.3106 -0.5048
vn -0.7800 -0.3882 -0.4908
vn -0.8742 -0.2333 -0.4259
vn -0.8870 -0.1656 -0.4310
vn -0.8366 -0.1674 -0.5217
vn -0.8242 -0.2358 -0.5149
vn -0.8947 -0.1053 -0.4340
vn -0.8986 -0.0527 -0.4355
vn -0.8478 -0.0533 -0.5277
vn -0.8440 -0.1065 -0.5257
vn -0.8999 -0.0071 -0.4360
vn -0.8995 0.0322 -0.4357
vn -0.8486 0.0323 -0.5280
vn -0.8490 -0.0073 -0.5283
vn -0.4863 -0.7811 0.3915
vn -0.4214 -0.8326 0.3594
vn -0.5363 -0.7262 0.4301
vn -0.5013 -0.7982 0.3341
vn -0.4297 -0.8487 0.3084
vn -0.5795 -0.6692 0.4651
vn -0.6204 -0.6066 0.4971
vn -0.6584 -0.5383 0.5261
vn -0.6922 -0.4657 0.5514
vn -0.7209 -0.3900 0.5729
vn -0.7443 -0.3126 0.5902
vn -0.7616 -0.2376 0.6029
vn -0.7731 -0.1687 0.6114
vn -0.7800 -0.1073 0.6165
vn -0.7835 -0.0537 0.6191
vn -0.7846 -0.0075 0.6199
vn -0.7843 0.0323 0.6196
vn -0.7829 0.0669 0.6185
vn -0.7809 0.0979 0.6169
vn -0.8450 0.0976 0.5257
vn -0.8472 0.0667 0.5271
vn -0.8980 0.0664 0.4349
vn -0.8958 0.0971 0.4338
vn -0.9342 0.0967 0.3433
vn -0.9366 0.0661 0.3442
vn -0.9645 0.0658 0.2556
vn -0.9622 0.0962 0.2549
vn -0.9810 0.0959 0.1686
vn -0.9834 0.0656 0.1691
vn -0.9943 0.0655 0.0841
vn -0.9919 0.0957 0.0839
vn -0.9954 0.0956 -0.0000
vn -0.9979 0.0654 -0.0000
vn -0.9943 0.0655 -0.0841
vn -0.9919 0.0957 -0.0839
vn -0.9810 0.0959 -0.1686
vn -0.9834 0.0656 -0.1691
vn -0.9645 0.0658 -0.2556
vn -0.9622 0.0962 -0.2549
vn -0.9342 0.0967 -0.3433
vn -0.9366 0.0661 -0.3442
vn -0.8980 0.0664 -0.4349
vn -0.8958 0.0971 -0.4338
vn -0.8450 0.0976 -0.5257
vn -0.8472 0.0667 -0.5271
vn -0.7829 0.0669 -0.6185
vn -0.7843 0.0323 -0.6196
vn -0.7809 0.0979 -0.6169
vn -0.7037 0.0981 -0.7037
vn -0.7055 0.0670 -0.7055
vn -0.7067 0.0324 -0.7067
vn -0.7846 -0.0075 -0.6199
vn -0.7835 -0.0537 -0.6191
vn -0.7071 -0.0075 -0.7071
vn -0.7061 -0.0539 -0.7061
vn -0.7800 -0.1073 -0.6165
vn -0.7731 -0.1687 -0.6114
vn -0.7030 -0.1076 -0.7030
vn -0.6969 -0.1692 -0.6969
vn -0.7616 -0.2376 -0.6029
vn -0.7443 -0.3126 -0.5902
vn -0.6867 -0.2382 -0.6867
vn -0.6715 -0.3134 -0.6715
vn -0.7209 -0.3900 -0.5729
vn -0.6922 -0.4657 -0.5514
vn -0.6509 -0.3906 -0.6509
vn -0.6257 -0.4659 -0.6257
vn -0.6584 -0.5383 -0.5261
vn -0.6204 -0.6066 -0.4971
vn -0.5962 -0.5377 -0.5962
vn -0.5631 -0.6048 -0.5631
vn -0.5795 -0.6692 -0.4651
vn -0.5363 -0.7262 -0.4301
vn -0.5278 -0.6654 -0.5278
vn -0.4911 -0.7195 -0.4911
vn -0.4297 -0.8487 -0.3084
vn -0.5013 -0.7982 -0.3341
vn -0.4863 -0.7811 -0.3915
vn -0.4214 -0.8326 -0.3594
vn -0.4506 -0.7707 -0.4506
vn -0.4080 -0.8167 -0.4080
vn -0.4417 -0.8718 -0.2117
vn -0.5198 -0.8235 -0.2274
vn -0.5112 -0.8124 -0.2807
vn -0.4362 -0.8613 -0.2605
vn -0.4495 -0.8866 -0.1091
vn -0.5328 -0.8381 -0.1172
vn -0.5272 -0.8320 -0.1730
vn -0.4462 -0.8803 -0.1611
vn -0.4524 -0.8918 -0.0000
vn -0.5378 -0.8431 -0.0000
vn -0.5365 -0.8418 -0.0595
vn -0.4516 -0.8905 -0.0555
vn -0.4495 -0.8866 0.1091
vn -0.5328 -0.8381 0.1172
vn -0.5365 -0.8418 0.0595
vn -0.4516 -0.8905 0.0555
vn -0.4417 -0.8718 0.2117
vn -0.5198 -0.8235 0.2274
vn -0.5272 -0.8320 0.1730
vn -0.4462 -0.8803 0.1611
vn -0.5112 -0.8124 0.2807
vn -0.4362 -0.8613 0.2605
vn -0.2968 -0.9076 -0.2968
vn -0.2438 -0.9226 -0.2991
vn -0.2422 -0.9395 -0.2422
vn -0.2991 -0.9226 -0.2438
vn -0.1942 -0.9338 -0.3006
vn -0.1904 -0.9516 -0.2414
vn -0.1881 -0.9640 -0.1881
vn -0.2414 -0.9516 -0.1904
vn -0.3006 -0.9338 -0.1942
vn -0.1458 -0.9423 -0.3014
vn -0.1417 -0.9602 -0.2407
vn -0.0978 -0.9484 -0.3016
vn -0.0944 -0.9662 -0.2400
vn -0.0918 -0.9784 -0.1850
vn -0.1388 -0.9726 -0.1864
vn -0.0494 -0.9521 -0.3017
vn -0.0474 -0.9697 -0.2395
vn -0.0000 -0.9534 -0.3017
vn -0.0000 -0.9709 -0.2393
vn -0.0000 -0.9830 -0.1835
vn -0.0458 -0.9819 -0.1839
vn 0.0494 -0.9521 -0.3017
vn 0.0474 -0.9697 -0.2395
vn 0.0978 -0.9484 -0.3016
vn 0.0944 -0.9662 -0.2400
vn 0.0918 -0.9784 -0.1850
vn 0.0458 -0.9819 -0.1839
vn 0.1458 -0.9423 -0.3014
vn 0.1417 -0.9602 -0.2407
vn 0.1942 -0.9338 -0.3006
vn 0.1904 -0.9516 -0.2414
vn 0.1881 -0.9640 -0.1881
vn 0.1388 -0.9726 -0.1864
vn 0.2438 -0.9226 -0.2991
vn 0.2422 -0.9395 -0.2422
vn 0.2968 -0.9076 -0.2968
vn 0.2991 -0.9226 -0.2438
vn 0.3006 -0.9338 -0.1942
vn 0.2414 -0.9516 -0.1904
vn -0.2407 -0.9602 -0.1417
vn -0.3014 -0.9423 -0.1458
vn -0.1864 -0.9726 -0.1388
vn -0.1850 -0.9784 -0.0918
vn -0.2400 -0.9662 -0.0944
vn -0.3016 -0.9484 -0.0978
vn -0.1364 -0.9812 -0.1364
vn -0.0890 -0.9870 -0.1338
vn -0.0847 -0.9928 -0.0847
vn -0.1338 -0.9870 -0.0890
vn -0.0437 -0.9904 -0.1313
vn -0.0000 -0.9915 -0.1301
vn -0.0000 -0.9970 -0.0770
vn -0.0397 -0.9960 -0.0795
vn 0.0437 -0.9904 -0.1313
vn 0.0890 -0.9870 -0.1338
vn 0.0847 -0.9928 -0.0847
vn 0.0397 -0.9960 -0.0795
vn 0.1364 -0.9812 -0.1364
vn 0.1864 -0.9726 -0.1388
vn 0.1850 -0.9784 -0.0918
vn 0.1338 -0.9870 -0.0890
vn 0.2407 -0.9602 -0.1417
vn 0.3014 -0.9423 -0.1458
vn 0.3016 -0.9484 -0.0978
vn 0.2400 -0.9662 -0.0944
vn -0.2395 -0.9697 -0.0474
vn -0.3017 -0.9521 -0.0494
vn -0.1839 -0.9819 -0.0458
vn -0.1835 -0.9830 -0.0000
vn -0.2393 -0.9709 -0.0000
vn -0.3017 -0.9534 -0.0000
vn -0.1313 -0.9904 -0.0437
vn -0.0795 -0.9960 -0.0397
vn -0.0770 -0.9970 -0.0000
vn -0.1301 -0.9915 -0.0000
vn -0.0344 -0.9988 -0.0344
vn -0.0000 -0.9995 -0.0318
vn -0.0000 -1.0000 -0.0000
vn -0.0318 -0.9995 -0.0000
vn 0.0344 -0.9988 -0.0344
vn 0.0795 -0.9960 -0.0397
vn 0.0770 -0.9970 -0.0000
vn 0.0318 -0.9995 -0.0000
vn 0.1313 -0.9904 -0.0437
vn 0.1839 -0.9819 -0.0458
vn 0.1835 -0.9830 -0.0000
vn 0.1301 -0.9915 -0.0000
vn 0.2395 -0.9697 -0.0474
vn 0.3017 -0.9521 -0.0494
vn 0.3017 -0.9534 -0.0000
vn 0.2393 -0.9709 -0.0000
vn -0.2395 -0.9697 0.0474
vn -0.3017 -0.9521 0.0494
vn -0.1839 -0.9819 0.0458
vn -0.1850 -0.9784 0.0918
vn -0.2400 -0.9662 0.0944
vn -0.3016 -0.9484 0.0978
vn -0.1313 -0.9904 0.0437
vn -0.0795 -0.9960 0.0397
vn -0.0847 -0.9928 0.0847
vn -0.1338 -0.9870 0.0890
vn -0.0344 -0.9988 0.0344
vn -0.0000 -0.9995 0.0318
vn -0.0000 -0.9970 0.0770
vn -0.0397 -0.9960 0.0795
vn 0.0344 -0.9988 0.0344
vn 0.0795 -0.9960 0.0397
vn 0.0847 -0.9928 0.0847
vn 0.0397 -0.9960 0.0795
vn 0.1313 -0.9904 0.0437
vn 0.1839 -0.9819 0.0458
vn 0.1850 -0.9784 0.0918
vn 0.1338 -0.9870 0.0890
vn 0.2395 -0.9697 0.0474
vn 0.3017 -0.9521 0.0494
vn 0.3016 -0.9484 0.0978
vn 0.2400 -0.9662 0.0944
vn -0.2407 -0.9602 0.1417
vn -0.3014 -0.9423 0.1458
vn -0.1864 -0.9726 0.1388
vn -0.1881 -0.9640 0.1881
vn -0.2414 -0.9516 0.1904
vn -0.3006 -0.9338 0.1942
vn -0.1364 -0.9812 0.1364
vn -0.0890 -0.9870 0.1338
vn -0.0918 -0.9784 0.1850
vn -0.1388 -0.9726 0.1864
vn -0.0437 -0.9904 0.1313
vn -0.0000 -0.9915 0.1301
vn -0.0000 -0.9830 0.1835
vn -0.0458 -0.9819 0.1839
vn 0.0437 -0.9904 0.1313
vn 0.0890 -0.9870 0.1338
vn 0.0918 -0.9784 0.1850
vn 0.0458 -0.9819 0.1839
vn 0.1364 -0.9812 0.1364
vn 0.1864 -0.9726 0.1388
vn 0.1881 -0.9640 0.1881
vn 0.1388 -0.9726 0.1864
vn 0.2407 -0.9602 0.1417
vn 0.3014 -0.9423 0.1458
vn 0.3006 -0.9338 0.1942
vn 0.2414 -0.9516 0.1904
vn -0.2422 -0.9395 0.2422
vn -0.2991 -0.9226 0.2438
vn -0.1904 -0.9516 0.2414
vn -0.1942 -0.9338 0.3006
vn -0.2438 -0.9226 0.2991
vn -0.2968 -0.9076 0.2968
vn -0.1417 -0.9602 0.2407
vn -0.0944 -0.9662 0.2400
vn -0.0978 -0.9484 0.3016
vn -0.1458 -0.9423 0.3014
vn -0.0474 -0.9697 0.2395
vn -0.0000 -0.9709 0.2393
vn -0.0000 -0.9534 0.3017
vn -0.0494 -0.9521 0.3017
vn 0.0474 -0.9697 0.2395
vn 0.0944 -0.9662 0.2400
vn 0.0978 -0.9484 0.3016
vn 0.0494 -0.9521 0.3017
vn 0.1417 -0.9602 0.2407
vn 0.1904 -0.9516 0.2414
vn 0.1942 -0.9338 0.3006
vn 0.1458 -0.9423 0.3014
vn 0.2422 -0.9395 0.2422
vn 0.2991 -0.9226 0.2438
vn 0.2968 -0.9076 0.2968
vn 0.2438 -0.9226 0.2991
vn -0.3594 -0.8326 -0.4214
vn -0.3516 -0.8676 -0.3516
vn -0.3084 -0.8487 -0.4297
vn -0.2971 -0.8851 -0.3583
vn -0.3583 -0.8851 -0.2971
vn -0.2605 -0.8613 -0.4362
vn -0.2486 -0.8977 -0.3637
vn -0.2117 -0.8718 -0.4417
vn -0.2007 -0.9082 -0.3674
vn -0.1611 -0.8803 -0.4462
vn -0.1520 -0.9166 -0.3698
vn -0.1091 -0.8866 -0.4495
vn -0.1027 -0.9228 -0.3714
vn -0.0555 -0.8905 -0.4516
vn -0.0520 -0.9267 -0.3723
vn -0.0000 -0.8918 -0.4524
vn -0.0000 -0.9280 -0.3726
vn 0.0555 -0.8905 -0.4516
vn 0.0520 -0.9267 -0.3723
vn 0.1091 -0.8866 -0.4495
vn 0.1027 -0.9228 -0.3714
vn 0.1611 -0.8803 -0.4462
vn 0.1520 -0.9166 -0.3698
vn 0.2117 -0.8718 -0.4417
vn 0.2007 -0.9082 -0.3674
vn 0.2605 -0.8613 -0.4362
vn 0.2486 -0.8977 -0.3637
vn 0.3084 -0.8487 -0.4297
vn 0.2971 -0.8851 -0.3583
vn 0.3594 -0.8326 -0.4214
vn 0.3516 -0.8676 -0.3516
vn 0.4080 -0.8167 -0.4080
vn 0.4214 -0.8326 -0.3594
vn 0.4297 -0.8487 -0.3084
vn 0.3583 -0.8851 -0.2971
vn 0.3637 -0.8977 -0.2486
vn 0.4362 -0.8613 -0.2605
vn 0.4417 -0.8718 -0.2117
vn 0.3674 -0.9082 -0.2007
vn 0.3698 -0.9166 -0.1520
vn 0.4462 -0.8803 -0.1611
vn 0.4495 -0.8866 -0.1091
vn 0.3714 -0.9228 -0.1027
vn 0.3723 -0.9267 -0.0520
vn 0.4516 -0.8905 -0.0555
vn 0.4524 -0.8918 -0.0000
vn 0.3726 -0.9280 -0.0000
vn 0.3723 -0.9267 0.0520
vn 0.4516 -0.8905 0.0555
vn 0.4495 -0.8866 0.1091
vn 0.3714 -0.9228 0.1027
vn 0.3698 -0.9166 0.1520
vn 0.4462 -0.8803 0.1611
vn 0.4417 -0.8718 0.2117
vn 0.3674 -0.9082 0.2007
vn 0.3637 -0.8977 0.2486
vn 0.4362 -0.8613 0.2605
vn 0.4297 -0.8487 0.3084
vn 0.3583 -0.8851 0.2971
vn 0.3516 -0.8676 0.3516
vn 0.2971 -0.8851 0.3583
vn 0.4214 -0.8326 0.3594
vn 0.2486 -0.8977 0.3637
vn 0.2007 -0.9082 0.3674
vn 0.1520 -0.9166 0.3698
vn 0.1027 -0.9228 0.3714
vn 0.0520 -0.9267 0.3723
vn -0.0000 -0.9280 0.3726
vn -0.0520 -0.9267 0.3723
vn -0.1027 -0.9228 0.3714
vn -0.1520 -0.9166 0.3698
vn -0.2007 -0.9082 0.3674
vn -0.2486 -0.8977 0.3637
vn -0.2971 -0.8851 0.3583
vn -0.3583 -0.8851 0.2971
vn -0.3516 -0.8676 0.3516
vn -0.3674 -0.9082 0.2007
vn -0.3637 -0.8977 0.2486
vn -0.3714 -0.9228 0.1027
vn -0.3698 -0.9166 0.1520
vn -0.3726 -0.9280 -0.0000
vn -0.3723 -0.9267 0.0520
vn -0.3714 -0.9228 -0.1027
vn -0.3723 -0.9267 -0.0520
vn -0.3674 -0.9082 -0.2007
vn -0.3698 -0.9166 -0.1520
vn -0.3637 -0.8977 -0.2486
vn 0.5637 -0.7402 -0.3666
vn 0.6178 -0.6780 -0.3982
vn 0.6458 -0.6876 -0.3317
vn 0.5819 -0.7535 -0.3059
vn 0.6666 -0.6111 -0.4268
vn 0.7024 -0.6165 -0.3556
vn 0.7298 -0.6215 -0.2849
vn 0.6670 -0.6959 -0.2663
vn 0.5962 -0.7641 -0.2464
vn 0.7103 -0.5398 -0.4519
vn 0.7517 -0.5416 -0.3763
vn 0.7482 -0.4651 -0.4732
vn 0.7934 -0.4643 -0.3936
vn 0.8287 -0.4631 -0.3143
vn 0.7837 -0.5433 -0.3010
vn 0.7800 -0.3882 -0.4908
vn 0.8277 -0.3857 -0.4075
vn 0.8055 -0.3106 -0.5048
vn 0.8546 -0.3077 -0.4183
vn 0.8926 -0.3044 -0.3325
vn 0.8649 -0.3829 -0.3247
vn 0.8242 -0.2358 -0.5149
vn 0.8742 -0.2333 -0.4259
vn 0.8366 -0.1674 -0.5217
vn 0.8870 -0.1656 -0.4310
vn 0.9255 -0.1635 -0.3415
vn 0.9125 -0.2305 -0.3380
vn 0.8440 -0.1065 -0.5257
vn 0.8947 -0.1053 -0.4340
vn 0.8477 -0.0533 -0.5277
vn 0.8986 -0.0527 -0.4355
vn 0.9373 -0.0520 -0.3447
vn 0.9333 -0.1041 -0.3437
vn 0.8490 -0.0073 -0.5283
vn 0.8999 -0.0071 -0.4360
vn 0.8486 0.0323 -0.5280
vn 0.8995 0.0322 -0.4357
vn 0.9381 0.0321 -0.3448
vn 0.9386 -0.0069 -0.3450
vn 0.6831 -0.7021 -0.2011
vn 0.6076 -0.7719 -0.1868
vn 0.7503 -0.6253 -0.2146
vn 0.7650 -0.6277 -0.1440
vn 0.6947 -0.7064 -0.1355
vn 0.6161 -0.7775 -0.1262
vn 0.8078 -0.5443 -0.2262
vn 0.8552 -0.4617 -0.2355
vn 0.8737 -0.4603 -0.1571
vn 0.8249 -0.5447 -0.1513
vn 0.8926 -0.3800 -0.2427
vn 0.9208 -0.3012 -0.2480
vn 0.9401 -0.2985 -0.1646
vn 0.9118 -0.3775 -0.1615
vn 0.9406 -0.2278 -0.2516
vn 0.9536 -0.1616 -0.2540
vn 0.9727 -0.1600 -0.1682
vn 0.9598 -0.2256 -0.1668
vn 0.9614 -0.1029 -0.2554
vn 0.9653 -0.0514 -0.2561
vn 0.9842 -0.0509 -0.1694
vn 0.9803 -0.1019 -0.1690
vn 0.9666 -0.0067 -0.2562
vn 0.9661 0.0320 -0.2560
vn 0.9850 0.0320 -0.1694
vn 0.9855 -0.0065 -0.1695
vn 0.7020 -0.7089 -0.0685
vn 0.6215 -0.7808 -0.0640
vn 0.7740 -0.6291 -0.0726
vn 0.7770 -0.6295 -0.0000
vn 0.7045 -0.7097 -0.0000
vn 0.6234 -0.7819 -0.0000
vn 0.8352 -0.5447 -0.0760
vn 0.8848 -0.4592 -0.0787
vn 0.8885 -0.4588 -0.0000
vn 0.8387 -0.5447 -0.0000
vn 0.9232 -0.3757 -0.0807
vn 0.9514 -0.2967 -0.0821
vn 0.9552 -0.2961 -0.0000
vn 0.9270 -0.3751 -0.0000
vn 0.9710 -0.2242 -0.0831
vn 0.9837 -0.1590 -0.0837
vn 0.9873 -0.1586 -0.0000
vn 0.9747 -0.2237 -0.0000
vn 0.9913 -0.1012 -0.0841
vn 0.9952 -0.0505 -0.0843
vn 0.9987 -0.0504 -0.0000
vn 0.9949 -0.1010 -0.0000
vn 0.9964 -0.0064 -0.0843
vn 0.9959 0.0320 -0.0843
vn 0.9995 0.0320 -0.0000
vn 1.0000 -0.0063 -0.0000
vn 0.7020 -0.7089 0.0685
vn 0.6215 -0.7808 0.0640
vn 0.7740 -0.6291 0.0726
vn 0.7650 -0.6277 0.1440
vn 0.6947 -0.7064 0.1355
vn 0.6161 -0.7775 0.1262
vn 0.8352 -0.5447 0.0760
vn 0.8848 -0.4592 0.0787
vn 0.8737 -0.4603 0.1571
vn 0.8249 -0.5447 0.1513
vn 0.9232 -0.3757 0.0807
vn 0.9514 -0.2968 0.0821
vn 0.9401 -0.2985 0.1646
vn 0.9118 -0.3775 0.1615
vn 0.9710 -0.2242 0.0831
vn 0.9837 -0.1590 0.0837
vn 0.9727 -0.1600 0.1682
vn 0.9598 -0.2256 0.1668
vn 0.9913 -0.1012 0.0841
vn 0.9952 -0.0505 0.0843
vn 0.9842 -0.0509 0.1694
vn 0.9803 -0.1019 0.1690
vn 0.9964 -0.0064 0.0843
vn 0.9959 0.0320 0.0843
vn 0.9850 0.0320 0.1694
vn 0.9855 -0.0065 0.1695
vn 0.6831 -0.7021 0.2011
vn 0.6076 -0.7719 0.1868
vn 0.7503 -0.6253 0.2146
vn 0.7298 -0.6215 0.2849
vn 0.6670 -0.6959 0.2663
vn 0.5962 -0.7641 0.2464
vn 0.8078 -0.5443 0.2262
vn 0.8552 -0.4617 0.2355
vn 0.8287 -0.4631 0.3143
vn 0.7837 -0.5433 0.3010
vn 0.8926 -0.3800 0.2427
vn 0.9208 -0.3012 0.2480
vn 0.8926 -0.3044 0.3325
vn 0.8649 -0.3829 0.3247
vn 0.9406 -0.2278 0.2516
vn 0.9536 -0.1616 0.2540
vn 0.9255 -0.1635 0.3415
vn 0.9125 -0.2305 0.3380
vn 0.9614 -0.1029 0.2554
vn 0.9653 -0.0514 0.2561
vn 0.9373 -0.0520 0.3447
vn 0.9333 -0.1041 0.3437
vn 0.9666 -0.0067 0.2562
vn 0.9661 0.0320 0.2560
vn 0.9381 0.0321 0.3448
vn 0.9386 -0.0069 0.3450
vn 0.6458 -0.6876 0.3317
vn 0.5819 -0.7535 0.3059
vn 0.7024 -0.6165 0.3556
vn 0.6666 -0.6111 0.4268
vn 0.6178 -0.6780 0.3982
vn 0.5637 -0.7402 0.3666
vn 0.7517 -0.5416 0.3763
vn 0.7934 -0.4643 0.3936
vn 0.7482 -0.4651 0.4732
vn 0.7103 -0.5398 0.4519
vn 0.8277 -0.3857 0.4075
vn 0.8546 -0.3077 0.4183
vn 0.8055 -0.3106 0.5048
vn 0.7800 -0.3882 0.4908
vn 0.8742 -0.2333 0.4259
vn 0.8870 -0.1656 0.4310
vn 0.8366 -0.1674 0.5217
vn 0.8242 -0.2358 0.5149
vn 0.8947 -0.1053 0.4340
vn 0.8986 -0.0527 0.4355
vn 0.8478 -0.0533 0.5277
vn 0.8440 -0.1065 0.5257
vn 0.8999 -0.0071 0.4360
vn 0.8995 0.0322 0.4357
vn 0.8486 0.0323 0.5280
vn 0.8490 -0.0073 0.5283
vn 0.4506 -0.7707 -0.4506
vn 0.4863 -0.7811 -0.3915
vn 0.4911 -0.7195 -0.4911
vn 0.5363 -0.7262 -0.4301
vn 0.5013 -0.7982 -0.3341
vn 0.5278 -0.6654 -0.5278
vn 0.5795 -0.6692 -0.4651
vn 0.5631 -0.6048 -0.5631
vn 0.6204 -0.6066 -0.4971
vn 0.5962 -0.5377 -0.5962
vn 0.6584 -0.5383 -0.5261
vn 0.6257 -0.4659 -0.6257
vn 0.6922 -0.4657 -0.5514
vn 0.6509 -0.3906 -0.6509
vn 0.7209 -0.3900 -0.5729
vn 0.6715 -0.3134 -0.6715
vn 0.7443 -0.3126 -0.5902
vn 0.6867 -0.2382 -0.6867
vn 0.7616 -0.2376 -0.6029
vn 0.6969 -0.1692 -0.6969
vn 0.7731 -0.1687 -0.6114
vn 0.7030 -0.1076 -0.7030
vn 0.7800 -0.1073 -0.6165
vn 0.7061 -0.0539 -0.7061
vn 0.7835 -0.0537 -0.6191
vn 0.7071 -0.0075 -0.7071
vn 0.7846 -0.0075 -0.6199
vn 0.7067 0.0324 -0.7067
vn 0.7843 0.0323 -0.6196
vn 0.7055 0.0670 -0.7055
vn 0.7829 0.0669 -0.6185
vn 0.7037 0.0981 -0.7037
vn 0.7809 0.0979 -0.6169
vn 0.8450 0.0976 -0.5257
vn 0.8472 0.0667 -0.5271
vn 0.8980 0.0664 -0.4349
vn 0.8958 0.0971 -0.4338
vn 0.9342 0.0967 -0.3433
vn 0.9366 0.0661 -0.3442
vn 0.9645 0.0658 -0.2556
vn 0.9622 0.0962 -0.2549
vn 0.9810 0.0959 -0.1686
vn 0.9834 0.0656 -0.1691
vn 0.9943 0.0655 -0.0841
vn 0.9919 0.0957 -0.0839
vn 0.9954 0.0956 -0.0000
vn 0.9979 0.0654 -0.0000
vn 0.9943 0.0655 0.0841
vn 0.9919 0.0957 0.0839
vn 0.9810 0.0959 0.1686
vn 0.9834 0.0656 0.1691
vn 0.9645 0.0658 0.2556
vn 0.9622 0.0962 0.2549
vn 0.9342 0.0967 0.3433
vn 0.9366 0.0661 0.3442
vn 0.8980 0.0664 0.4349
vn 0.8958 0.0971 0.4338
vn 0.8450 0.0976 0.5257
vn 0.8472 0.0667 0.5271
vn 0.7829 0.0669 0.6185
vn 0.7843 0.0323 0.6196
vn 0.7809 0.0979 0.6169
vn 0.7846 -0.0075 0.6199
vn 0.7835 -0.0537 0.6191
vn 0.7800 -0.1073 0.6165
vn 0.7731 -0.1687 0.6114
vn 0.7616 -0.2376 0.6029
vn 0.7443 -0.3126 0.5902
vn 0.7209 -0.3900 0.5729
vn 0.6922 -0.4657 0.5514
vn 0.6584 -0.5383 0.5261
vn 0.6204 -0.6066 0.4971
vn 0.5795 -0.6692 0.4651
vn 0.5363 -0.7262 0.4301
vn 0.5013 -0.7982 0.3341
vn 0.4863 -0.7811 0.3915
vn 0.5198 -0.8235 0.2274
vn 0.5112 -0.8124 0.2807
vn 0.5328 -0.8381 0.1172
vn 0.5272 -0.8320 0.1730
vn 0.5378 -0.8431 -0.0000
vn 0.5365 -0.8418 0.0595
vn 0.5328 -0.8381 -0.1172
vn 0.5365 -0.8418 -0.0595
vn 0.5198 -0.8235 -0.2274
vn 0.5272 -0.8320 -0.1730
vn 0.5112 -0.8124 -0.2807
vn -0.3666 -0.7402 -0.5637
vn -0.3982 -0.6780 -0.6178
vn -0.3317 -0.6876 -0.6458
vn -0.3059 -0.7535 -0.5819
vn -0.4268 -0.6111 -0.6666
vn -0.3556 -0.6165 -0.7024
vn -0.2849 -0.6215 -0.7298
vn -0.2663 -0.6959 -0.6670
vn -0.2464 -0.7641 -0.5962
vn -0.4519 -0.5398 -0.7103
vn -0.3763 -0.5416 -0.7517
vn -0.4732 -0.4651 -0.7482
vn -0.3936 -0.4643 -0.7934
vn -0.3143 -0.4631 -0.8287
vn -0.3010 -0.5433 -0.7837
vn -0.4908 -0.3882 -0.7800
vn -0.4075 -0.3857 -0.8277
vn -0.5048 -0.3106 -0.8055
vn -0.4183 -0.3077 -0.8546
vn -0.3325 -0.3044 -0.8926
vn -0.3247 -0.3829 -0.8649
vn -0.5149 -0.2358 -0.8242
vn -0.4259 -0.2333 -0.8742
vn -0.5217 -0.1674 -0.8366
vn -0.4310 -0.1656 -0.8870
vn -0.3415 -0.1635 -0.9255
vn -0.3380 -0.2305 -0.9125
vn -0.5257 -0.1065 -0.8440
vn -0.4340 -0.1053 -0.8947
vn -0.5277 -0.0533 -0.8478
vn -0.4355 -0.0527 -0.8986
vn -0.3447 -0.0520 -0.9373
vn -0.3437 -0.1041 -0.9333
vn -0.5283 -0.0073 -0.8490
vn -0.4360 -0.0071 -0.8999
vn -0.5280 0.0323 -0.8486
vn -0.4357 0.0322 -0.8995
vn -0.3448 0.0321 -0.9381
vn -0.3450 -0.0069 -0.9386
vn -0.2011 -0.7021 -0.6831
vn -0.1868 -0.7719 -0.6076
vn -0.2146 -0.6253 -0.7503
vn -0.1440 -0.6277 -0.7650
vn -0.1355 -0.7064 -0.6947
vn -0.1262 -0.7775 -0.6161
vn -0.2262 -0.5443 -0.8078
vn -0.2355 -0.4617 -0.8552
vn -0.1571 -0.4603 -0.8737
vn -0.1513 -0.5447 -0.8249
vn -0.2427 -0.3800 -0.8926
vn -0.2480 -0.3012 -0.9208
vn -0.1646 -0.2985 -0.9401
vn -0.1615 -0.3775 -0.9118
vn -0.2516 -0.2278 -0.9406
vn -0.2540 -0.1616 -0.9536
vn -0.1682 -0.1600 -0.9727
vn -0.1668 -0.2256 -0.9598
vn -0.2554 -0.1029 -0.9614
vn -0.2561 -0.0514 -0.9653
vn -0.1694 -0.0509 -0.9842
vn -0.1690 -0.1019 -0.9803
vn -0.2562 -0.0067 -0.9666
vn -0.2560 0.0320 -0.9661
vn -0.1694 0.0320 -0.9850
vn -0.1695 -0.0065 -0.9855
vn -0.0685 -0.7089 -0.7020
vn -0.0640 -0.7808 -0.6215
vn -0.0726 -0.6291 -0.7740
vn -0.0000 -0.6295 -0.7770
vn -0.0000 -0.7097 -0.7045
vn -0.0000 -0.7819 -0.6234
vn -0.0760 -0.5447 -0.8352
vn -0.0787 -0.4592 -0.8848
vn -0.0000 -0.4588 -0.8885
vn -0.0000 -0.5447 -0.8387
vn -0.0807 -0.3757 -0.9232
vn -0.0821 -0.2967 -0.9514
vn -0.0000 -0.2961 -0.9552
vn -0.0000 -0.3751 -0.9270
vn -0.0831 -0.2242 -0.9710
vn -0.0837 -0.1590 -0.9837
vn -0.0000 -0.1586 -0.9873
vn -0.0000 -0.2237 -0.9747
vn -0.0841 -0.1012 -0.9913
vn -0.0843 -0.0505 -0.9952
vn -0.0000 -0.0504 -0.9987
vn -0.0000 -0.1010 -0.9949
vn -0.0843 -0.0064 -0.9964
vn -0.0843 0.0320 -0.9959
vn -0.0000 0.0320 -0.9995
vn -0.0000 -0.0063 -1.0000
vn 0.0685 -0.7089 -0.7020
vn 0.0640 -0.7808 -0.6215
vn 0.0726 -0.6291 -0.7740
vn 0.1440 -0.6277 -0.7650
vn 0.1355 -0.7064 -0.6947
vn 0.1262 -0.7775 -0.6161
vn 0.0760 -0.5447 -0.8352
vn 0.0787 -0.4592 -0.8848
vn 0.1571 -0.4603 -0.8737
vn 0.1513 -0.5447 -0.8249
vn 0.0807 -0.3757 -0.9232
vn 0.0821 -0.2968 -0.9514
vn 0.1646 -0.2985 -0.9401
vn 0.1615 -0.3775 -0.9118
vn 0.0831 -0.2242 -0.9710
vn 0.0837 -0.1590 -0.9837
vn 0.1682 -0.1600 -0.9727
vn 0.1668 -0.2256 -0.9598
vn 0.0841 -0.1012 -0.9913
vn 0.0843 -0.0505 -0.9952
vn 0.1694 -0.0509 -0.9842
vn 0.1690 -0.1019 -0.9803
vn 0.0843 -0.0064 -0.9964
vn 0.0843 0.0320 -0.9959
vn 0.1694 0.0320 -0.9850
vn 0.1695 -0.0065 -0.9855
vn 0.2011 -0.7021 -0.6831
vn 0.1868 -0.7719 -0.6076
vn 0.2146 -0.6253 -0.7503
vn 0.2849 -0.6215 -0.7298
vn 0.2663 -0.6959 -0.6670
vn 0.2464 -0.7641 -0.5962
vn 0.2262 -0.5443 -0.8078
vn 0.2355 -0.4617 -0.8552
vn 0.3143 -0.4631 -0.8287
vn 0.3010 -0.5433 -0.7837
vn 0.2427 -0.3800 -0.8926
vn 0.2480 -0.3012 -0.9208
vn 0.3325 -0.3044 -0.8926
vn 0.3247 -0.3829 -0.8649
vn 0.2516 -0.2278 -0.9406
vn 0.2540 -0.1616 -0.9536
vn 0.3415 -0.1635 -0.9255
vn 0.3380 -0.2305 -0.9125
vn 0.2554 -0.1029 -0.9614
vn 0.2561 -0.0514 -0.9653
vn 0.3447 -0.0520 -0.9373
vn 0.3437 -0.1041 -0.9333
vn 0.2562 -0.0067 -0.9666
vn 0.2560 0.0320 -0.9661
vn 0.3448 0.0321 -0.9381
vn 0.3450 -0.0069 -0.9386
vn 0.3317 -0.6876 -0.6458
vn 0.3059 -0.7535 -0.5819
vn 0.3556 -0.6165 -0.7024
vn 0.4268 -0.6111 -0.6666
vn 0.3982 -0.6780 -0.6178
vn 0.3666 -0.7402 -0.5637
vn 0.3763 -0.5416 -0.7517
vn 0.3936 -0.4643 -0.7934
vn 0.4732 -0.4651 -0.7482
vn 0.4519 -0.5398 -0.7103
vn 0.4075 -0.3857 -0.8277
vn 0.4183 -0.3077 -0.8546
vn 0.5048 -0.3106 -0.8055
vn 0.4908 -0.3882 -0.7800
vn 0.4259 -0.2333 -0.8742
vn 0.4310 -0.1656 -0.8870
vn 0.5217 -0.1674 -0.8366
vn 0.5149 -0.2358 -0.8242
vn 0.4340 -0.1053 -0.8947
vn 0.4355 -0.0527 -0.8986
vn 0.5277 -0.0533 -0.8478
vn 0.5257 -0.1065 -0.8440
vn 0.4360 -0.0071 -0.8999
vn 0.4357 0.0322 -0.8995
vn 0.5280 0.0323 -0.8486
vn 0.5283 -0.0073 -0.8490
vn -0.3915 -0.7811 -0.4863
vn -0.4301 -0.7262 -0.5363
vn -0.3341 -0.7982 -0.5013
vn -0.4651 -0.6692 -0.5795
vn -0.4971 -0.6066 -0.6204
vn -0.5261 -0.5383 -0.6584
vn -0.5514 -0.4657 -0.6922
vn -0.5729 -0.3900 -0.7209
vn -0.5902 -0.3126 -0.7443
vn -0.6029 -0.2376 -0.7616
vn -0.6114 -0.1687 -0.7731
vn -0.6165 -0.1073 -0.7800
vn -0.6191 -0.0537 -0.7835
vn -0.6199 -0.0075 -0.7846
vn -0.6196 0.0323 -0.7843
vn -0.6185 0.0669 -0.7829
vn -0.6169 0.0979 -0.7809
vn -0.5257 0.0976 -0.8450
vn -0.5271 0.0667 -0.8472
vn -0.4349 0.0664 -0.8980
vn -0.4338 0.0971 -0.8958
vn -0.3433 0.0967 -0.9342
vn -0.3442 0.0661 -0.9366
vn -0.2556 0.0658 -0.9645
vn -0.2549 0.0962 -0.9622
vn -0.1686 0.0959 -0.9810
vn -0.1691 0.0656 -0.9834
vn -0.0841 0.0655 -0.9943
vn -0.0839 0.0957 -0.9919
vn -0.0000 0.0956 -0.9954
vn -0.0000 0.0654 -0.9979
vn 0.0841 0.0655 -0.9943
vn 0.0839 0.0957 -0.9919
vn 0.1686 0.0959 -0.9810
vn 0.1691 0.0656 -0.9834
vn 0.2556 0.0658 -0.9645
vn 0.2549 0.0962 -0.9622
vn 0.3433 0.0967 -0.9342
vn 0.3442 0.0661 -0.9366
vn 0.4349 0.0664 -0.8980
vn 0.4338 0.0971 -0.8958
vn 0.5257 0.0976 -0.8450
vn 0.5271 0.0667 -0.8472
vn 0.6185 0.0669 -0.7829
vn 0.6196 0.0323 -0.7843
vn 0.6169 0.0979 -0.7809
vn 0.6199 -0.0075 -0.7846
vn 0.6191 -0.0537 -0.7835
vn 0.6165 -0.1073 -0.7800
vn 0.6114 -0.1687 -0.7731
vn 0.6029 -0.2376 -0.7616
vn 0.5902 -0.3126 -0.7443
vn 0.5729 -0.3900 -0.7209
vn 0.5514 -0.4657 -0.6922
vn 0.5261 -0.5383 -0.6584
vn 0.4971 -0.6066 -0.6204
vn 0.4651 -0.6692 -0.5795
vn 0.4301 -0.7262 -0.5363
vn 0.3341 -0.7982 -0.5013
vn 0.3915 -0.7811 -0.4863
vn 0.2274 -0.8235 -0.5198
vn 0.2807 -0.8124 -0.5112
vn 0.1172 -0.8381 -0.5328
vn 0.1730 -0.8320 -0.5272
vn -0.0000 -0.8431 -0.5378
vn 0.0595 -0.8418 -0.5365
vn -0.1172 -0.8381 -0.5328
vn -0.0595 -0.8418 -0.5365
vn -0.2274 -0.8235 -0.5198
vn -0.1730 -0.8320 -0.5272
vn -0.2807 -0.8124 -0.5112
vn -0.5255 0.1021 0.8446
vn -0.4336 0.1014 0.8954
vn -0.4332 0.1130 0.8942
vn -0.5249 0.1138 0.8435
vn -0.3432 0.1008 0.9338
vn -0.3429 0.1121 0.9327
vn -0.3422 0.1343 0.9300
vn -0.4322 0.1355 0.8916
vn -0.5236 0.1366 0.8410
vn -0.2549 0.1001 0.9618
vn -0.2547 0.1113 0.9606
vn -0.1686 0.0996 0.9806
vn -0.1685 0.1107 0.9795
vn -0.1682 0.1322 0.9768
vn -0.2542 0.1331 0.9579
vn -0.0839 0.0993 0.9915
vn -0.0838 0.1102 0.9904
vn -0.0000 0.0992 0.9951
vn -0.0000 0.1101 0.9939
vn -0.0000 0.1314 0.9913
vn -0.0837 0.1316 0.9878
vn 0.0839 0.0993 0.9915
vn 0.0838 0.1102 0.9904
vn 0.1686 0.0996 0.9806
vn 0.1685 0.1107 0.9795
vn 0.1682 0.1322 0.9768
vn 0.0837 0.1316 0.9878
vn 0.2549 0.1001 0.9618
vn 0.2547 0.1113 0.9606
vn 0.3432 0.1008 0.9338
vn 0.3429 0.1121 0.9327
vn 0.3422 0.1343 0.9300
vn 0.2542 0.1331 0.9579
vn 0.4336 0.1014 0.8954
vn 0.4332 0.1130 0.8942
vn 0.5255 0.1021 0.8446
vn 0.5249 0.1138 0.8435
vn 0.5236 0.1366 0.8410
vn 0.4322 0.1355 0.8916
vn -0.4304 0.1682 0.8869
vn -0.5211 0.1697 0.8364
vn -0.3409 0.1664 0.9253
vn -0.3388 0.2084 0.9175
vn -0.4274 0.2107 0.8791
vn -0.5172 0.2129 0.8290
vn -0.2534 0.1648 0.9532
vn -0.1677 0.1635 0.9722
vn -0.1670 0.2043 0.9646
vn -0.2520 0.2061 0.9455
vn -0.0835 0.1627 0.9831
vn -0.0000 0.1624 0.9867
vn -0.0000 0.2027 0.9792
vn -0.0832 0.2031 0.9756
vn 0.0835 0.1627 0.9831
vn 0.1677 0.1635 0.9722
vn 0.1670 0.2043 0.9646
vn 0.0832 0.2031 0.9756
vn 0.2534 0.1648 0.9532
vn 0.3409 0.1664 0.9253
vn 0.3388 0.2084 0.9175
vn 0.2520 0.2061 0.9455
vn 0.4304 0.1682 0.8869
vn 0.5211 0.1697 0.8364
vn 0.5172 0.2129 0.8290
vn 0.4274 0.2107 0.8791
vn -0.4229 0.2626 0.8673
vn -0.5111 0.2653 0.8175
vn -0.3357 0.2596 0.9055
vn -0.3311 0.3194 0.8879
vn -0.4164 0.3228 0.8500
vn -0.5023 0.3259 0.8009
vn -0.2500 0.2567 0.9336
vn -0.1658 0.2543 0.9528
vn -0.1641 0.3133 0.9354
vn -0.2471 0.3161 0.9160
vn -0.0826 0.2527 0.9640
vn -0.0000 0.2522 0.9677
vn -0.0000 0.3107 0.9505
vn -0.0819 0.3114 0.9467
vn 0.0826 0.2527 0.9640
vn 0.1658 0.2543 0.9528
vn 0.1641 0.3133 0.9354
vn 0.0819 0.3114 0.9467
vn 0.2500 0.2567 0.9336
vn 0.3357 0.2596 0.9055
vn 0.3311 0.3194 0.8879
vn 0.2471 0.3161 0.9160
vn 0.4229 0.2626 0.8673
vn 0.5111 0.2653 0.8175
vn 0.5023 0.3259 0.8009
vn 0.4164 0.3228 0.8500
vn -0.4074 0.3887 0.8264
vn -0.4904 0.3913 0.7787
vn -0.3247 0.3857 0.8636
vn -0.3160 0.4560 0.8320
vn -0.3956 0.4574 0.7964
vn -0.4754 0.4585 0.7509
vn -0.2428 0.3826 0.8914
vn -0.1616 0.3800 0.9107
vn -0.1581 0.4529 0.8774
vn -0.2370 0.4544 0.8587
vn -0.0808 0.3782 0.9222
vn -0.0000 0.3776 0.9260
vn -0.0000 0.4513 0.8924
vn -0.0792 0.4517 0.8886
vn 0.0808 0.3782 0.9222
vn 0.1616 0.3800 0.9107
vn 0.1581 0.4529 0.8774
vn 0.0792 0.4517 0.8886
vn 0.2428 0.3826 0.8914
vn 0.3247 0.3857 0.8636
vn 0.3160 0.4560 0.8320
vn 0.2370 0.4544 0.8587
vn 0.4074 0.3887 0.8264
vn 0.4904 0.3913 0.7787
vn 0.4754 0.4585 0.7509
vn 0.3956 0.4574 0.7964
vn -0.3808 0.5275 0.7595
vn -0.4569 0.5259 0.7174
vn -0.3047 0.5288 0.7921
vn -0.2906 0.6025 0.7433
vn -0.3625 0.5978 0.7150
vn -0.4347 0.5926 0.6782
vn -0.2291 0.5296 0.8167
vn -0.1533 0.5299 0.8341
vn -0.1471 0.6085 0.7798
vn -0.2190 0.6061 0.7646
vn -0.0770 0.5298 0.8446
vn -0.0000 0.5297 0.8482
vn -0.0000 0.6101 0.7923
vn -0.0741 0.6098 0.7891
vn 0.0770 0.5298 0.8446
vn 0.1533 0.5299 0.8341
vn 0.1471 0.6085 0.7798
vn 0.0741 0.6098 0.7891
vn 0.2291 0.5296 0.8167
vn 0.3047 0.5288 0.7921
vn 0.2906 0.6025 0.7433
vn 0.2190 0.6061 0.7646
vn 0.3808 0.5275 0.7595
vn 0.4569 0.5259 0.7174
vn 0.4347 0.5926 0.6782
vn 0.3625 0.5978 0.7150
vn -0.3408 0.6669 0.6627
vn -0.4085 0.6573 0.6333
vn -0.2738 0.6751 0.6850
vn -0.2554 0.7440 0.6174
vn -0.3166 0.7331 0.6019
vn -0.3789 0.7194 0.5822
vn -0.2070 0.6814 0.7020
vn -0.1395 0.6857 0.7144
vn -0.1310 0.7580 0.6390
vn -0.1938 0.7522 0.6298
vn -0.0705 0.6882 0.7221
vn -0.0000 0.6890 0.7247
vn -0.0000 0.7626 0.6469
vn -0.0665 0.7614 0.6449
vn 0.0705 0.6882 0.7221
vn 0.1395 0.6857 0.7144
vn 0.1310 0.7580 0.6390
vn 0.0665 0.7614 0.6449
vn 0.2070 0.6814 0.7020
vn 0.2738 0.6751 0.6850
vn 0.2554 0.7440 0.6174
vn 0.1938 0.7522 0.6298
vn 0.3408 0.6669 0.6627
vn 0.4085 0.6573 0.6333
vn 0.3789 0.7194 0.5822
vn 0.3166 0.7331 0.6019
vn -0.7024 0.1155 0.7024
vn -0.6157 0.1153 0.7795
vn -0.6166 0.1025 0.7806
vn -0.7034 0.1026 0.7034
vn -0.5247 0.1148 0.8435
vn -0.5255 0.1020 0.8447
vn -0.7034 0.1027 0.7034
vn -0.4329 0.1143 0.8942
vn -0.4336 0.1015 0.8954
vn -0.3426 0.1136 0.9326
vn -0.3431 0.1009 0.9339
vn -0.2544 0.1131 0.9605
vn -0.2548 0.1004 0.9618
vn -0.1683 0.1127 0.9793
vn -0.1686 0.0999 0.9806
vn -0.0837 0.1124 0.9901
vn -0.0839 0.0997 0.9915
vn -0.0000 0.1123 0.9937
vn -0.0000 0.0996 0.9950
vn 0.0837 0.1124 0.9901
vn 0.0839 0.0997 0.9915
vn 0.1683 0.1127 0.9793
vn 0.1686 0.0999 0.9806
vn 0.2544 0.1131 0.9605
vn 0.2548 0.1004 0.9618
vn 0.3426 0.1136 0.9326
vn 0.3431 0.1009 0.9339
vn 0.4329 0.1143 0.8942
vn 0.4336 0.1015 0.8954
vn 0.5247 0.1148 0.8435
vn 0.5255 0.1020 0.8447
vn 0.6157 0.1153 0.7795
vn 0.6166 0.1025 0.7806
vn 0.7024 0.1155 0.7024
vn 0.7034 0.1026 0.7034
vn 0.7034 0.1027 0.7034
vn 0.6159 0.1144 0.7795
vn 0.7024 0.1147 0.7024
vn 0.7004 0.1377 0.7004
vn 0.6141 0.1374 0.7772
vn 0.6110 0.1708 0.7729
vn 0.6967 0.1713 0.6967
vn 0.6906 0.2150 0.6906
vn 0.6060 0.2144 0.7660
vn 0.5982 0.2673 0.7554
vn 0.6812 0.2680 0.6812
vn 0.6678 0.3288 0.6678
vn 0.5871 0.3280 0.7401
vn 0.5722 0.3932 0.7197
vn 0.6499 0.3939 0.6499
vn 0.6280 0.4595 0.6280
vn 0.5537 0.4592 0.6947
vn 0.5316 0.5246 0.6650
vn 0.6022 0.5241 0.6022
vn 0.5727 0.5866 0.5727
vn 0.5058 0.5883 0.6309
vn 0.4766 0.6485 0.5936
vn 0.5405 0.6447 0.5405
vn 0.5062 0.6982 0.5062
vn 0.4438 0.7051 0.5531
vn 0.4067 0.7613 0.5050
vn 0.3478 0.7792 0.5215
vn 0.4674 0.7504 0.4674
vn 0.4257 0.7985 0.4257
vn 0.3757 0.8154 0.4404
vn 0.3230 0.8326 0.4499
vn 0.2926 0.7941 0.5326
vn 0.2374 0.8059 0.5424
vn 0.2732 0.8462 0.4574
vn 0.2223 0.8576 0.4638
vn 0.1808 0.8149 0.5506
vn 0.1226 0.8215 0.5569
vn 0.1694 0.8668 0.4690
vn 0.1148 0.8736 0.4728
vn 0.0623 0.8255 0.5610
vn -0.0000 0.8268 0.5624
vn 0.0584 0.8779 0.4753
vn -0.0000 0.8794 0.4762
vn -0.0623 0.8255 0.5610
vn -0.1226 0.8215 0.5569
vn -0.0584 0.8779 0.4753
vn -0.1148 0.8736 0.4728
vn -0.1808 0.8149 0.5506
vn -0.2374 0.8059 0.5424
vn -0.1694 0.8668 0.4690
vn -0.2223 0.8576 0.4638
vn -0.2926 0.7941 0.5326
vn -0.3478 0.7792 0.5215
vn -0.2732 0.8462 0.4574
vn -0.3230 0.8326 0.4499
vn -0.5062 0.6982 0.5062
vn -0.4438 0.7051 0.5531
vn -0.4067 0.7613 0.5050
vn -0.4674 0.7504 0.4674
vn -0.3757 0.8154 0.4404
vn -0.4257 0.7985 0.4257
vn -0.5727 0.5866 0.5727
vn -0.5058 0.5883 0.6309
vn -0.4766 0.6485 0.5936
vn -0.5405 0.6447 0.5405
vn -0.6280 0.4595 0.6280
vn -0.5537 0.4592 0.6947
vn -0.5316 0.5246 0.6650
vn -0.6022 0.5241 0.6022
vn -0.6678 0.3288 0.6678
vn -0.5871 0.3280 0.7401
vn -0.5722 0.3932 0.7197
vn -0.6499 0.3939 0.6499
vn -0.6906 0.2150 0.6906
vn -0.6060 0.2144 0.7660
vn -0.5982 0.2673 0.7554
vn -0.6812 0.2680 0.6812
vn -0.7004 0.1377 0.7004
vn -0.6141 0.1374 0.7772
vn -0.6110 0.1708 0.7729
vn -0.6967 0.1713 0.6967
vn -0.6158 0.1144 0.7795
vn -0.7024 0.1147 0.7024
vn -0.8376 0.1643 -0.5211
vn -0.8879 0.1635 -0.4300
vn -0.8802 0.2085 -0.4263
vn -0.8303 0.2094 -0.5165
vn -0.9261 0.1627 -0.3403
vn -0.9182 0.2075 -0.3374
vn -0.9041 0.2689 -0.3322
vn -0.8666 0.2701 -0.4196
vn -0.8172 0.2713 -0.5084
vn -0.9539 0.1620 -0.2527
vn -0.9458 0.2066 -0.2506
vn -0.9726 0.1614 -0.1672
vn -0.9644 0.2059 -0.1658
vn -0.9498 0.2669 -0.1633
vn -0.9313 0.2678 -0.2468
vn -0.9834 0.1611 -0.0832
vn -0.9752 0.2055 -0.0825
vn -0.9870 0.1610 -0.0000
vn -0.9787 0.2053 -0.0000
vn -0.9639 0.2662 -0.0000
vn -0.9604 0.2664 -0.0812
vn -0.9834 0.1611 0.0832
vn -0.9752 0.2055 0.0825
vn -0.9726 0.1614 0.1672
vn -0.9644 0.2059 0.1658
vn -0.9498 0.2669 0.1633
vn -0.9604 0.2664 0.0812
vn -0.9539 0.1620 0.2527
vn -0.9458 0.2066 0.2506
vn -0.9261 0.1627 0.3403
vn -0.9182 0.2075 0.3374
vn -0.9041 0.2689 0.3322
vn -0.9313 0.2678 0.2468
vn -0.8879 0.1635 0.4300
vn -0.8802 0.2085 0.4263
vn -0.8376 0.1643 0.5211
vn -0.8303 0.2094 0.5165
vn -0.8172 0.2713 0.5084
vn -0.8666 0.2701 0.4196
vn -0.8392 0.3615 -0.4063
vn -0.7912 0.3629 -0.4922
vn -0.8757 0.3600 -0.3218
vn -0.8090 0.5072 -0.2971
vn -0.7748 0.5090 -0.3751
vn -0.7301 0.5106 -0.4541
vn -0.9024 0.3586 -0.2391
vn -0.9204 0.3576 -0.1582
vn -0.8510 0.5045 -0.1462
vn -0.8340 0.5057 -0.2209
vn -0.9308 0.3569 -0.0787
vn -0.9342 0.3567 -0.0000
vn -0.8640 0.5034 -0.0000
vn -0.8608 0.5037 -0.0728
vn -0.9308 0.3569 0.0787
vn -0.9204 0.3575 0.1582
vn -0.8510 0.5045 0.1462
vn -0.8608 0.5037 0.0728
vn -0.9024 0.3586 0.2391
vn -0.8757 0.3600 0.3218
vn -0.8090 0.5072 0.2971
vn -0.8340 0.5057 0.2209
vn -0.8392 0.3615 0.4064
vn -0.7912 0.3629 0.4922
vn -0.7301 0.5106 0.4541
vn -0.7748 0.5090 0.3751
vn -0.5914 0.7540 -0.2860
vn -0.5568 0.7552 -0.3460
vn -0.6181 0.7527 -0.2267
vn -0.0887 0.9955 -0.0319
vn -0.0854 0.9955 -0.0407
vn -0.0810 0.9955 -0.0497
vn -0.6378 0.7515 -0.1687
vn -0.6513 0.7506 -0.1117
vn -0.0926 0.9956 -0.0155
vn -0.0910 0.9956 -0.0236
vn -0.6591 0.7500 -0.0556
vn -0.6617 0.7498 -0.0000
vn -0.0937 0.9956 -0.0000
vn -0.0934 0.9956 -0.0077
vn -0.6591 0.7500 0.0556
vn -0.6513 0.7506 0.1117
vn -0.0926 0.9956 0.0155
vn -0.0934 0.9956 0.0077
vn -0.6378 0.7515 0.1687
vn -0.6181 0.7527 0.2267
vn -0.0887 0.9955 0.0319
vn -0.0910 0.9956 0.0236
vn -0.5914 0.7540 0.2860
vn -0.5568 0.7552 0.3460
vn -0.0810 0.9955 0.0497
vn -0.0854 0.9955 0.0407
vn 0.5044 0.8281 0.2446
vn 0.4740 0.8296 0.2952
vn 0.5282 0.8265 0.1944
vn 0.7801 0.5561 0.2866
vn 0.7468 0.5582 0.3616
vn 0.7034 0.5602 0.4376
vn 0.5460 0.8252 0.1449
vn 0.5582 0.8241 0.0961
vn 0.8212 0.5528 0.1412
vn 0.8046 0.5543 0.2132
vn 0.5653 0.8235 0.0479
vn 0.5677 0.8233 -0.0000
vn 0.8341 0.5516 -0.0000
vn 0.8309 0.5519 0.0703
vn 0.5653 0.8235 -0.0479
vn 0.5582 0.8241 -0.0961
vn 0.8212 0.5528 -0.1412
vn 0.8309 0.5519 -0.0703
vn 0.5460 0.8252 -0.1449
vn 0.5282 0.8265 -0.1944
vn 0.7801 0.5561 -0.2866
vn 0.8046 0.5543 -0.2132
vn 0.5044 0.8281 -0.2446
vn 0.4740 0.8296 -0.2952
vn 0.7034 0.5602 -0.4376
vn 0.7468 0.5582 -0.3616
vn 0.8286 0.3905 0.4011
vn 0.7811 0.3922 0.4858
vn 0.8648 0.3888 0.3177
vn 0.8991 0.2873 0.3302
vn 0.8617 0.2887 0.4172
vn 0.8126 0.2900 0.5055
vn 0.8913 0.3872 0.2361
vn 0.9092 0.3860 0.1562
vn 0.9446 0.2851 0.1623
vn 0.9263 0.2861 0.2453
vn 0.9195 0.3852 0.0777
vn 0.9229 0.3850 -0.0000
vn 0.9587 0.2843 -0.0000
vn 0.9553 0.2845 0.0808
vn 0.9195 0.3852 -0.0778
vn 0.9092 0.3860 -0.1562
vn 0.9446 0.2851 -0.1623
vn 0.9553 0.2845 -0.0808
vn 0.8913 0.3872 -0.2361
vn 0.8648 0.3888 -0.3177
vn 0.8991 0.2873 -0.3302
vn 0.9263 0.2861 -0.2453
vn 0.8286 0.3905 -0.4011
vn 0.7811 0.3922 -0.4858
vn 0.8126 0.2900 -0.5055
vn 0.8617 0.2887 -0.4172
vn 0.8777 0.2214 0.4249
vn 0.8279 0.2224 0.5149
vn 0.9156 0.2203 0.3363
vn 0.9246 0.1726 0.3396
vn 0.8864 0.1735 0.4292
vn 0.8361 0.1743 0.5201
vn 0.9431 0.2193 0.2498
vn 0.9617 0.2186 0.1653
vn 0.9710 0.1712 0.1669
vn 0.9523 0.1718 0.2522
vn 0.9725 0.2181 0.0822
vn 0.9760 0.2179 -0.0000
vn 0.9853 0.1707 -0.0000
vn 0.9818 0.1709 0.0830
vn 0.9725 0.2181 -0.0822
vn 0.9617 0.2186 -0.1653
vn 0.9710 0.1712 -0.1669
vn 0.9818 0.1709 -0.0830
vn 0.9431 0.2193 -0.2498
vn 0.9156 0.2203 -0.3363
vn 0.9246 0.1726 -0.3396
vn 0.9523 0.1718 -0.2522
vn 0.8777 0.2214 -0.4249
vn 0.8279 0.2224 -0.5149
vn 0.8361 0.1743 -0.5201
vn 0.8864 0.1735 -0.4292
vn -0.7781 0.1290 -0.6147
vn -0.7012 0.1292 -0.7012
vn -0.8420 0.1286 -0.5239
vn -0.7740 0.1649 -0.6114
vn -0.6974 0.1651 -0.6974
vn -0.8926 0.1280 -0.4323
vn -0.9310 0.1273 -0.3421
vn -0.9588 0.1268 -0.2541
vn -0.9776 0.1263 -0.1681
vn -0.9885 0.1260 -0.0836
vn -0.9920 0.1260 -0.0000
vn -0.9885 0.1260 0.0836
vn -0.9776 0.1263 0.1681
vn -0.9588 0.1268 0.2541
vn -0.9310 0.1273 0.3421
vn -0.8926 0.1280 0.4323
vn -0.8420 0.1286 0.5239
vn -0.7781 0.1290 0.6147
vn -0.7740 0.1649 0.6114
vn -0.7672 0.2101 0.6060
vn -0.7551 0.2722 0.5965
vn -0.7309 0.3640 0.5773
vn -0.6742 0.5118 0.5325
vn -0.5137 0.7561 0.4056
vn -0.0751 0.9954 0.0589
vn 0.4367 0.8307 -0.3452
vn 0.6492 0.5617 -0.5128
vn 0.7215 0.3935 -0.5698
vn 0.7508 0.2910 -0.5930
vn 0.7649 0.2232 -0.6042
vn 0.7726 0.1750 -0.6103
vn 0.7770 0.1398 -0.6137
vn 0.8408 0.1393 -0.5230
vn 0.7795 0.1153 -0.6157
vn 0.8435 0.1148 -0.5247
vn 0.8914 0.1386 -0.4316
vn 0.9297 0.1379 -0.3415
vn 0.8942 0.1143 -0.4329
vn 0.9326 0.1136 -0.3426
vn 0.9575 0.1373 -0.2536
vn 0.9763 0.1368 -0.1678
vn 0.9605 0.1131 -0.2544
vn 0.9793 0.1127 -0.1683
vn 0.9871 0.1365 -0.0835
vn 0.9907 0.1364 -0.0000
vn 0.9901 0.1124 -0.0837
vn 0.9937 0.1123 -0.0000
vn 0.9871 0.1365 0.0835
vn 0.9763 0.1368 0.1678
vn 0.9901 0.1124 0.0837
vn 0.9793 0.1127 0.1683
vn 0.9575 0.1373 0.2536
vn 0.9297 0.1379 0.3415
vn 0.9605 0.1131 0.2544
vn 0.9326 0.1136 0.3426
vn 0.8914 0.1386 0.4316
vn 0.8408 0.1393 0.5230
vn 0.8942 0.1143 0.4329
vn 0.8435 0.1148 0.5247
vn 0.6962 0.1752 0.6962
vn 0.7726 0.1750 0.6103
vn 0.7770 0.1398 0.6137
vn 0.7001 0.1400 0.7001
vn 0.7795 0.1153 0.6157
vn 0.6764 0.2914 0.6764
vn 0.7508 0.2911 0.5930
vn 0.7649 0.2232 0.6042
vn 0.6892 0.2236 0.6892
vn 0.5847 0.5623 0.5847
vn 0.6492 0.5617 0.5128
vn 0.7215 0.3935 0.5698
vn 0.6499 0.3940 0.6499
vn -0.0677 0.9954 -0.0677
vn -0.0751 0.9954 -0.0589
vn 0.4367 0.8307 0.3452
vn 0.3931 0.8312 0.3931
vn -0.6073 0.5122 -0.6073
vn -0.6742 0.5118 -0.5325
vn -0.5137 0.7561 -0.4056
vn -0.4626 0.7563 -0.4626
vn -0.6803 0.2725 -0.6803
vn -0.7551 0.2722 -0.5965
vn -0.7309 0.3640 -0.5773
vn -0.6585 0.3644 -0.6585
vn -0.7672 0.2101 -0.6060
vn -0.6913 0.2104 -0.6913
vn 0.8376 0.1643 0.5211
vn 0.8879 0.1635 0.4300
vn 0.8802 0.2085 0.4263
vn 0.8303 0.2094 0.5165
vn 0.9261 0.1627 0.3403
vn 0.9182 0.2075 0.3374
vn 0.9041 0.2689 0.3322
vn 0.8666 0.2701 0.4196
vn 0.8172 0.2713 0.5084
vn 0.9539 0.1620 0.2527
vn 0.9458 0.2066 0.2506
vn 0.9726 0.1614 0.1672
vn 0.9644 0.2059 0.1658
vn 0.9498 0.2669 0.1633
vn 0.9313 0.2678 0.2468
vn 0.9834 0.1611 0.0832
vn 0.9752 0.2055 0.0825
vn 0.9870 0.1610 -0.0000
vn 0.9787 0.2053 -0.0000
vn 0.9639 0.2662 -0.0000
vn 0.9604 0.2664 0.0812
vn 0.9834 0.1611 -0.0832
vn 0.9752 0.2055 -0.0825
vn 0.9726 0.1614 -0.1672
vn 0.9644 0.2059 -0.1658
vn 0.9498 0.2669 -0.1633
vn 0.9604 0.2664 -0.0812
vn 0.9539 0.1620 -0.2527
vn 0.9458 0.2066 -0.2506
vn 0.9261 0.1627 -0.3403
vn 0.9182 0.2075 -0.3374
vn 0.9041 0.2689 -0.3322
vn 0.9313 0.2678 -0.2468
vn 0.8879 0.1635 -0.4300
vn 0.8802 0.2085 -0.4263
vn 0.8376 0.1643 -0.5211
vn 0.8303 0.2094 -0.5165
vn 0.8172 0.2713 -0.5084
vn 0.8666 0.2701 -0.4196
vn 0.8392 0.3615 0.4063
vn 0.7912 0.3629 0.4922
vn 0.8757 0.3600 0.3218
vn 0.8090 0.5072 0.2971
vn 0.7748 0.5090 0.3751
vn 0.7301 0.5106 0.4541
vn 0.9024 0.3586 0.2391
vn 0.9204 0.3576 0.1582
vn 0.8510 0.5045 0.1462
vn 0.8340 0.5057 0.2209
vn 0.9308 0.3569 0.0787
vn 0.9342 0.3567 -0.0000
vn 0.8640 0.5034 -0.0000
vn 0.8608 0.5037 0.0728
vn 0.9308 0.3569 -0.0787
vn 0.9204 0.3576 -0.1582
vn 0.8510 0.5045 -0.1462
vn 0.8608 0.5037 -0.0728
vn 0.9024 0.3586 -0.2391
vn 0.8757 0.3600 -0.3218
vn 0.8090 0.5072 -0.2971
vn 0.8340 0.5057 -0.2209
vn 0.8392 0.3615 -0.4063
vn 0.7912 0.3629 -0.4922
vn 0.7301 0.5106 -0.4541
vn 0.7748 0.5090 -0.3751
vn 0.5914 0.7540 0.2860
vn 0.5568 0.7552 0.3460
vn 0.6181 0.7527 0.2267
vn 0.0887 0.9955 0.0319
vn 0.0854 0.9955 0.0407
vn 0.0810 0.9955 0.0497
vn 0.6378 0.7515 0.1687
vn 0.6513 0.7506 0.1117
vn 0.0926 0.9956 0.0155
vn 0.0910 0.9956 0.0236
vn 0.6591 0.7500 0.0556
vn 0.6617 0.7498 -0.0000
vn 0.0937 0.9956 -0.0000
vn 0.0935 0.9956 0.0077
vn 0.6591 0.7500 -0.0556
vn 0.6513 0.7506 -0.1117
vn 0.0926 0.9956 -0.0155
vn 0.0935 0.9956 -0.0077
vn 0.6378 0.7515 -0.1687
vn 0.6181 0.7527 -0.2267
vn 0.0887 0.9955 -0.0319
vn 0.0910 0.9956 -0.0236
vn 0.5914 0.7540 -0.2860
vn 0.5568 0.7552 -0.3460
vn 0.0810 0.9955 -0.0497
vn 0.0854 0.9955 -0.0407
vn -0.5044 0.8281 -0.2446
vn -0.4740 0.8296 -0.2952
vn -0.5282 0.8265 -0.1944
vn -0.7801 0.5561 -0.2866
vn -0.7468 0.5582 -0.3616
vn -0.7034 0.5602 -0.4376
vn -0.5460 0.8252 -0.1449
vn -0.5582 0.8241 -0.0961
vn -0.8212 0.5528 -0.1412
vn -0.8046 0.5543 -0.2132
vn -0.5653 0.8235 -0.0479
vn -0.5677 0.8233 -0.0000
vn -0.8341 0.5516 -0.0000
vn -0.8309 0.5519 -0.0703
vn -0.5653 0.8235 0.0479
vn -0.5582 0.8241 0.0961
vn -0.8212 0.5528 0.1412
vn -0.8309 0.5519 0.0703
vn -0.5460 0.8252 0.1449
vn -0.5282 0.8265 0.1944
vn -0.7801 0.5561 0.2866
vn -0.8046 0.5543 0.2132
vn -0.5044 0.8281 0.2446
vn -0.4740 0.8296 0.2952
vn -0.7034 0.5602 0.4376
vn -0.7468 0.5582 0.3616
vn -0.8286 0.3905 -0.4011
vn -0.7811 0.3922 -0.4858
vn -0.8648 0.3888 -0.3177
vn -0.8991 0.2873 -0.3302
vn -0.8617 0.2887 -0.4172
vn -0.8126 0.2900 -0.5055
vn -0.8913 0.3872 -0.2361
vn -0.9092 0.3860 -0.1562
vn -0.9446 0.2851 -0.1623
vn -0.9263 0.2861 -0.2453
vn -0.9195 0.3853 -0.0777
vn -0.9229 0.3850 -0.0000
vn -0.9587 0.2843 -0.0000
vn -0.9553 0.2845 -0.0808
vn -0.9195 0.3852 0.0778
vn -0.9092 0.3860 0.1562
vn -0.9446 0.2851 0.1623
vn -0.9553 0.2845 0.0808
vn -0.8913 0.3872 0.2361
vn -0.8648 0.3888 0.3177
vn -0.8991 0.2873 0.3302
vn -0.9263 0.2861 0.2453
vn -0.8286 0.3905 0.4011
vn -0.7811 0.3922 0.4858
vn -0.8126 0.2900 0.5055
vn -0.8617 0.2887 0.4172
vn -0.8777 0.2214 -0.4249
vn -0.8279 0.2224 -0.5149
vn -0.9156 0.2203 -0.3363
vn -0.9246 0.1726 -0.3396
vn -0.8864 0.1735 -0.4292
vn -0.8361 0.1743 -0.5201
vn -0.9431 0.2193 -0.2498
vn -0.9617 0.2186 -0.1653
vn -0.9710 0.1712 -0.1669
vn -0.9523 0.1718 -0.2522
vn -0.9725 0.2181 -0.0822
vn -0.9760 0.2179 -0.0000
vn -0.9853 0.1707 -0.0000
vn -0.9818 0.1709 -0.0830
vn -0.9725 0.2181 0.0822
vn -0.9617 0.2186 0.1653
vn -0.9710 0.1712 0.1669
vn -0.9818 0.1709 0.0830
vn -0.9431 0.2193 0.2498
vn -0.9156 0.2203 0.3363
vn -0.9246 0.1726 0.3396
vn -0.9523 0.1718 0.2522
vn -0.8777 0.2214 0.4249
vn -0.8279 0.2224 0.5149
vn -0.8361 0.1743 0.5201
vn -0.8864 0.1735 0.4292
vn 0.7781 0.1290 0.6147
vn 0.8420 0.1286 0.5239
vn 0.7740 0.1649 0.6114
vn 0.8926 0.1280 0.4323
vn 0.9310 0.1273 0.3421
vn 0.9588 0.1268 0.2541
vn 0.9776 0.1263 0.1681
vn 0.9885 0.1260 0.0836
vn 0.9920 0.1260 -0.0000
vn 0.9885 0.1260 -0.0836
vn 0.9776 0.1263 -0.1681
vn 0.9588 0.1268 -0.2541
vn 0.9310 0.1273 -0.3421
vn 0.8926 0.1280 -0.4323
vn 0.8420 0.1286 -0.5239
vn 0.7781 0.1290 -0.6147
vn 0.7012 0.1292 -0.7012
vn 0.6974 0.1651 -0.6974
vn 0.7740 0.1649 -0.6114
vn 0.7672 0.2101 -0.6060
vn 0.6913 0.2104 -0.6913
vn 0.6803 0.2725 -0.6803
vn 0.7551 0.2722 -0.5965
vn 0.7309 0.3640 -0.5773
vn 0.6585 0.3644 -0.6585
vn 0.6073 0.5122 -0.6073
vn 0.6742 0.5118 -0.5325
vn 0.5137 0.7560 -0.4056
vn 0.4626 0.7563 -0.4626
vn 0.0677 0.9954 -0.0677
vn 0.0751 0.9954 -0.0589
vn -0.4367 0.8307 0.3452
vn -0.3931 0.8312 0.3931
vn -0.5847 0.5623 0.5847
vn -0.6492 0.5617 0.5128
vn -0.7214 0.3935 0.5698
vn -0.6499 0.3940 0.6499
vn -0.6764 0.2915 0.6764
vn -0.7508 0.2911 0.5930
vn -0.7649 0.2232 0.6042
vn -0.6892 0.2236 0.6892
vn -0.6962 0.1752 0.6962
vn -0.7726 0.1750 0.6103
vn -0.7770 0.1398 0.6137
vn -0.8408 0.1393 0.5230
vn -0.7001 0.1400 0.7001
vn -0.7795 0.1153 0.6157
vn -0.8435 0.1148 0.5247
vn -0.8914 0.1386 0.4316
vn -0.9297 0.1379 0.3415
vn -0.8942 0.1143 0.4329
vn -0.9326 0.1136 0.3426
vn -0.9575 0.1373 0.2536
vn -0.9763 0.1368 0.1678
vn -0.9605 0.1131 0.2544
vn -0.9793 0.1127 0.1683
vn -0.9871 0.1365 0.0835
vn -0.9907 0.1364 -0.0000
vn -0.9901 0.1124 0.0837
vn -0.9937 0.1123 -0.0000
vn -0.9871 0.1365 -0.0835
vn -0.9763 0.1368 -0.1678
vn -0.9901 0.1124 -0.0837
vn -0.9793 0.1127 -0.1683
vn -0.9575 0.1373 -0.2536
vn -0.9297 0.1379 -0.3415
vn -0.9605 0.1131 -0.2544
vn -0.9326 0.1136 -0.3426
vn -0.8914 0.1386 -0.4316
vn -0.8408 0.1393 -0.5230
vn -0.8942 0.1143 -0.4329
vn -0.8435 0.1148 -0.5247
vn -0.7726 0.1750 -0.6103
vn -0.7770 0.1398 -0.6137
vn -0.7795 0.1153 -0.6157
vn -0.7508 0.2911 -0.5930
vn -0.7649 0.2232 -0.6042
vn -0.6492 0.5617 -0.5128
vn -0.7214 0.3935 -0.5698
vn 0.0751 0.9954 0.0589
vn -0.4367 0.8307 -0.3452
vn 0.6742 0.5118 0.5325
vn 0.5137 0.7561 0.4056
vn 0.7551 0.2722 0.5965
vn 0.7309 0.3640 0.5773
vn 0.7672 0.2101 0.6060
vn 0.5211 0.1643 -0.8376
vn 0.4300 0.1635 -0.8879
vn 0.4263 0.2085 -0.8802
vn 0.5165 0.2094 -0.8303
vn 0.3403 0.1627 -0.9261
vn 0.3374 0.2075 -0.9182
vn 0.3322 0.2689 -0.9041
vn 0.4196 0.2701 -0.8666
vn 0.5084 0.2713 -0.8172
vn 0.2527 0.1620 -0.9539
vn 0.2506 0.2066 -0.9458
vn 0.1672 0.1614 -0.9726
vn 0.1658 0.2059 -0.9644
vn 0.1633 0.2669 -0.9498
vn 0.2468 0.2678 -0.9313
vn 0.0832 0.1611 -0.9834
vn 0.0825 0.2055 -0.9752
vn -0.0000 0.1610 -0.9870
vn -0.0000 0.2053 -0.9787
vn -0.0000 0.2662 -0.9639
vn 0.0812 0.2664 -0.9604
vn -0.0832 0.1611 -0.9834
vn -0.0825 0.2055 -0.9752
vn -0.1672 0.1614 -0.9726
vn -0.1658 0.2059 -0.9644
vn -0.1633 0.2669 -0.9498
vn -0.0812 0.2664 -0.9604
vn -0.2527 0.1620 -0.9539
vn -0.2506 0.2066 -0.9458
vn -0.3403 0.1627 -0.9261
vn -0.3374 0.2075 -0.9182
vn -0.3322 0.2689 -0.9041
vn -0.2468 0.2678 -0.9313
vn -0.4300 0.1635 -0.8879
vn -0.4263 0.2085 -0.8802
vn -0.5211 0.1643 -0.8376
vn -0.5165 0.2094 -0.8303
vn -0.5084 0.2713 -0.8172
vn -0.4196 0.2701 -0.8666
vn 0.4064 0.3615 -0.8392
vn 0.4922 0.3629 -0.7912
vn 0.3218 0.3600 -0.8757
vn 0.2971 0.5072 -0.8090
vn 0.3751 0.5090 -0.7748
vn 0.4541 0.5106 -0.7301
vn 0.2391 0.3586 -0.9024
vn 0.1582 0.3576 -0.9204
vn 0.1462 0.5045 -0.8510
vn 0.2209 0.5057 -0.8340
vn 0.0787 0.3569 -0.9308
vn -0.0000 0.3567 -0.9342
vn -0.0000 0.5034 -0.8640
vn 0.0728 0.5037 -0.8608
vn -0.0787 0.3569 -0.9308
vn -0.1582 0.3575 -0.9204
vn -0.1462 0.5045 -0.8510
vn -0.0728 0.5037 -0.8608
vn -0.2391 0.3586 -0.9024
vn -0.3218 0.3600 -0.8757
vn -0.2971 0.5072 -0.8090
vn -0.2209 0.5057 -0.8340
vn -0.4063 0.3615 -0.8392
vn -0.4922 0.3629 -0.7912
vn -0.4541 0.5106 -0.7301
vn -0.3751 0.5090 -0.7748
vn 0.2860 0.7540 -0.5914
vn 0.3460 0.7552 -0.5568
vn 0.2267 0.7527 -0.6181
vn 0.0319 0.9955 -0.0887
vn 0.0407 0.9955 -0.0854
vn 0.0497 0.9955 -0.0810
vn 0.1687 0.7515 -0.6378
vn 0.1117 0.7506 -0.6513
vn 0.0155 0.9956 -0.0926
vn 0.0236 0.9956 -0.0910
vn 0.0556 0.7500 -0.6591
vn -0.0000 0.7498 -0.6617
vn -0.0000 0.9956 -0.0937
vn 0.0077 0.9956 -0.0934
vn -0.0556 0.7500 -0.6591
vn -0.1117 0.7506 -0.6513
vn -0.0155 0.9956 -0.0926
vn -0.0077 0.9956 -0.0935
vn -0.1687 0.7515 -0.6378
vn -0.2267 0.7527 -0.6181
vn -0.0319 0.9955 -0.0887
vn -0.0236 0.9956 -0.0910
vn -0.2860 0.7540 -0.5914
vn -0.3460 0.7552 -0.5568
vn -0.0497 0.9955 -0.0810
vn -0.0407 0.9955 -0.0854
vn -0.2446 0.8281 0.5044
vn -0.2952 0.8296 0.4740
vn -0.1944 0.8265 0.5282
vn -0.2866 0.5561 0.7801
vn -0.3616 0.5582 0.7468
vn -0.4376 0.5602 0.7034
vn -0.1449 0.8252 0.5460
vn -0.0961 0.8241 0.5582
vn -0.1412 0.5528 0.8212
vn -0.2132 0.5543 0.8046
vn -0.0479 0.8235 0.5653
vn -0.0000 0.8233 0.5677
vn -0.0000 0.5516 0.8341
vn -0.0703 0.5519 0.8309
vn 0.0479 0.8235 0.5653
vn 0.0961 0.8241 0.5582
vn 0.1412 0.5528 0.8212
vn 0.0703 0.5519 0.8309
vn 0.1449 0.8252 0.5460
vn 0.1944 0.8265 0.5282
vn 0.2866 0.5561 0.7801
vn 0.2132 0.5543 0.8046
vn 0.2446 0.8281 0.5044
vn 0.2952 0.8296 0.4740
vn 0.4376 0.5602 0.7034
vn 0.3616 0.5582 0.7468
vn -0.4011 0.3905 0.8286
vn -0.4858 0.3922 0.7811
vn -0.3177 0.3888 0.8648
vn -0.3302 0.2873 0.8991
vn -0.4172 0.2887 0.8617
vn -0.5055 0.2900 0.8126
vn -0.2361 0.3872 0.8913
vn -0.1562 0.3860 0.9092
vn -0.1623 0.2851 0.9446
vn -0.2453 0.2861 0.9263
vn -0.0777 0.3853 0.9195
vn -0.0000 0.3850 0.9229
vn -0.0000 0.2843 0.9587
vn -0.0808 0.2845 0.9553
vn 0.0777 0.3852 0.9195
vn 0.1562 0.3860 0.9092
vn 0.1623 0.2851 0.9446
vn 0.0808 0.2845 0.9553
vn 0.2361 0.3872 0.8913
vn 0.3177 0.3888 0.8648
vn 0.3302 0.2873 0.8991
vn 0.2453 0.2861 0.9263
vn 0.4011 0.3905 0.8286
vn 0.4858 0.3922 0.7811
vn 0.5055 0.2900 0.8126
vn 0.4172 0.2887 0.8617
vn -0.4249 0.2214 0.8777
vn -0.5149 0.2224 0.8279
vn -0.3363 0.2203 0.9156
vn -0.3396 0.1726 0.9246
vn -0.4292 0.1735 0.8864
vn -0.5201 0.1743 0.8361
vn -0.2498 0.2193 0.9431
vn -0.1653 0.2186 0.9617
vn -0.1669 0.1712 0.9710
vn -0.2522 0.1718 0.9523
vn -0.0822 0.2181 0.9725
vn -0.0000 0.2179 0.9760
vn -0.0000 0.1707 0.9853
vn -0.0830 0.1709 0.9818
vn 0.0822 0.2181 0.9725
vn 0.1653 0.2186 0.9617
vn 0.1669 0.1712 0.9710
vn 0.0830 0.1709 0.9818
vn 0.2498 0.2193 0.9431
vn 0.3363 0.2203 0.9156
vn 0.3396 0.1726 0.9246
vn 0.2522 0.1718 0.9523
vn 0.4249 0.2214 0.8777
vn 0.5149 0.2224 0.8279
vn 0.5201 0.1743 0.8361
vn 0.4292 0.1735 0.8864
vn 0.6147 0.1290 -0.7781
vn 0.5239 0.1286 -0.8420
vn 0.6114 0.1649 -0.7740
vn 0.4323 0.1280 -0.8926
vn 0.3421 0.1273 -0.9310
vn 0.2541 0.1268 -0.9588
vn 0.1681 0.1263 -0.9776
vn 0.0836 0.1260 -0.9885
vn -0.0000 0.1260 -0.9920
vn -0.0836 0.1260 -0.9885
vn -0.1681 0.1263 -0.9776
vn -0.2541 0.1268 -0.9588
vn -0.3421 0.1273 -0.9310
vn -0.4323 0.1280 -0.8926
vn -0.5239 0.1286 -0.8420
vn -0.6147 0.1290 -0.7781
vn -0.6114 0.1649 -0.7740
vn -0.6060 0.2101 -0.7672
vn -0.5965 0.2722 -0.7551
vn -0.5773 0.3640 -0.7309
vn -0.5325 0.5118 -0.6742
vn -0.4056 0.7560 -0.5137
vn -0.0589 0.9954 -0.0751
vn 0.3452 0.8307 0.4367
vn 0.5128 0.5617 0.6492
vn 0.5698 0.3935 0.7214
vn 0.5930 0.2910 0.7508
vn 0.6042 0.2232 0.7649
vn 0.6103 0.1750 0.7726
vn 0.6137 0.1398 0.7770
vn 0.5230 0.1393 0.8408
vn 0.4316 0.1386 0.8914
vn 0.3415 0.1379 0.9297
vn 0.2536 0.1373 0.9575
vn 0.1678 0.1368 0.9763
vn 0.0835 0.1365 0.9871
vn -0.0000 0.1364 0.9907
vn -0.0835 0.1365 0.9871
vn -0.1678 0.1368 0.9763
vn -0.2536 0.1373 0.9575
vn -0.3415 0.1379 0.9297
vn -0.4316 0.1386 0.8914
vn -0.5230 0.1393 0.8408
vn -0.6103 0.1750 0.7726
vn -0.6137 0.1398 0.7770
vn -0.5930 0.2910 0.7508
vn -0.6042 0.2232 0.7649
vn -0.5128 0.5617 0.6492
vn -0.5698 0.3935 0.7215
vn 0.0589 0.9954 -0.0751
vn -0.3452 0.8307 0.4367
vn 0.5325 0.5118 -0.6742
vn 0.4056 0.7561 -0.5137
vn 0.5965 0.2722 -0.7551
vn 0.5773 0.3640 -0.7309
vn 0.6060 0.2101 -0.7672
vn -0.3132 0.8966 0.3132
vn -0.2577 0.9131 0.3161
vn -0.2566 0.9319 0.2566
vn -0.3161 0.9131 0.2577
vn -0.2055 0.9255 0.3182
vn -0.2021 0.9453 0.2561
vn -0.1999 0.9592 0.1999
vn -0.2561 0.9453 0.2021
vn -0.3182 0.9255 0.2055
vn -0.1545 0.9350 0.3193
vn -0.1505 0.9550 0.2557
vn -0.1038 0.9417 0.3199
vn -0.1003 0.9617 0.2552
vn -0.0978 0.9755 0.1972
vn -0.1477 0.9689 0.1984
vn -0.0524 0.9459 0.3201
vn -0.0504 0.9657 0.2547
vn -0.0000 0.9474 0.3202
vn -0.0000 0.9670 0.2546
vn -0.0000 0.9806 0.1961
vn -0.0489 0.9793 0.1964
vn 0.0524 0.9459 0.3201
vn 0.0504 0.9657 0.2547
vn 0.1038 0.9417 0.3199
vn 0.1003 0.9617 0.2552
vn 0.0978 0.9755 0.1972
vn 0.0489 0.9793 0.1964
vn 0.1545 0.9350 0.3193
vn 0.1505 0.9550 0.2557
vn 0.2055 0.9255 0.3182
vn 0.2021 0.9453 0.2561
vn 0.1999 0.9592 0.1999
vn 0.1477 0.9689 0.1984
vn 0.2577 0.9131 0.3161
vn 0.2566 0.9319 0.2566
vn 0.3132 0.8966 0.3132
vn 0.3161 0.9131 0.2577
vn 0.3182 0.9255 0.2055
vn 0.2561 0.9453 0.2021
vn -0.2557 0.9550 0.1505
vn -0.3193 0.9350 0.1545
vn -0.1984 0.9689 0.1477
vn -0.1972 0.9755 0.0978
vn -0.2552 0.9617 0.1003
vn -0.3199 0.9417 0.1038
vn -0.1457 0.9785 0.1457
vn -0.0959 0.9849 0.1442
vn -0.0945 0.9910 0.0945
vn -0.1442 0.9849 0.0959
vn -0.0477 0.9885 0.1432
vn -0.0000 0.9897 0.1429
vn -0.0000 0.9956 0.0933
vn -0.0469 0.9945 0.0936
vn 0.0477 0.9885 0.1432
vn 0.0959 0.9849 0.1442
vn 0.0945 0.9910 0.0945
vn 0.0469 0.9945 0.0936
vn 0.1457 0.9785 0.1457
vn 0.1984 0.9689 0.1477
vn 0.1972 0.9755 0.0978
vn 0.1442 0.9849 0.0959
vn 0.2557 0.9550 0.1505
vn 0.3193 0.9350 0.1545
vn 0.3199 0.9417 0.1038
vn 0.2552 0.9617 0.1003
vn -0.2547 0.9657 0.0504
vn -0.3201 0.9459 0.0524
vn -0.1964 0.9793 0.0489
vn -0.1961 0.9806 -0.0000
vn -0.2546 0.9670 -0.0000
vn -0.3202 0.9474 -0.0000
vn -0.1432 0.9885 0.0477
vn -0.0936 0.9945 0.0469
vn -0.0933 0.9956 -0.0000
vn -0.1429 0.9897 -0.0000
vn -0.0463 0.9979 0.0463
vn -0.0000 0.9989 0.0461
vn -0.0000 1.0000 -0.0000
vn -0.0461 0.9989 -0.0000
vn 0.0463 0.9979 0.0463
vn 0.0936 0.9945 0.0469
vn 0.0933 0.9956 -0.0000
vn 0.0461 0.9989 -0.0000
vn 0.1432 0.9885 0.0477
vn 0.1964 0.9793 0.0489
vn 0.1961 0.9806 -0.0000
vn 0.1429 0.9897 -0.0000
vn 0.2547 0.9657 0.0504
vn 0.3201 0.9459 0.0524
vn 0.3202 0.9474 -0.0000
vn 0.2546 0.9670 -0.0000
vn -0.2547 0.9657 -0.0504
vn -0.3201 0.9459 -0.0524
vn -0.1964 0.9793 -0.0489
vn -0.1972 0.9755 -0.0978
vn -0.2552 0.9617 -0.1003
vn -0.3199 0.9417 -0.1038
vn -0.1432 0.9885 -0.0477
vn -0.0936 0.9945 -0.0469
vn -0.0945 0.9910 -0.0945
vn -0.1442 0.9849 -0.0959
vn -0.0463 0.9979 -0.0463
vn -0.0000 0.9989 -0.0461
vn -0.0000 0.9956 -0.0933
vn -0.0469 0.9945 -0.0936
vn 0.0463 0.9979 -0.0463
vn 0.0936 0.9945 -0.0469
vn 0.0945 0.9910 -0.0945
vn 0.0469 0.9945 -0.0936
vn 0.1432 0.9885 -0.0477
vn 0.1964 0.9793 -0.0489
vn 0.1972 0.9755 -0.0978
vn 0.1442 0.9849 -0.0959
vn 0.2547 0.9657 -0.0504
vn 0.3201 0.9459 -0.0524
vn 0.3199 0.9417 -0.1038
vn 0.2552 0.9617 -0.1003
vn -0.2557 0.9550 -0.1505
vn -0.3193 0.9350 -0.1545
vn -0.1984 0.9689 -0.1477
vn -0.1999 0.9592 -0.1999
vn -0.2561 0.9453 -0.2021
vn -0.3182 0.9255 -0.2055
vn -0.1457 0.9785 -0.1457
vn -0.0959 0.9849 -0.1442
vn -0.0978 0.9755 -0.1972
vn -0.1477 0.9689 -0.1984
vn -0.0477 0.9885 -0.1432
vn -0.0000 0.9897 -0.1429
vn -0.0000 0.9806 -0.1961
vn -0.0489 0.9793 -0.1964
vn 0.0477 0.9885 -0.1432
vn 0.0959 0.9849 -0.1442
vn 0.0978 0.9755 -0.1972
vn 0.0489 0.9793 -0.1964
vn 0.1457 0.9785 -0.1457
vn 0.1984 0.9689 -0.1477
vn 0.1999 0.9592 -0.1999
vn 0.1477 0.9689 -0.1984
vn 0.2557 0.9550 -0.1505
vn 0.3193 0.9350 -0.1545
vn 0.3182 0.9255 -0.2055
vn 0.2561 0.9453 -0.2021
vn -0.2566 0.9319 -0.2566
vn -0.3161 0.9131 -0.2577
vn -0.2021 0.9453 -0.2561
vn -0.2055 0.9255 -0.3182
vn -0.2577 0.9131 -0.3161
vn -0.3132 0.8966 -0.3132
vn -0.1505 0.9550 -0.2557
vn -0.1003 0.9617 -0.2552
vn -0.1038 0.9417 -0.3199
vn -0.1545 0.9350 -0.3193
vn -0.0504 0.9657 -0.2547
vn -0.0000 0.9670 -0.2546
vn -0.0000 0.9474 -0.3202
vn -0.0524 0.9459 -0.3201
vn 0.0504 0.9657 -0.2547
vn 0.1003 0.9617 -0.2552
vn 0.1038 0.9417 -0.3199
vn 0.0524 0.9459 -0.3201
vn 0.1505 0.9550 -0.2557
vn 0.2021 0.9453 -0.2561
vn 0.2055 0.9255 -0.3182
vn 0.1545 0.9350 -0.3193
vn 0.2566 0.9319 -0.2566
vn 0.3161 0.9131 -0.2577
vn 0.3132 0.8966 -0.3132
vn 0.2577 0.9131 -0.3161
vn -0.3691 0.8529 0.3691
vn -0.4404 0.8154 0.3757
vn -0.3126 0.8719 0.3769
vn -0.3769 0.8719 0.3126
vn -0.4499 0.8326 0.3230
vn -0.2620 0.8857 0.3832
vn -0.2118 0.8972 0.3876
vn -0.1606 0.9065 0.3905
vn -0.1085 0.9133 0.3925
vn -0.0550 0.9176 0.3936
vn -0.0000 0.9191 0.3940
vn 0.0550 0.9176 0.3936
vn 0.1085 0.9133 0.3925
vn 0.1606 0.9065 0.3905
vn 0.2118 0.8972 0.3876
vn 0.2620 0.8857 0.3832
vn 0.3126 0.8719 0.3769
vn 0.3691 0.8529 0.3691
vn 0.4404 0.8154 0.3757
vn 0.4499 0.8326 0.3230
vn 0.3769 0.8719 0.3126
vn 0.3832 0.8857 0.2620
vn 0.4574 0.8462 0.2732
vn 0.4638 0.8576 0.2223
vn 0.3876 0.8972 0.2118
vn 0.3905 0.9065 0.1606
vn 0.4690 0.8668 0.1694
vn 0.4728 0.8736 0.1148
vn 0.3925 0.9133 0.1085
vn 0.3936 0.9176 0.0550
vn 0.4753 0.8779 0.0584
vn 0.4762 0.8794 -0.0000
vn 0.3940 0.9191 -0.0000
vn 0.3936 0.9176 -0.0550
vn 0.4753 0.8779 -0.0584
vn 0.4728 0.8736 -0.1148
vn 0.3925 0.9133 -0.1085
vn 0.3905 0.9065 -0.1606
vn 0.4690 0.8668 -0.1694
vn 0.4638 0.8576 -0.2223
vn 0.3876 0.8972 -0.2118
vn 0.3832 0.8857 -0.2620
vn 0.4574 0.8462 -0.2732
vn 0.4499 0.8326 -0.3230
vn 0.3769 0.8719 -0.3126
vn 0.3691 0.8529 -0.3691
vn 0.3126 0.8719 -0.3769
vn 0.4404 0.8154 -0.3757
vn 0.4257 0.7985 -0.4257
vn 0.3757 0.8154 -0.4404
vn 0.3230 0.8326 -0.4499
vn 0.2620 0.8857 -0.3832
vn 0.2118 0.8972 -0.3876
vn 0.2732 0.8462 -0.4574
vn 0.2223 0.8576 -0.4638
vn 0.1606 0.9065 -0.3905
vn 0.1085 0.9133 -0.3925
vn 0.1694 0.8668 -0.4690
vn 0.1148 0.8736 -0.4728
vn 0.0550 0.9176 -0.3936
vn -0.0000 0.9191 -0.3940
vn 0.0584 0.8779 -0.4753
vn -0.0000 0.8794 -0.4762
vn -0.0550 0.9176 -0.3936
vn -0.1085 0.9133 -0.3925
vn -0.0584 0.8779 -0.4753
vn -0.1148 0.8736 -0.4728
vn -0.1606 0.9065 -0.3905
vn -0.2118 0.8972 -0.3876
vn -0.1694 0.8668 -0.4690
vn -0.2223 0.8576 -0.4638
vn -0.2620 0.8857 -0.3832
vn -0.3126 0.8719 -0.3769
vn -0.2732 0.8462 -0.4574
vn -0.3230 0.8326 -0.4499
vn -0.4499 0.8326 -0.3230
vn -0.3769 0.8719 -0.3126
vn -0.3691 0.8529 -0.3691
vn -0.4404 0.8154 -0.3757
vn -0.3757 0.8154 -0.4404
vn -0.4257 0.7985 -0.4257
vn -0.4638 0.8576 -0.2223
vn -0.3876 0.8972 -0.2118
vn -0.3832 0.8857 -0.2620
vn -0.4574 0.8462 -0.2732
vn -0.4728 0.8736 -0.1148
vn -0.3925 0.9133 -0.1085
vn -0.3905 0.9065 -0.1606
vn -0.4690 0.8668 -0.1694
vn -0.4762 0.8794 -0.0000
vn -0.3940 0.9191 -0.0000
vn -0.3936 0.9176 -0.0550
vn -0.4753 0.8779 -0.0584
vn -0.4728 0.8736 0.1148
vn -0.3925 0.9133 0.1085
vn -0.3936 0.9176 0.0550
vn -0.4753 0.8779 0.0584
vn -0.4638 0.8576 0.2223
vn -0.3876 0.8972 0.2118
vn -0.3905 0.9065 0.1606
vn -0.4690 0.8668 0.1694
vn -0.3832 0.8857 0.2620
vn -0.4574 0.8462 0.2732
vn -0.8446 0.1021 -0.5255
vn -0.8954 0.1014 -0.4336
vn -0.8942 0.1130 -0.4332
vn -0.8435 0.1138 -0.5249
vn -0.9338 0.1008 -0.3432
vn -0.9327 0.1121 -0.3429
vn -0.9300 0.1343 -0.3422
vn -0.8916 0.1355 -0.4322
vn -0.8410 0.1366 -0.5236
vn -0.9618 0.1001 -0.2549
vn -0.9606 0.1113 -0.2547
vn -0.9806 0.0996 -0.1686
vn -0.9795 0.1107 -0.1685
vn -0.9768 0.1322 -0.1682
vn -0.9579 0.1331 -0.2542
vn -0.9915 0.0993 -0.0839
vn -0.9904 0.1102 -0.0838
vn -0.9951 0.0992 -0.0000
vn -0.9939 0.1101 -0.0000
vn -0.9913 0.1314 -0.0000
vn -0.9878 0.1316 -0.0837
vn -0.9915 0.0993 0.0839
vn -0.9904 0.1102 0.0838
vn -0.9806 0.0996 0.1686
vn -0.9795 0.1107 0.1685
vn -0.9768 0.1322 0.1682
vn -0.9878 0.1316 0.0837
vn -0.9618 0.1001 0.2549
vn -0.9606 0.1113 0.2547
vn -0.9338 0.1007 0.3432
vn -0.9327 0.1121 0.3429
vn -0.9300 0.1343 0.3422
vn -0.9579 0.1331 0.2542
vn -0.8954 0.1014 0.4336
vn -0.8942 0.1130 0.4332
vn -0.8446 0.1021 0.5255
vn -0.8435 0.1138 0.5249
vn -0.8410 0.1366 0.5236
vn -0.8916 0.1355 0.4322
vn -0.8869 0.1682 -0.4304
vn -0.8364 0.1697 -0.5211
vn -0.9253 0.1664 -0.3409
vn -0.9175 0.2084 -0.3388
vn -0.8791 0.2107 -0.4274
vn -0.8290 0.2129 -0.5172
vn -0.9532 0.1648 -0.2534
vn -0.9722 0.1635 -0.1677
vn -0.9646 0.2043 -0.1670
vn -0.9455 0.2061 -0.2520
vn -0.9831 0.1627 -0.0835
vn -0.9867 0.1624 -0.0000
vn -0.9792 0.2027 -0.0000
vn -0.9756 0.2031 -0.0832
vn -0.9831 0.1627 0.0835
vn -0.9722 0.1635 0.1677
vn -0.9646 0.2043 0.1670
vn -0.9756 0.2031 0.0832
vn -0.9532 0.1648 0.2534
vn -0.9253 0.1664 0.3409
vn -0.9175 0.2084 0.3388
vn -0.9455 0.2061 0.2520
vn -0.8869 0.1682 0.4304
vn -0.8364 0.1697 0.5211
vn -0.8290 0.2129 0.5172
vn -0.8791 0.2107 0.4274
vn -0.8673 0.2626 -0.4229
vn -0.8175 0.2653 -0.5111
vn -0.9055 0.2596 -0.3357
vn -0.8879 0.3194 -0.3311
vn -0.8500 0.3228 -0.4164
vn -0.8009 0.3259 -0.5023
vn -0.9336 0.2567 -0.2500
vn -0.9528 0.2543 -0.1658
vn -0.9354 0.3133 -0.1641
vn -0.9160 0.3161 -0.2471
vn -0.9640 0.2527 -0.0826
vn -0.9677 0.2522 -0.0000
vn -0.9505 0.3107 -0.0000
vn -0.9467 0.3114 -0.0819
vn -0.9640 0.2527 0.0826
vn -0.9528 0.2543 0.1658
vn -0.9354 0.3133 0.1641
vn -0.9467 0.3114 0.0819
vn -0.9336 0.2567 0.2500
vn -0.9055 0.2596 0.3357
vn -0.8879 0.3194 0.3311
vn -0.9160 0.3161 0.2471
vn -0.8673 0.2626 0.4229
vn -0.8176 0.2653 0.5111
vn -0.8009 0.3259 0.5023
vn -0.8500 0.3228 0.4164
vn -0.8264 0.3887 -0.4074
vn -0.7787 0.3913 -0.4904
vn -0.8636 0.3857 -0.3247
vn -0.8320 0.4560 -0.3160
vn -0.7964 0.4574 -0.3956
vn -0.7509 0.4585 -0.4754
vn -0.8914 0.3826 -0.2428
vn -0.9107 0.3800 -0.1616
vn -0.8774 0.4529 -0.1581
vn -0.8587 0.4544 -0.2370
vn -0.9222 0.3782 -0.0808
vn -0.9260 0.3776 -0.0000
vn -0.8924 0.4513 -0.0000
vn -0.8886 0.4517 -0.0792
vn -0.9222 0.3782 0.0808
vn -0.9107 0.3800 0.1616
vn -0.8774 0.4529 0.1581
vn -0.8886 0.4517 0.0792
vn -0.8914 0.3826 0.2428
vn -0.8636 0.3857 0.3247
vn -0.8320 0.4560 0.3160
vn -0.8587 0.4544 0.2370
vn -0.8264 0.3887 0.4074
vn -0.7787 0.3913 0.4904
vn -0.7509 0.4585 0.4754
vn -0.7964 0.4574 0.3956
vn -0.7595 0.5275 -0.3808
vn -0.7174 0.5259 -0.4569
vn -0.7921 0.5288 -0.3047
vn -0.7433 0.6025 -0.2906
vn -0.7150 0.5978 -0.3625
vn -0.6782 0.5926 -0.4347
vn -0.8167 0.5296 -0.2291
vn -0.8341 0.5299 -0.1533
vn -0.7798 0.6085 -0.1471
vn -0.7646 0.6061 -0.2190
vn -0.8446 0.5298 -0.0770
vn -0.8482 0.5297 -0.0000
vn -0.7923 0.6101 -0.0000
vn -0.7891 0.6098 -0.0741
vn -0.8446 0.5298 0.0770
vn -0.8341 0.5299 0.1533
vn -0.7798 0.6085 0.1471
vn -0.7891 0.6098 0.0741
vn -0.8167 0.5296 0.2291
vn -0.7921 0.5288 0.3047
vn -0.7433 0.6025 0.2906
vn -0.7646 0.6061 0.2190
vn -0.7595 0.5275 0.3808
vn -0.7174 0.5259 0.4569
vn -0.6782 0.5926 0.4347
vn -0.7150 0.5978 0.3625
vn -0.6627 0.6669 -0.3408
vn -0.6333 0.6573 -0.4085
vn -0.6850 0.6751 -0.2738
vn -0.6174 0.7440 -0.2554
vn -0.6019 0.7331 -0.3166
vn -0.5822 0.7194 -0.3789
vn -0.7020 0.6814 -0.2070
vn -0.7144 0.6857 -0.1395
vn -0.6390 0.7580 -0.1310
vn -0.6298 0.7522 -0.1938
vn -0.7221 0.6882 -0.0705
vn -0.7247 0.6890 -0.0000
vn -0.6469 0.7626 -0.0000
vn -0.6449 0.7614 -0.0665
vn -0.7221 0.6882 0.0705
vn -0.7144 0.6857 0.1395
vn -0.6390 0.7580 0.1310
vn -0.6449 0.7614 0.0665
vn -0.7020 0.6814 0.2070
vn -0.6850 0.6751 0.2738
vn -0.6174 0.7440 0.2554
vn -0.6298 0.7522 0.1938
vn -0.6627 0.6669 0.3408
vn -0.6333 0.6573 0.4085
vn -0.5822 0.7194 0.3789
vn -0.6019 0.7331 0.3166
vn -0.7806 0.1025 -0.6166
vn -0.7034 0.1026 -0.7034
vn -0.8447 0.1020 -0.5255
vn -0.7034 0.1027 -0.7034
vn -0.8954 0.1015 -0.4336
vn -0.9339 0.1009 -0.3431
vn -0.9618 0.1004 -0.2548
vn -0.9806 0.0999 -0.1686
vn -0.9915 0.0997 -0.0839
vn -0.9950 0.0996 -0.0000
vn -0.9915 0.0997 0.0839
vn -0.9806 0.0999 0.1686
vn -0.9618 0.1004 0.2548
vn -0.9339 0.1009 0.3431
vn -0.8954 0.1015 0.4336
vn -0.8447 0.1020 0.5255
vn -0.7806 0.1025 0.6166
vn -0.7795 0.1144 0.6159
vn -0.7772 0.1374 0.6141
vn -0.7729 0.1709 0.6110
vn -0.7660 0.2144 0.6060
vn -0.7554 0.2673 0.5982
vn -0.7401 0.3280 0.5871
vn -0.7197 0.3932 0.5722
vn -0.6947 0.4592 0.5537
vn -0.6650 0.5246 0.5316
vn -0.6309 0.5883 0.5058
vn -0.5936 0.6485 0.4766
vn -0.5531 0.7051 0.4438
vn -0.5050 0.7613 0.4067
vn -0.5215 0.7792 0.3478
vn -0.5326 0.7941 0.2926
vn -0.5424 0.8059 0.2374
vn -0.5506 0.8149 0.1808
vn -0.5569 0.8215 0.1226
vn -0.5610 0.8255 0.0623
vn -0.5624 0.8268 -0.0000
vn -0.5610 0.8255 -0.0623
vn -0.5569 0.8215 -0.1226
vn -0.5506 0.8149 -0.1808
vn -0.5424 0.8059 -0.2374
vn -0.5326 0.7941 -0.2926
vn -0.5215 0.7792 -0.3478
vn -0.5062 0.6982 -0.5062
vn -0.5531 0.7051 -0.4438
vn -0.5050 0.7613 -0.4067
vn -0.4674 0.7504 -0.4674
vn -0.5727 0.5866 -0.5727
vn -0.6309 0.5883 -0.5058
vn -0.5936 0.6485 -0.4766
vn -0.5405 0.6447 -0.5405
vn -0.6280 0.4595 -0.6280
vn -0.6947 0.4592 -0.5537
vn -0.6650 0.5246 -0.5316
vn -0.6022 0.5241 -0.6022
vn -0.6678 0.3288 -0.6678
vn -0.7401 0.3280 -0.5871
vn -0.7197 0.3932 -0.5722
vn -0.6499 0.3939 -0.6499
vn -0.6906 0.2150 -0.6906
vn -0.7660 0.2144 -0.6060
vn -0.7554 0.2673 -0.5982
vn -0.6812 0.2680 -0.6812
vn -0.7004 0.1377 -0.7004
vn -0.7772 0.1374 -0.6141
vn -0.7729 0.1708 -0.6110
vn -0.6967 0.1713 -0.6967
vn -0.7795 0.1144 -0.6159
vn -0.7024 0.1147 -0.7024
vn 0.8446 0.1021 0.5255
vn 0.8954 0.1014 0.4336
vn 0.8942 0.1130 0.4332
vn 0.8435 0.1138 0.5249
vn 0.9338 0.1008 0.3432
vn 0.9327 0.1121 0.3429
vn 0.9300 0.1343 0.3422
vn 0.8916 0.1355 0.4322
vn 0.8410 0.1366 0.5236
vn 0.9618 0.1001 0.2549
vn 0.9606 0.1113 0.2547
vn 0.9806 0.0996 0.1686
vn 0.9795 0.1107 0.1685
vn 0.9768 0.1322 0.1682
vn 0.9579 0.1331 0.2542
vn 0.9915 0.0993 0.0839
vn 0.9904 0.1102 0.0838
vn 0.9951 0.0992 -0.0000
vn 0.9939 0.1101 -0.0000
vn 0.9913 0.1314 -0.0000
vn 0.9878 0.1316 0.0837
vn 0.9915 0.0993 -0.0839
vn 0.9904 0.1102 -0.0838
vn 0.9806 0.0996 -0.1686
vn 0.9795 0.1107 -0.1685
vn 0.9768 0.1322 -0.1682
vn 0.9878 0.1316 -0.0837
vn 0.9618 0.1001 -0.2549
vn 0.9606 0.1113 -0.2547
vn 0.9338 0.1008 -0.3432
vn 0.9327 0.1121 -0.3429
vn 0.9300 0.1343 -0.3422
vn 0.9579 0.1331 -0.2542
vn 0.8954 0.1014 -0.4336
vn 0.8942 0.1130 -0.4332
vn 0.8446 0.1021 -0.5255
vn 0.8435 0.1138 -0.5249
vn 0.8410 0.1366 -0.5236
vn 0.8916 0.1355 -0.4322
vn 0.8869 0.1682 0.4304
vn 0.8364 0.1697 0.5211
vn 0.9253 0.1664 0.3409
vn 0.9175 0.2084 0.3388
vn 0.8791 0.2107 0.4274
vn 0.8290 0.2129 0.5172
vn 0.9532 0.1648 0.2534
vn 0.9722 0.1635 0.1677
vn 0.9646 0.2043 0.1670
vn 0.9455 0.2061 0.2520
vn 0.9831 0.1627 0.0835
vn 0.9867 0.1624 -0.0000
vn 0.9792 0.2027 -0.0000
vn 0.9756 0.2031 0.0832
vn 0.9831 0.1627 -0.0835
vn 0.9722 0.1635 -0.1677
vn 0.9646 0.2043 -0.1670
vn 0.9756 0.2031 -0.0832
vn 0.9532 0.1648 -0.2534
vn 0.9253 0.1664 -0.3409
vn 0.9175 0.2084 -0.3388
vn 0.9455 0.2061 -0.2520
vn 0.8869 0.1682 -0.4304
vn 0.8364 0.1697 -0.5211
vn 0.8290 0.2129 -0.5172
vn 0.8791 0.2107 -0.4274
vn 0.8673 0.2626 0.4229
vn 0.8175 0.2653 0.5111
vn 0.9055 0.2596 0.3357
vn 0.8879 0.3194 0.3311
vn 0.8500 0.3228 0.4164
vn 0.8009 0.3259 0.5023
vn 0.9336 0.2567 0.2500
vn 0.9528 0.2543 0.1658
vn 0.9354 0.3133 0.1641
vn 0.9160 0.3161 0.2471
vn 0.9640 0.2527 0.0826
vn 0.9677 0.2522 -0.0000
vn 0.9505 0.3107 -0.0000
vn 0.9467 0.3114 0.0819
vn 0.9640 0.2527 -0.0826
vn 0.9528 0.2543 -0.1658
vn 0.9354 0.3133 -0.1641
vn 0.9467 0.3114 -0.0819
vn 0.9336 0.2567 -0.2500
vn 0.9055 0.2596 -0.3357
vn 0.8879 0.3194 -0.3311
vn 0.9160 0.3161 -0.2471
vn 0.8673 0.2626 -0.4229
vn 0.8176 0.2653 -0.5111
vn 0.8009 0.3259 -0.5023
vn 0.8500 0.3228 -0.4164
vn 0.8264 0.3887 0.4074
vn 0.7787 0.3913 0.4904
vn 0.8636 0.3857 0.3247
vn 0.8320 0.4560 0.3160
vn 0.7964 0.4574 0.3956
vn 0.7509 0.4585 0.4754
vn 0.8914 0.3826 0.2428
vn 0.9107 0.3800 0.1616
vn 0.8774 0.4529 0.1581
vn 0.8587 0.4544 0.2370
vn 0.9222 0.3782 0.0808
vn 0.9260 0.3776 -0.0000
vn 0.8924 0.4513 -0.0000
vn 0.8886 0.4517 0.0792
vn 0.9222 0.3782 -0.0808
vn 0.9107 0.3800 -0.1616
vn 0.8774 0.4529 -0.1581
vn 0.8886 0.4517 -0.0792
vn 0.8914 0.3826 -0.2428
vn 0.8636 0.3857 -0.3247
vn 0.8320 0.4560 -0.3160
vn 0.8587 0.4544 -0.2370
vn 0.8264 0.3887 -0.4074
vn 0.7787 0.3913 -0.4904
vn 0.7509 0.4585 -0.4754
vn 0.7964 0.4574 -0.3956
vn 0.7595 0.5275 0.3808
vn 0.7174 0.5259 0.4569
vn 0.7921 0.5288 0.3047
vn 0.7433 0.6025 0.2906
vn 0.7150 0.5978 0.3625
vn 0.6782 0.5926 0.4347
vn 0.8167 0.5296 0.2291
vn 0.8341 0.5299 0.1533
vn 0.7798 0.6085 0.1471
vn 0.7646 0.6061 0.2190
vn 0.8446 0.5298 0.0770
vn 0.8482 0.5297 -0.0000
vn 0.7923 0.6101 -0.0000
vn 0.7891 0.6098 0.0741
vn 0.8446 0.5298 -0.0770
vn 0.8341 0.5299 -0.1533
vn 0.7798 0.6085 -0.1471
vn 0.7891 0.6098 -0.0741
vn 0.8167 0.5296 -0.2291
vn 0.7921 0.5288 -0.3047
vn 0.7433 0.6025 -0.2906
vn 0.7646 0.6061 -0.2190
vn 0.7595 0.5275 -0.3808
vn 0.7174 0.5259 -0.4569
vn 0.6782 0.5926 -0.4347
vn 0.7150 0.5978 -0.3625
vn 0.6627 0.6669 0.3408
vn 0.6333 0.6573 0.4085
vn 0.6850 0.6751 0.2738
vn 0.6174 0.7440 0.2554
vn 0.6019 0.7331 0.3166
vn 0.5822 0.7194 0.3789
vn 0.7020 0.6814 0.2070
vn 0.7144 0.6857 0.1395
vn 0.6390 0.7580 0.1310
vn 0.6298 0.7522 0.1938
vn 0.7221 0.6882 0.0705
vn 0.7247 0.6890 -0.0000
vn 0.6469 0.7626 -0.0000
vn 0.6449 0.7614 0.0665
vn 0.7221 0.6882 -0.0705
vn 0.7144 0.6857 -0.1395
vn 0.6390 0.7580 -0.1310
vn 0.6449 0.7614 -0.0665
vn 0.7020 0.6814 -0.2070
vn 0.6850 0.6751 -0.2738
vn 0.6174 0.7440 -0.2554
vn 0.6298 0.7522 -0.1938
vn 0.6627 0.6669 -0.3408
vn 0.6333 0.6573 -0.4085
vn 0.5822 0.7194 -0.3789
vn 0.6019 0.7331 -0.3166
vn 0.7806 0.1025 0.6166
vn 0.8447 0.1020 0.5255
vn 0.8954 0.1015 0.4336
vn 0.9339 0.1009 0.3431
vn 0.9618 0.1004 0.2548
vn 0.9806 0.0999 0.1686
vn 0.9915 0.0997 0.0839
vn 0.9950 0.0996 -0.0000
vn 0.9915 0.0997 -0.0839
vn 0.9806 0.0999 -0.1686
vn 0.9618 0.1004 -0.2548
vn 0.9339 0.1009 -0.3431
vn 0.8954 0.1015 -0.4336
vn 0.8447 0.1020 -0.5255
vn 0.7806 0.1025 -0.6166
vn 0.7034 0.1026 -0.7034
vn 0.7034 0.1027 -0.7034
vn 0.7795 0.1144 -0.6159
vn 0.7024 0.1147 -0.7024
vn 0.7004 0.1377 -0.7004
vn 0.7772 0.1374 -0.6141
vn 0.7729 0.1708 -0.6110
vn 0.6967 0.1713 -0.6967
vn 0.6906 0.2150 -0.6906
vn 0.7660 0.2144 -0.6060
vn 0.7554 0.2673 -0.5982
vn 0.6812 0.2680 -0.6812
vn 0.6678 0.3288 -0.6678
vn 0.7401 0.3280 -0.5871
vn 0.7197 0.3932 -0.5722
vn 0.6499 0.3939 -0.6499
vn 0.6280 0.4595 -0.6280
vn 0.6947 0.4592 -0.5537
vn 0.6650 0.5246 -0.5316
vn 0.6022 0.5241 -0.6022
vn 0.5727 0.5866 -0.5727
vn 0.6309 0.5883 -0.5058
vn 0.5936 0.6485 -0.4766
vn 0.5405 0.6447 -0.5405
vn 0.5062 0.6982 -0.5062
vn 0.5531 0.7051 -0.4438
vn 0.5050 0.7613 -0.4067
vn 0.5215 0.7792 -0.3478
vn 0.4674 0.7504 -0.4674
vn 0.5326 0.7941 -0.2926
vn 0.5424 0.8059 -0.2374
vn 0.5506 0.8149 -0.1808
vn 0.5569 0.8215 -0.1226
vn 0.5610 0.8255 -0.0623
vn 0.5624 0.8268 -0.0000
vn 0.5610 0.8255 0.0623
vn 0.5569 0.8215 0.1226
vn 0.5506 0.8149 0.1808
vn 0.5424 0.8059 0.2374
vn 0.5326 0.7941 0.2926
vn 0.5215 0.7792 0.3478
vn 0.5531 0.7051 0.4438
vn 0.5050 0.7613 0.4067
vn 0.6309 0.5883 0.5058
vn 0.5936 0.6485 0.4766
vn 0.6947 0.4592 0.5537
vn 0.6650 0.5246 0.5316
vn 0.7401 0.3280 0.5871
vn 0.7197 0.3932 0.5722
vn 0.7660 0.2144 0.6060
vn 0.7554 0.2673 0.5982
vn 0.7772 0.1374 0.6141
vn 0.7729 0.1708 0.6110
vn 0.7795 0.1144 0.6159
vn 0.5255 0.1021 -0.8446
vn 0.4336 0.1014 -0.8954
vn 0.4332 0.1130 -0.8942
vn 0.5249 0.1138 -0.8435
vn 0.3432 0.1008 -0.9338
vn 0.3429 0.1121 -0.9327
vn 0.3422 0.1343 -0.9300
vn 0.4322 0.1355 -0.8916
vn 0.5236 0.1366 -0.8410
vn 0.2549 0.1001 -0.9618
vn 0.2547 0.1113 -0.9606
vn 0.1686 0.0996 -0.9806
vn 0.1685 0.1107 -0.9795
vn 0.1682 0.1322 -0.9768
vn 0.2542 0.1331 -0.9579
vn 0.0839 0.0993 -0.9915
vn 0.0838 0.1102 -0.9904
vn -0.0000 0.0992 -0.9951
vn -0.0000 0.1101 -0.9939
vn -0.0000 0.1314 -0.9913
vn 0.0837 0.1316 -0.9878
vn -0.0839 0.0993 -0.9915
vn -0.0838 0.1102 -0.9904
vn -0.1686 0.0996 -0.9806
vn -0.1685 0.1107 -0.9795
vn -0.1682 0.1322 -0.9768
vn -0.0837 0.1316 -0.9878
vn -0.2549 0.1001 -0.9618
vn -0.2547 0.1113 -0.9606
vn -0.3432 0.1007 -0.9338
vn -0.3429 0.1121 -0.9327
vn -0.3422 0.1343 -0.9300
vn -0.2542 0.1331 -0.9579
vn -0.4336 0.1014 -0.8954
vn -0.4332 0.1130 -0.8942
vn -0.5255 0.1021 -0.8446
vn -0.5249 0.1138 -0.8435
vn -0.5236 0.1366 -0.8410
vn -0.4322 0.1355 -0.8916
vn 0.4304 0.1682 -0.8869
vn 0.5211 0.1697 -0.8364
vn 0.3409 0.1664 -0.9253
vn 0.3388 0.2084 -0.9175
vn 0.4274 0.2107 -0.8791
vn 0.5172 0.2129 -0.8290
vn 0.2534 0.1648 -0.9532
vn 0.1677 0.1635 -0.9722
vn 0.1670 0.2043 -0.9646
vn 0.2520 0.2061 -0.9455
vn 0.0835 0.1627 -0.9831
vn -0.0000 0.1624 -0.9867
vn -0.0000 0.2027 -0.9792
vn 0.0832 0.2031 -0.9756
vn -0.0835 0.1627 -0.9831
vn -0.1677 0.1635 -0.9722
vn -0.1670 0.2043 -0.9646
vn -0.0832 0.2031 -0.9756
vn -0.2534 0.1648 -0.9532
vn -0.3409 0.1664 -0.9253
vn -0.3388 0.2084 -0.9175
vn -0.2520 0.2061 -0.9455
vn -0.4304 0.1682 -0.8869
vn -0.5211 0.1697 -0.8364
vn -0.5172 0.2129 -0.8290
vn -0.4274 0.2107 -0.8791
vn 0.4229 0.2626 -0.8673
vn 0.5111 0.2653 -0.8176
vn 0.3357 0.2596 -0.9055
vn 0.3311 0.3194 -0.8879
vn 0.4164 0.3228 -0.8500
vn 0.5023 0.3259 -0.8009
vn 0.2500 0.2567 -0.9336
vn 0.1658 0.2543 -0.9528
vn 0.1641 0.3133 -0.9354
vn 0.2471 0.3161 -0.9160
vn 0.0826 0.2527 -0.9640
vn -0.0000 0.2522 -0.9677
vn -0.0000 0.3107 -0.9505
vn 0.0819 0.3114 -0.9467
vn -0.0826 0.2527 -0.9640
vn -0.1658 0.2543 -0.9528
vn -0.1641 0.3133 -0.9354
vn -0.0819 0.3114 -0.9467
vn -0.2500 0.2567 -0.9336
vn -0.3357 0.2596 -0.9055
vn -0.3311 0.3194 -0.8879
vn -0.2471 0.3161 -0.9160
vn -0.4229 0.2626 -0.8673
vn -0.5111 0.2653 -0.8176
vn -0.5023 0.3259 -0.8009
vn -0.4164 0.3228 -0.8500
vn 0.4074 0.3887 -0.8264
vn 0.4904 0.3913 -0.7787
vn 0.3247 0.3857 -0.8636
vn 0.3160 0.4560 -0.8320
vn 0.3956 0.4574 -0.7964
vn 0.4754 0.4585 -0.7509
vn 0.2428 0.3826 -0.8914
vn 0.1616 0.3800 -0.9107
vn 0.1581 0.4529 -0.8774
vn 0.2370 0.4544 -0.8587
vn 0.0808 0.3782 -0.9222
vn -0.0000 0.3776 -0.9260
vn -0.0000 0.4513 -0.8924
vn 0.0792 0.4517 -0.8886
vn -0.0808 0.3782 -0.9222
vn -0.1616 0.3800 -0.9107
vn -0.1581 0.4529 -0.8774
vn -0.0792 0.4517 -0.8886
vn -0.2428 0.3826 -0.8914
vn -0.3247 0.3857 -0.8636
vn -0.3160 0.4560 -0.8320
vn -0.2370 0.4544 -0.8587
vn -0.4074 0.3887 -0.8264
vn -0.4904 0.3913 -0.7787
vn -0.4754 0.4585 -0.7509
vn -0.3956 0.4574 -0.7964
vn 0.3808 0.5275 -0.7595
vn 0.4569 0.5259 -0.7174
vn 0.3047 0.5288 -0.7921
vn 0.2906 0.6025 -0.7433
vn 0.3625 0.5978 -0.7150
vn 0.4347 0.5926 -0.6782
vn 0.2291 0.5296 -0.8167
vn 0.1533 0.5299 -0.8341
vn 0.1471 0.6085 -0.7798
vn 0.2190 0.6061 -0.7646
vn 0.0770 0.5298 -0.8446
vn -0.0000 0.5297 -0.8482
vn -0.0000 0.6101 -0.7923
vn 0.0741 0.6098 -0.7891
vn -0.0770 0.5298 -0.8446
vn -0.1533 0.5299 -0.8341
vn -0.1471 0.6085 -0.7798
vn -0.0741 0.6098 -0.7891
vn -0.2291 0.5296 -0.8167
vn -0.3047 0.5288 -0.7921
vn -0.2906 0.6025 -0.7433
vn -0.2190 0.6061 -0.7646
vn -0.3808 0.5275 -0.7595
vn -0.4569 0.5259 -0.7174
vn -0.4347 0.5926 -0.6782
vn -0.3625 0.5978 -0.7150
vn 0.3408 0.6669 -0.6627
vn 0.4085 0.6573 -0.6333
vn 0.2738 0.6751 -0.6850
vn 0.2554 0.7440 -0.6174
vn 0.3166 0.7331 -0.6019
vn 0.3789 0.7194 -0.5822
vn 0.2070 0.6814 -0.7020
vn 0.1395 0.6857 -0.7144
vn 0.1310 0.7580 -0.6390
vn 0.1938 0.7522 -0.6298
vn 0.0705 0.6882 -0.7221
vn -0.0000 0.6890 -0.7247
vn -0.0000 0.7626 -0.6469
vn 0.0665 0.7614 -0.6449
vn -0.0705 0.6882 -0.7221
vn -0.1395 0.6857 -0.7144
vn -0.1310 0.7580 -0.6390
vn -0.0665 0.7614 -0.6449
vn -0.2070 0.6814 -0.7020
vn -0.2738 0.6751 -0.6850
vn -0.2554 0.7440 -0.6174
vn -0.1938 0.7522 -0.6298
vn -0.3408 0.6669 -0.6627
vn -0.4085 0.6573 -0.6333
vn -0.3789 0.7194 -0.5822
vn -0.3166 0.7331 -0.6019
vn 0.6166 0.1025 -0.7806
vn 0.5255 0.1020 -0.8447
vn 0.4336 0.1015 -0.8954
vn 0.3431 0.1009 -0.9339
vn 0.2548 0.1004 -0.9618
vn 0.1686 0.0999 -0.9806
vn 0.0839 0.0997 -0.9915
vn -0.0000 0.0996 -0.9950
vn -0.0839 0.0997 -0.9915
vn -0.1686 0.0999 -0.9806
vn -0.2548 0.1004 -0.9618
vn -0.3431 0.1009 -0.9339
vn -0.4336 0.1015 -0.8954
vn -0.5255 0.1020 -0.8447
vn -0.6166 0.1025 -0.7806
vn -0.6159 0.1144 -0.7795
vn -0.6141 0.1374 -0.7772
vn -0.6110 0.1708 -0.7729
vn -0.6060 0.2144 -0.7660
vn -0.5982 0.2673 -0.7554
vn -0.5871 0.3280 -0.7401
vn -0.5722 0.3932 -0.7197
vn -0.5537 0.4592 -0.6947
vn -0.5316 0.5246 -0.6650
vn -0.5058 0.5883 -0.6309
vn -0.4766 0.6485 -0.5936
vn -0.4438 0.7051 -0.5531
vn -0.4067 0.7613 -0.5050
vn -0.3478 0.7792 -0.5215
vn -0.2926 0.7941 -0.5326
vn -0.2374 0.8059 -0.5424
vn -0.1808 0.8149 -0.5506
vn -0.1226 0.8215 -0.5569
vn -0.0623 0.8255 -0.5610
vn -0.0000 0.8268 -0.5624
vn 0.0623 0.8255 -0.5610
vn 0.1226 0.8215 -0.5569
vn 0.1808 0.8149 -0.5506
vn 0.2374 0.8059 -0.5424
vn 0.2926 0.7941 -0.5326
vn 0.3478 0.7792 -0.5215
vn 0.4438 0.7051 -0.5531
vn 0.4067 0.7613 -0.5050
vn 0.5058 0.5883 -0.6309
vn 0.4766 0.6485 -0.5936
vn 0.5537 0.4592 -0.6947
vn 0.5316 0.5246 -0.6650
vn 0.5871 0.3280 -0.7401
vn 0.5722 0.3932 -0.7197
vn 0.6060 0.2144 -0.7660
vn 0.5982 0.2673 -0.7554
vn 0.6141 0.1374 -0.7772
vn 0.6110 0.1708 -0.7729
vn 0.6159 0.1144 -0.7795
vt 0.056592 0.604809
vt 0.051868 0.610560
vt 0.045419 0.618415
vt 0.038975 0.626270
vt 0.034264 0.632020
vt 0.063768 0.609952
vt 0.059836 0.616269
vt 0.054466 0.624899
vt 0.049103 0.633528
vt 0.045183 0.639844
vt 0.071554 0.614113
vt 0.068480 0.620890
vt 0.064283 0.630146
vt 0.060092 0.639402
vt 0.057030 0.646177
vt 0.079817 0.617223
vt 0.077653 0.624343
vt 0.074700 0.634067
vt 0.071754 0.643791
vt 0.173875 0.724352
vt 0.088415 0.619228
vt 0.087199 0.626568
vt 0.085541 0.636595
vt 0.083888 0.646621
vt 0.173237 0.711370
vt 0.097201 0.620094
vt 0.096954 0.627529
vt 0.096618 0.637686
vt 0.096288 0.647842
vt 0.172915 0.698048
vt 0.106025 0.619805
vt 0.106750 0.627209
vt 0.107743 0.637322
vt 0.108742 0.647434
vt 0.172915 0.684615
vt 0.114736 0.618367
vt 0.116421 0.625612
vt 0.118725 0.635509
vt 0.121036 0.645405
vt 0.173237 0.671300
vt 0.123184 0.615804
vt 0.125801 0.622767
vt 0.129377 0.632278
vt 0.132959 0.641788
vt 0.173875 0.658331
vt 0.131226 0.612161
vt 0.134729 0.618722
vt 0.139516 0.627684
vt 0.144309 0.636646
vt 0.147824 0.643206
vt 0.138723 0.607499
vt 0.143052 0.613546
vt 0.148968 0.621806
vt 0.154890 0.630066
vt 0.159232 0.636112
vt 0.145548 0.601898
vt 0.150629 0.607328
vt 0.157573 0.614745
vt 0.164522 0.622161
vt 0.169616 0.627590
vt 0.151583 0.595454
vt 0.157330 0.600174
vt 0.165182 0.606621
vt 0.173040 0.613067
vt 0.178799 0.617786
vt 0.156726 0.588278
vt 0.163039 0.592207
vt 0.171666 0.597573
vt 0.180298 0.602939
vt 0.186624 0.606867
vt 0.160888 0.580492
vt 0.167660 0.583562
vt 0.176913 0.587757
vt 0.186172 0.591950
vt 0.192956 0.595020
vt 0.163998 0.572229
vt 0.171113 0.574389
vt 0.180834 0.577339
vt 0.190561 0.580289
vt 0.183852 0.724352
vt 0.166003 0.563631
vt 0.173338 0.564843
vt 0.183361 0.566499
vt 0.193391 0.568154
vt 0.183213 0.711370
vt 0.166868 0.554845
vt 0.174299 0.555089
vt 0.184453 0.555422
vt 0.194612 0.555754
vt 0.182891 0.698048
vt 0.166579 0.546021
vt 0.173979 0.545292
vt 0.184089 0.544297
vt 0.194205 0.543300
vt 0.182891 0.684615
vt 0.165141 0.537310
vt 0.172382 0.535621
vt 0.182275 0.533314
vt 0.192175 0.531006
vt 0.183213 0.671300
vt 0.162579 0.528862
vt 0.169537 0.526242
vt 0.179044 0.522662
vt 0.188558 0.519083
vt 0.183852 0.658331
vt 0.158935 0.520820
vt 0.165492 0.517313
vt 0.174451 0.512524
vt 0.183416 0.507733
vt 0.189985 0.504226
vt 0.154273 0.513322
vt 0.160316 0.508990
vt 0.168573 0.503071
vt 0.176836 0.497152
vt 0.182891 0.492818
vt 0.148672 0.506498
vt 0.154098 0.501413
vt 0.161512 0.494467
vt 0.168932 0.487520
vt 0.174370 0.482434
vt 0.142229 0.500462
vt 0.146944 0.494712
vt 0.153388 0.486857
vt 0.159837 0.479002
vt 0.164565 0.473251
vt 0.135052 0.495320
vt 0.138977 0.489003
vt 0.144340 0.480374
vt 0.149709 0.471744
vt 0.153646 0.465426
vt 0.127266 0.491158
vt 0.130332 0.484382
vt 0.134523 0.475127
vt 0.138720 0.465870
vt 0.141799 0.459094
vt 0.119003 0.488048
vt 0.121159 0.480930
vt 0.124106 0.471206
vt 0.127059 0.461481
vt 0.168887 0.724352
vt 0.110405 0.486043
vt 0.111613 0.478704
vt 0.113266 0.468678
vt 0.114924 0.458651
vt 0.168248 0.711370
vt 0.101619 0.485178
vt 0.101859 0.477743
vt 0.102188 0.467587
vt 0.102524 0.457430
vt 0.167926 0.698048
vt 0.092795 0.485466
vt 0.092062 0.478063
vt 0.091063 0.467951
vt 0.090070 0.457838
vt 0.167926 0.684615
vt 0.084085 0.486904
vt 0.082392 0.479660
vt 0.080081 0.469764
vt 0.077777 0.459867
vt 0.168248 0.671300
vt 0.075636 0.489467
vt 0.073012 0.482505
vt 0.069429 0.472995
vt 0.065853 0.463484
vt 0.168887 0.658331
vt 0.067594 0.493111
vt 0.064084 0.486550
vt 0.059290 0.477589
vt 0.054503 0.468626
vt 0.051005 0.462065
vt 0.060097 0.497773
vt 0.055760 0.491726
vt 0.049838 0.483466
vt 0.043922 0.475206
vt 0.039598 0.469158
vt 0.053272 0.503373
vt 0.048183 0.497944
vt 0.041233 0.490528
vt 0.034290 0.483111
vt 0.029213 0.477680
vt 0.047237 0.509817
vt 0.041483 0.505098
vt 0.033624 0.498652
vt 0.025772 0.492205
vt 0.020030 0.487485
vt 0.042094 0.516993
vt 0.035773 0.513065
vt 0.027141 0.507699
vt 0.018514 0.502333
vt 0.012206 0.498404
vt 0.037932 0.524780
vt 0.031153 0.521710
vt 0.021893 0.517516
vt 0.012640 0.513322
vt 0.005873 0.510251
vt 0.034822 0.533042
vt 0.027700 0.530883
vt 0.017972 0.527934
vt 0.008251 0.524983
vt 0.178863 0.724352
vt 0.032818 0.541640
vt 0.025474 0.540429
vt 0.015445 0.538774
vt 0.005422 0.537118
vt 0.178225 0.711369
vt 0.031952 0.550426
vt 0.024513 0.550183
vt 0.014354 0.549851
vt 0.004200 0.549518
vt 0.177903 0.698048
vt 0.032241 0.559250
vt 0.024834 0.559980
vt 0.014718 0.560976
vt 0.004608 0.561972
vt 0.177903 0.684615
vt 0.033679 0.567961
vt 0.026430 0.569651
vt 0.016531 0.571958
vt 0.006637 0.574266
vt 0.178225 0.671300
vt 0.036242 0.576410
vt 0.029275 0.579030
vt 0.019762 0.582610
vt 0.010254 0.586189
vt 0.178863 0.658331
vt 0.039885 0.584451
vt 0.033321 0.587959
vt 0.024355 0.592749
vt 0.015396 0.597539
vt 0.008844 0.601045
vt 0.044547 0.591949
vt 0.038496 0.596282
vt 0.030233 0.602202
vt 0.021976 0.608120
vt 0.015938 0.612452
vt 0.050148 0.598774
vt 0.044715 0.603859
vt 0.037295 0.610806
vt 0.029881 0.617752
vt 0.024460 0.622837
vt 0.000426 0.562384
vt 0.174349 0.684834
vt 0.005421 0.568152
vt 0.172849 0.500008
vt 0.165183 0.498653
vt 0.066454 0.625356
vt 0.073010 0.622766
vt 0.018561 0.610570
vt 0.025771 0.613066
vt 0.136695 0.470336
vt 0.129379 0.472996
vt 0.107228 0.632088
vt 0.111612 0.626569
vt 0.090549 0.462717
vt 0.085542 0.468678
vt 0.145906 0.617531
vt 0.146943 0.610561
vt 0.046775 0.479191
vt 0.045420 0.486856
vt 0.172123 0.585586
vt 0.169536 0.579032
vt 0.017104 0.515345
vt 0.019762 0.522661
vt 0.178856 0.544812
vt 0.173339 0.540431
vt 0.178024 0.677928
vt 0.164299 0.506134
vt 0.157331 0.505100
vt 0.062113 0.634936
vt 0.037034 0.585975
vt 0.069427 0.632277
vt 0.042094 0.588277
vt 0.020029 0.617784
vt 0.132354 0.479917
vt 0.125802 0.482506
vt 0.108259 0.642556
vt 0.113264 0.636595
vt 0.091579 0.473184
vt 0.048182 0.607327
vt 0.087201 0.478703
vt 0.152032 0.626081
vt 0.153386 0.618416
vt 0.052902 0.487741
vt 0.051870 0.494711
vt 0.181704 0.589927
vt 0.179044 0.582612
vt 0.026684 0.519686
vt 0.029276 0.526240
vt 0.189323 0.543781
vt 0.183362 0.538776
vt 0.019952 0.560461
vt 0.161786 0.519296
vt 0.025474 0.564841
vt 0.156727 0.516995
vt 0.178800 0.487486
vt 0.058360 0.643233
vt 0.065851 0.641787
vt 0.034509 0.599138
vt 0.136759 0.492574
vt 0.041481 0.600173
vt 0.131227 0.493111
vt 0.169321 0.730646
vt 0.135590 0.456522
vt 0.109158 0.651620
vt 0.169361 0.684834
vt 0.114922 0.646621
vt 0.101725 0.481946
vt 0.097203 0.485178
vt 0.168047 0.677928
vt 0.157344 0.633485
vt 0.159836 0.626271
vt 0.066070 0.490260
vt 0.063769 0.495319
vt 0.034266 0.473249
vt 0.190007 0.593686
vt 0.188557 0.586191
vt 0.039349 0.515286
vt 0.039886 0.520818
vt 0.179298 0.730646
vt 0.003301 0.516459
vt 0.198394 0.542888
vt 0.179337 0.684834
vt 0.193391 0.537120
vt 0.028721 0.550321
vt 0.031952 0.554843
vt 0.009485 0.561491
vt 0.015444 0.566497
vt 0.180259 0.494702
vt 0.062060 0.612697
vt 0.173041 0.492207
vt 0.067593 0.612160
vt 0.174310 0.730646
vt 0.063239 0.648749
vt 0.025959 0.605265
vt 0.033623 0.606619
vt 0.140460 0.462039
vt 0.097095 0.623325
vt 0.132961 0.463485
vt 0.101618 0.620094
vt 0.173036 0.677928
vt 0.089662 0.453651
vt 0.164372 0.684834
vt 0.132750 0.615012
vt 0.083890 0.458651
vt 0.135051 0.609952
vt 0.164563 0.632021
vt 0.041476 0.471787
vt 0.159471 0.589985
vt 0.038977 0.479001
vt 0.158934 0.584453
vt 0.184286 0.730646
vt 0.195528 0.588811
vt 0.008813 0.511585
vt 0.170099 0.554951
vt 0.010255 0.519081
vt 0.166868 0.550428
vt 0.183012 0.677928
vt 0.004200 0.555752
vt 0.179090 0.510044
vt 0.171667 0.507701
vt 0.057244 0.620433
vt 0.064082 0.618721
vt 0.011691 0.599521
vt 0.018513 0.602937
vt 0.147118 0.475908
vt 0.139517 0.477590
vt 0.096791 0.632430
vt 0.101857 0.627529
vt 0.102361 0.462330
vt 0.096620 0.467587
vt 0.137038 0.623046
vt 0.138975 0.616270
vt 0.056812 0.472950
vt 0.054468 0.480373
vt 0.167200 0.594796
vt 0.165491 0.587960
vt 0.022675 0.504922
vt 0.024356 0.512522
vt 0.179197 0.555249
vt 0.174299 0.550185
vt 0.009098 0.549679
vt 0.177863 0.691331
vt 0.169813 0.515003
vt 0.163040 0.513067
vt 0.051690 0.629365
vt 0.033216 0.577549
vt 0.059289 0.627683
vt 0.037932 0.580490
vt 0.012204 0.606865
vt 0.141563 0.484840
vt 0.053271 0.601897
vt 0.134730 0.486551
vt 0.096447 0.642942
vt 0.102186 0.637686
vt 0.102017 0.472843
vt 0.096955 0.477743
vt 0.141996 0.632322
vt 0.144338 0.624900
vt 0.061770 0.482227
vt 0.059837 0.489002
vt 0.176132 0.600350
vt 0.174450 0.592751
vt 0.031607 0.510477
vt 0.033321 0.517312
vt 0.189710 0.555594
vt 0.184453 0.549853
vt 0.019611 0.550023
vt 0.024513 0.555087
vt 0.160889 0.524781
vt 0.186625 0.498406
vt 0.046886 0.637099
vt 0.054501 0.636645
vt 0.028994 0.590270
vt 0.144279 0.497963
vt 0.035772 0.592205
vt 0.138725 0.497774
vt 0.147826 0.462066
vt 0.096154 0.652046
vt 0.169361 0.697844
vt 0.102522 0.647842
vt 0.110932 0.482853
vt 0.106027 0.485466
vt 0.167886 0.691331
vt 0.146295 0.640355
vt 0.149707 0.633529
vt 0.074497 0.486441
vt 0.071556 0.491157
vt 0.045185 0.465425
vt 0.183874 0.605160
vt 0.183415 0.597541
vt 0.044738 0.507766
vt 0.044548 0.513321
vt 0.008846 0.504224
vt 0.198820 0.555891
vt 0.179337 0.697844
vt 0.194612 0.549520
vt 0.029628 0.541114
vt 0.032241 0.546019
vt 0.014354 0.555420
vt 0.187129 0.505750
vt 0.054540 0.607308
vt 0.180299 0.502335
vt 0.060096 0.607498
vt 0.051003 0.643204
vt 0.019718 0.595228
vt 0.027140 0.597571
vt 0.151934 0.468172
vt 0.087888 0.622418
vt 0.144311 0.468627
vt 0.092794 0.619805
vt 0.172874 0.691331
vt 0.102665 0.453226
vt 0.164372 0.697844
vt 0.124323 0.618830
vt 0.096291 0.457430
vt 0.127265 0.614114
vt 0.153644 0.639845
vt 0.052524 0.464916
vt 0.154082 0.597505
vt 0.049105 0.471743
vt 0.154272 0.591950
vt 0.189984 0.601047
vt 0.014946 0.500111
vt 0.169192 0.564158
vt 0.015398 0.507731
vt 0.166579 0.559252
vt 0.182851 0.691331
vt 0.000000 0.549380
vt 0.174349 0.697844
vt 0.165604 0.527723
vt 0.176913 0.517518
vt 0.048756 0.614350
vt 0.055759 0.613545
vt 0.006321 0.587671
vt 0.175279 0.659377
vt 0.012640 0.591948
vt 0.156725 0.482792
vt 0.148970 0.483468
vt 0.086398 0.631406
vt 0.034289 0.622160
vt 0.092061 0.627208
vt 0.114123 0.463489
vt 0.107745 0.467951
vt 0.127525 0.627356
vt 0.130331 0.620890
vt 0.067578 0.468073
vt 0.064285 0.475126
vt 0.161117 0.603284
vt 0.160315 0.596284
vt 0.029560 0.495315
vt 0.030234 0.503070
vt 0.178173 0.565642
vt 0.173978 0.559982
vt 0.010257 0.537917
vt 0.014718 0.544295
vt 0.174123 0.524515
vt 0.167660 0.521711
vt 0.042083 0.622480
vt 0.030530 0.568695
vt 0.049836 0.621805
vt 0.034822 0.572227
vt 0.005872 0.595017
vt 0.179298 0.652046
vt 0.150052 0.490923
vt 0.143054 0.491727
vt 0.084685 0.641783
vt 0.047788 0.600984
vt 0.029212 0.627589
vt 0.091061 0.637322
vt 0.112410 0.473867
vt 0.106752 0.478064
vt 0.131230 0.637200
vt 0.134521 0.630147
vt 0.071282 0.477917
vt 0.068482 0.484382
vt 0.169248 0.609957
vt 0.168572 0.602203
vt 0.037690 0.501988
vt 0.038497 0.508988
vt 0.188551 0.567356
vt 0.184088 0.560978
vt 0.020634 0.539630
vt 0.024834 0.545290
vt 0.183967 0.520810
vt 0.192957 0.510253
vt 0.184286 0.652046
vt 0.036310 0.629521
vt 0.043920 0.630065
vt 0.024684 0.580758
vt 0.151032 0.504288
vt 0.031152 0.583561
vt 0.145549 0.503375
vt 0.159234 0.469160
vt 0.083207 0.650770
vt 0.169672 0.710746
vt 0.090068 0.647434
vt 0.119942 0.484954
vt 0.114737 0.486905
vt 0.168047 0.704737
vt 0.134445 0.645724
vt 0.170291 0.659377
vt 0.138718 0.639403
vt 0.083350 0.483756
vt 0.079818 0.488047
vt 0.057032 0.459093
vt 0.169321 0.652046
vt 0.176295 0.615735
vt 0.176835 0.608122
vt 0.051062 0.501014
vt 0.050149 0.506496
vt 0.015939 0.492816
vt 0.197544 0.568839
vt 0.179649 0.710746
vt 0.194204 0.561974
vt 0.031729 0.532104
vt 0.033679 0.537309
vt 0.178024 0.704737
vt 0.192498 0.517601
vt 0.180267 0.659377
vt 0.186173 0.513324
vt 0.039596 0.636111
vt 0.014840 0.584463
vt 0.021893 0.587755
vt 0.162510 0.475750
vt 0.078878 0.620317
vt 0.154892 0.475207
vt 0.084083 0.618367
vt 0.041232 0.614744
vt 0.173036 0.704737
vt 0.115613 0.454501
vt 0.164684 0.710746
vt 0.115470 0.621515
vt 0.108744 0.457838
vt 0.119002 0.617224
vt 0.141797 0.646178
vt 0.174310 0.652046
vt 0.064375 0.459547
vt 0.165302 0.659377
vt 0.147758 0.604257
vt 0.060094 0.465869
vt 0.148671 0.598775
vt 0.182890 0.612454
vt 0.022525 0.489536
vt 0.167091 0.573167
vt 0.021978 0.497150
vt 0.165141 0.567963
vt 0.183012 0.704737
vt 0.001275 0.536432
vt 0.174661 0.710746
vt 0.168290 0.536576
vt 0.004608 0.543298
vt 0.163998 0.533044
vt 0.002545 0.575220
vt 0.174661 0.671938
vt 0.008251 0.580287
vt 0.165351 0.490872
vt 0.157574 0.490529
vt 0.076228 0.629034
vt 0.082390 0.625612
vt 0.026815 0.620627
vt 0.125633 0.466173
vt 0.118727 0.469764
vt 0.117532 0.630387
vt 0.121157 0.624343
vt 0.078888 0.464642
vt 0.074702 0.471205
vt 0.153979 0.610906
vt 0.154097 0.603860
vt 0.037639 0.486689
vt 0.037296 0.494465
vt 0.175802 0.575812
vt 0.172382 0.569652
vt 0.012941 0.526407
vt 0.016531 0.533312
vt 0.177155 0.534508
vt 0.171113 0.530885
vt 0.029023 0.559567
vt 0.032817 0.563629
vt 0.178505 0.664758
vt 0.157674 0.498062
vt 0.150631 0.497946
vt 0.073174 0.639100
vt 0.041919 0.593832
vt 0.080079 0.635508
vt 0.047236 0.595453
vt 0.122580 0.476238
vt 0.116423 0.479660
vt 0.119920 0.640630
vt 0.124104 0.634068
vt 0.081276 0.474886
vt 0.077655 0.480929
vt 0.161169 0.618583
vt 0.161510 0.610807
vt 0.044829 0.494366
vt 0.044716 0.501412
vt 0.185867 0.578866
vt 0.182275 0.571960
vt 0.023006 0.529460
vt 0.026431 0.535620
vt 0.187398 0.532120
vt 0.180834 0.527936
vt 0.021653 0.570764
vt 0.156901 0.511439
vt 0.027699 0.574387
vt 0.151584 0.509818
vt 0.169618 0.477682
vt 0.070536 0.647816
vt 0.170291 0.723320
vt 0.077775 0.645404
vt 0.041134 0.607211
vt 0.128600 0.488213
vt 0.123186 0.489468
vt 0.168529 0.717917
vt 0.121994 0.649501
vt 0.169672 0.671938
vt 0.127057 0.643792
vt 0.092478 0.482249
vt 0.088416 0.486043
vt 0.168529 0.664758
vt 0.167401 0.625231
vt 0.168930 0.617754
vt 0.058214 0.495145
vt 0.056593 0.500461
vt 0.024461 0.482432
vt 0.194590 0.581509
vt 0.180267 0.723320
vt 0.192174 0.574268
vt 0.034987 0.523445
vt 0.036242 0.528860
vt 0.178505 0.717917
vt 0.196275 0.530051
vt 0.179649 0.671938
vt 0.190562 0.524985
vt 0.011410 0.573153
vt 0.017972 0.577337
vt 0.172005 0.484644
vt 0.070220 0.617058
vt 0.164524 0.483112
vt 0.075635 0.615804
vt 0.173517 0.717917
vt 0.033457 0.614401
vt 0.128284 0.457456
vt 0.165302 0.723320
vt 0.106342 0.623022
vt 0.121038 0.459868
vt 0.110404 0.619228
vt 0.173517 0.664758
vt 0.076825 0.455770
vt 0.164684 0.671938
vt 0.140606 0.610126
vt 0.071756 0.461480
vt 0.142227 0.604810
vt 0.174368 0.622838
vt 0.031419 0.480040
vt 0.163832 0.581826
vt 0.029882 0.487518
vt 0.162578 0.576411
vt 0.183493 0.717917
vt 0.004230 0.523762
vt 0.175279 0.723320
vt 0.169796 0.545704
vt 0.006638 0.531004
vt 0.166003 0.541642
vt 0.183493 0.664758
vt 0.058212 0.610125
vt 0.052900 0.617530
vt 0.046774 0.626080
vt 0.041474 0.633483
vt 0.066069 0.615011
vt 0.061769 0.623045
vt 0.056810 0.632321
vt 0.052522 0.640354
vt 0.074495 0.618829
vt 0.071281 0.627355
vt 0.067576 0.637199
vt 0.170712 0.729416
vt 0.064373 0.645723
vt 0.083349 0.621515
vt 0.081274 0.630387
vt 0.078886 0.640630
vt 0.076823 0.649500
vt 0.169944 0.717088
vt 0.092477 0.623022
vt 0.091578 0.632088
vt 0.090547 0.642555
vt 0.089660 0.651620
vt 0.169478 0.704323
vt 0.101723 0.623325
vt 0.102015 0.632430
vt 0.102359 0.642942
vt 0.102663 0.652046
vt 0.169321 0.691338
vt 0.110930 0.622418
vt 0.112408 0.631406
vt 0.114121 0.641784
vt 0.115611 0.650771
vt 0.169478 0.678357
vt 0.119940 0.620317
vt 0.122578 0.629035
vt 0.125631 0.639100
vt 0.128281 0.647816
vt 0.169944 0.665602
vt 0.128599 0.617059
vt 0.132352 0.625356
vt 0.136693 0.634937
vt 0.140458 0.643234
vt 0.170712 0.653290
vt 0.136758 0.612698
vt 0.141562 0.620434
vt 0.147116 0.629366
vt 0.151932 0.637101
vt 0.144278 0.607309
vt 0.150051 0.614351
vt 0.156723 0.622482
vt 0.162508 0.629522
vt 0.151030 0.600985
vt 0.157673 0.607212
vt 0.165349 0.614402
vt 0.172004 0.620629
vt 0.156900 0.593833
vt 0.164298 0.599140
vt 0.172847 0.605266
vt 0.180257 0.610572
vt 0.161785 0.585977
vt 0.169813 0.590272
vt 0.179089 0.595230
vt 0.187128 0.599523
vt 0.165603 0.577550
vt 0.174123 0.580759
vt 0.183966 0.584464
vt 0.180688 0.729416
vt 0.192498 0.587673
vt 0.168289 0.568697
vt 0.177154 0.570766
vt 0.187397 0.573155
vt 0.196274 0.575222
vt 0.179920 0.717088
vt 0.169796 0.559569
vt 0.178855 0.560462
vt 0.189323 0.561494
vt 0.198394 0.562386
vt 0.179454 0.704323
vt 0.170099 0.550322
vt 0.179197 0.550025
vt 0.189710 0.549681
vt 0.198820 0.549382
vt 0.179298 0.691338
vt 0.169192 0.541115
vt 0.178174 0.539632
vt 0.188551 0.537919
vt 0.197545 0.536435
vt 0.179454 0.678357
vt 0.167092 0.532105
vt 0.175802 0.529462
vt 0.185868 0.526409
vt 0.194590 0.523764
vt 0.179920 0.665602
vt 0.163833 0.523447
vt 0.172124 0.519688
vt 0.181705 0.515347
vt 0.190008 0.511588
vt 0.180688 0.653290
vt 0.159472 0.515288
vt 0.167201 0.510478
vt 0.176133 0.504924
vt 0.183875 0.500113
vt 0.154083 0.507767
vt 0.161119 0.501990
vt 0.169249 0.495317
vt 0.176297 0.489538
vt 0.147759 0.501015
vt 0.153980 0.494367
vt 0.161170 0.486691
vt 0.167403 0.480042
vt 0.140607 0.495146
vt 0.145907 0.487742
vt 0.152034 0.479193
vt 0.157346 0.471788
vt 0.132751 0.490260
vt 0.137039 0.482228
vt 0.141997 0.472951
vt 0.146297 0.464918
vt 0.124324 0.486442
vt 0.127527 0.477918
vt 0.131232 0.468074
vt 0.165723 0.729416
vt 0.134447 0.459548
vt 0.115471 0.483756
vt 0.117534 0.474886
vt 0.119922 0.464643
vt 0.121997 0.455771
vt 0.164955 0.717088
vt 0.106343 0.482249
vt 0.107230 0.473185
vt 0.108261 0.462717
vt 0.109160 0.453652
vt 0.164489 0.704323
vt 0.097097 0.481946
vt 0.096793 0.472843
vt 0.096449 0.462330
vt 0.096157 0.453226
vt 0.164333 0.691338
vt 0.087890 0.482853
vt 0.086400 0.473866
vt 0.084687 0.463489
vt 0.083209 0.454501
vt 0.164489 0.678358
vt 0.078880 0.484954
vt 0.076230 0.476238
vt 0.073176 0.466172
vt 0.070538 0.457455
vt 0.164955 0.665602
vt 0.070221 0.488213
vt 0.066456 0.479916
vt 0.062115 0.470335
vt 0.058362 0.462038
vt 0.165723 0.653290
vt 0.062062 0.492574
vt 0.057246 0.484839
vt 0.051692 0.475907
vt 0.046888 0.468171
vt 0.054542 0.497962
vt 0.048757 0.490922
vt 0.042085 0.482791
vt 0.036312 0.475749
vt 0.047789 0.504287
vt 0.041135 0.498060
vt 0.033458 0.490870
vt 0.026816 0.484643
vt 0.041920 0.511438
vt 0.034510 0.506133
vt 0.025960 0.500006
vt 0.018562 0.494700
vt 0.037035 0.519294
vt 0.028995 0.515001
vt 0.019719 0.510043
vt 0.011692 0.505748
vt 0.033216 0.527721
vt 0.024685 0.524513
vt 0.014841 0.520808
vt 0.175700 0.729415
vt 0.006322 0.517599
vt 0.030531 0.536574
vt 0.021654 0.534506
vt 0.011410 0.532118
vt 0.002545 0.530049
vt 0.174932 0.717088
vt 0.029023 0.545702
vt 0.019952 0.544810
vt 0.009485 0.543779
vt 0.000426 0.542885
vt 0.174466 0.704322
vt 0.028721 0.554949
vt 0.019611 0.555247
vt 0.009098 0.555591
vt 0.000000 0.555889
vt 0.174310 0.691338
vt 0.029627 0.564156
vt 0.020634 0.565640
vt 0.010256 0.567353
vt 0.001275 0.568837
vt 0.174466 0.678357
vt 0.031728 0.573166
vt 0.023005 0.575811
vt 0.012940 0.578864
vt 0.004229 0.581507
vt 0.174932 0.665602
vt 0.034987 0.581824
vt 0.026684 0.585584
vt 0.017103 0.589925
vt 0.008812 0.593684
vt 0.175700 0.653290
vt 0.039348 0.589984
vt 0.031606 0.594794
vt 0.022674 0.600348
vt 0.014945 0.605158
vt 0.044737 0.597504
vt 0.037689 0.603283
vt 0.029559 0.609956
vt 0.022523 0.615734
vt 0.051061 0.604256
vt 0.044828 0.610905
vt 0.037638 0.618582
vt 0.031417 0.625229
vt 0.418509 0.597201
vt 0.768649 0.382495
vt 0.133871 0.796021
vt 0.518206 0.315470
vt 0.948767 0.143975
vt 0.835674 0.132053
vt 0.969538 0.591464
vt 0.585231 0.065027
vt 0.301249 0.589046
vt 0.852278 0.583308
vt 0.016611 0.787865
vt 0.215430 0.589045
vt 0.598157 0.794993
vt 0.800555 0.685104
vt 0.488264 0.592597
vt 0.690662 0.482709
vt 0.817778 0.118272
vt 0.789543 0.100951
vt 0.755319 0.084843
vt 0.717498 0.072191
vt 0.678414 0.064262
vt 0.640722 0.061123
vt 0.607614 0.062027
vt 0.782429 0.364603
vt 0.799748 0.336373
vt 0.815855 0.302151
vt 0.828507 0.264331
vt 0.836437 0.225246
vt 0.839576 0.187551
vt 0.838674 0.154439
vt 0.408797 0.597058
vt 0.397875 0.597000
vt 0.386564 0.597093
vt 0.375695 0.597401
vt 0.788543 0.416871
vt 0.782239 0.405985
vt 0.774940 0.393371
vt 0.578951 0.054145
vt 0.571669 0.041521
vt 0.565387 0.030623
vt 0.926724 0.591664
vt 0.937593 0.591356
vt 0.948904 0.591263
vt 0.959826 0.591321
vt 0.124159 0.795878
vt 0.113237 0.795820
vt 0.101926 0.795913
vt 0.091057 0.796221
vt 0.483841 0.335325
vt 0.494722 0.329038
vt 0.507332 0.321753
vt 0.939054 0.143832
vt 0.928132 0.143774
vt 0.916821 0.143867
vt 0.905953 0.144176
vt 0.870089 0.112169
vt 0.859186 0.118468
vt 0.846559 0.125764
vt 0.133995 0.841017
vt 0.135938 0.885276
vt 0.139483 0.927297
vt 0.144399 0.965573
vt 0.979963 0.466201
vt 0.974901 0.504994
vt 0.971337 0.547188
vt 0.418633 0.642197
vt 0.420576 0.686457
vt 0.424121 0.728477
vt 0.429038 0.766754
vt 0.144296 0.670758
vt 0.139235 0.709551
vt 0.135670 0.751745
vt 0.571447 0.082923
vt 0.554122 0.111156
vt 0.538011 0.145380
vt 0.525358 0.183200
vt 0.517430 0.222284
vt 0.514294 0.259978
vt 0.515202 0.293086
vt 0.969662 0.636460
vt 0.971605 0.680719
vt 0.975150 0.722740
vt 0.980066 0.761016
vt 0.959191 0.018712
vt 0.954130 0.057506
vt 0.950565 0.099700
vt 0.948890 0.188972
vt 0.950833 0.233231
vt 0.954378 0.275252
vt 0.959295 0.313528
vt 0.428934 0.471938
vt 0.423873 0.510731
vt 0.420308 0.552925
vt 0.536098 0.329254
vt 0.564327 0.346577
vt 0.598548 0.362687
vt 0.636368 0.375340
vt 0.675453 0.383269
vt 0.713149 0.386405
vt 0.746261 0.385499
vt 0.301361 0.630652
vt 0.303156 0.671578
vt 0.306434 0.710433
vt 0.310978 0.745826
vt 0.861927 0.467481
vt 0.857243 0.503353
vt 0.853943 0.542368
vt 0.016723 0.829472
vt 0.018518 0.870397
vt 0.021796 0.909253
vt 0.026340 0.944646
vt 0.310898 0.473219
vt 0.306215 0.509090
vt 0.302915 0.548105
vt 0.852390 0.624915
vt 0.854185 0.665841
vt 0.857462 0.704696
vt 0.862007 0.740089
vt 0.225080 0.473219
vt 0.220396 0.509090
vt 0.217096 0.548105
vt 0.215543 0.630652
vt 0.217338 0.671578
vt 0.220615 0.710433
vt 0.225160 0.745826
vt 0.026260 0.672038
vt 0.021576 0.707910
vt 0.018277 0.746925
vt 0.141739 0.796196
vt 0.147547 0.796381
vt 0.055192 0.384208
vt 0.151267 0.796567
vt 0.057053 0.382498
vt 0.284807 0.588501
vt 0.058902 0.380798
vt 0.288270 0.588685
vt 0.293765 0.588869
vt 0.844794 0.583132
vt 0.839298 0.582948
vt 0.380804 0.394328
vt 0.835836 0.582764
vt 0.382514 0.396178
vt 0.986933 0.592010
vt 0.384212 0.398038
vt 0.983214 0.591824
vt 0.977406 0.591639
vt 0.207947 0.588869
vt 0.202451 0.588685
vt 0.394326 0.072426
vt 0.198989 0.588501
vt 0.396185 0.070716
vt 0.966162 0.144522
vt 0.398033 0.069017
vt 0.962442 0.144336
vt 0.956634 0.144150
vt 0.426377 0.597376
vt 0.432185 0.597561
vt 0.069013 0.055188
vt 0.435905 0.597748
vt 0.070724 0.057037
vt 0.000169 0.787320
vt 0.072424 0.058896
vt 0.003631 0.787505
vt 0.009127 0.787689
vt 0.618112 0.792952
vt 0.646893 0.786876
vt 0.678795 0.776351
vt 0.710905 0.761392
vt 0.740946 0.742608
vt 0.767163 0.721577
vt 0.787956 0.700738
vt 0.490316 0.612571
vt 0.496404 0.641373
vt 0.506937 0.673290
vt 0.521900 0.705405
vt 0.540682 0.735440
vt 0.561705 0.761642
vt 0.582534 0.782413
vt 0.798494 0.665161
vt 0.792397 0.636392
vt 0.781857 0.604498
vt 0.766891 0.572391
vt 0.748111 0.542348
vt 0.727095 0.516123
vt 0.706276 0.495319
vt 0.670698 0.484780
vt 0.641908 0.490889
vt 0.609998 0.501437
vt 0.577886 0.516404
vt 0.547848 0.535180
vt 0.521637 0.556188
vt 0.500854 0.576994
vt 0.224759 0.589225
vt 0.235572 0.589449
vt 0.247407 0.589775
vt 0.259791 0.590260
vt 0.272217 0.590937
vt 0.697582 0.459346
vt 0.693851 0.471943
vt 0.477545 0.589383
vt 0.465020 0.585611
vt 0.073397 0.789757
vt 0.060972 0.789079
vt 0.048588 0.788595
vt 0.036752 0.788268
vt 0.025940 0.788044
vt 0.594990 0.805686
vt 0.591292 0.818171
vt 0.358035 0.590937
vt 0.345610 0.590260
vt 0.333226 0.589775
vt 0.321390 0.589449
vt 0.310578 0.589225
vt 0.861607 0.583488
vt 0.872419 0.583712
vt 0.884255 0.584038
vt 0.896639 0.584522
vt 0.909064 0.585200
vt 0.823854 0.691905
vt 0.811296 0.688246
vt 0.979191 0.547707
vt 0.982728 0.505841
vt 0.987751 0.467348
vt 0.152187 0.964432
vt 0.147309 0.926453
vt 0.143790 0.884759
vt 0.141862 0.840843
vt 0.984982 0.548299
vt 0.988487 0.506821
vt 0.993464 0.468685
vt 0.157898 0.963059
vt 0.153065 0.925432
vt 0.149579 0.884123
vt 0.147669 0.840615
vt 0.348703 0.423733
vt 0.988683 0.548932
vt 0.992153 0.507879
vt 0.307744 0.441469
vt 0.997078 0.470134
vt 0.263227 0.451273
vt 0.161512 0.961536
vt 0.217093 0.453226
vt 0.156728 0.924295
vt 0.171287 0.447409
vt 0.153278 0.883410
vt 0.127749 0.433904
vt 0.151387 0.840347
vt 0.088422 0.412793
vt 0.347388 0.421595
vt 0.306872 0.439139
vt 0.262837 0.448837
vt 0.217203 0.450769
vt 0.171891 0.445015
vt 0.128824 0.431656
vt 0.089923 0.410773
vt 0.837551 0.540617
vt 0.346062 0.419467
vt 0.305990 0.436820
vt 0.840947 0.500452
vt 0.845768 0.463524
vt 0.262436 0.446412
vt 0.217301 0.448322
vt 0.294821 0.749901
vt 0.172485 0.442631
vt 0.290143 0.713465
vt 0.129889 0.429418
vt 0.286770 0.673465
vt 0.091413 0.408764
vt 0.284923 0.631333
vt 0.840995 0.541248
vt 0.844355 0.501508
vt 0.849125 0.464971
vt 0.298178 0.748377
vt 0.293549 0.712326
vt 0.290212 0.672750
vt 0.288384 0.631065
vt 0.846474 0.541838
vt 0.849802 0.502487
vt 0.854525 0.466306
vt 0.303576 0.747002
vt 0.298993 0.711303
vt 0.295689 0.672113
vt 0.293878 0.630834
vt 0.495678 0.291201
vt 0.479770 0.293567
vt 0.467311 0.296896
vt 0.091067 0.839928
vt 0.102000 0.840666
vt 0.113345 0.841018
vt 0.124280 0.841102
vt 0.491001 0.255387
vt 0.472852 0.254330
vt 0.459333 0.254962
vt 0.092699 0.882916
vt 0.103820 0.884681
vt 0.115260 0.885474
vt 0.126226 0.885585
vt 0.492481 0.216316
vt 0.473366 0.212928
vt 0.459471 0.211261
vt 0.095887 0.923725
vt 0.107232 0.926463
vt 0.118783 0.927680
vt 0.129783 0.927818
vt 0.500044 0.176418
vt 0.480936 0.171296
vt 0.467281 0.167631
vt 0.458260 0.165207
vt 0.100549 0.960883
vt 0.112070 0.964513
vt 0.123705 0.966121
vt 0.134720 0.966287
vt 0.513420 0.138075
vt 0.495172 0.131447
vt 0.482307 0.125933
vt 0.473889 0.121879
vt 0.936229 0.469979
vt 0.947685 0.466774
vt 0.959285 0.465439
vt 0.970287 0.465424
vt 0.531653 0.103486
vt 0.515407 0.095321
vt 0.504016 0.088004
vt 0.931568 0.507663
vt 0.942765 0.505352
vt 0.954238 0.504405
vt 0.965207 0.504414
vt 0.553594 0.074792
vt 0.540998 0.064783
vt 0.531872 0.055659
vt 0.928360 0.548654
vt 0.939333 0.547318
vt 0.950694 0.546788
vt 0.961631 0.546821
vt 0.609502 0.042492
vt 0.607140 0.026569
vt 0.603816 0.014093
vt 0.926733 0.635371
vt 0.937667 0.636109
vt 0.949012 0.636461
vt 0.959947 0.636545
vt 0.645316 0.037817
vt 0.646377 0.019653
vt 0.645749 0.006117
vt 0.928365 0.678359
vt 0.939486 0.680124
vt 0.950927 0.680917
vt 0.961893 0.681028
vt 0.684386 0.039299
vt 0.687779 0.020168
vt 0.689450 0.006256
vt 0.931554 0.719168
vt 0.942899 0.721906
vt 0.954450 0.723123
vt 0.965449 0.723261
vt 0.724284 0.046863
vt 0.729411 0.027739
vt 0.733080 0.014066
vt 0.735509 0.005025
vt 0.936216 0.756327
vt 0.947737 0.759956
vt 0.959371 0.761564
vt 0.970387 0.761730
vt 0.762627 0.060238
vt 0.769260 0.041974
vt 0.774778 0.029091
vt 0.778837 0.020654
vt 0.915457 0.022491
vt 0.926914 0.019285
vt 0.938513 0.017950
vt 0.949515 0.017935
vt 0.797217 0.078470
vt 0.805386 0.062208
vt 0.812708 0.050799
vt 0.910796 0.060175
vt 0.921994 0.057863
vt 0.933466 0.056916
vt 0.944435 0.056925
vt 0.825911 0.100408
vt 0.835925 0.087798
vt 0.845052 0.078655
vt 0.907589 0.101165
vt 0.918561 0.099829
vt 0.929923 0.099299
vt 0.940859 0.099332
vt 0.813883 0.144642
vt 0.810779 0.178324
vt 0.805487 0.216316
vt 0.796788 0.255848
vt 0.784579 0.294439
vt 0.770189 0.329993
vt 0.756056 0.360716
vt 0.783154 0.130508
vt 0.776970 0.165969
vt 0.769482 0.205203
vt 0.759803 0.245954
vt 0.747835 0.286090
vt 0.734726 0.323816
vt 0.722373 0.357618
vt 0.747596 0.116117
vt 0.739240 0.152859
vt 0.729871 0.193180
vt 0.719252 0.235104
vt 0.707512 0.276726
vt 0.695490 0.316333
vt 0.684380 0.352329
vt 0.709004 0.103907
vt 0.699102 0.140891
vt 0.688248 0.181441
vt 0.676917 0.223775
vt 0.665588 0.266108
vt 0.654740 0.306654
vt 0.644848 0.343632
vt 0.669474 0.095209
vt 0.658353 0.131211
vt 0.646326 0.170822
vt 0.634584 0.212445
vt 0.623967 0.254367
vt 0.614603 0.294685
vt 0.606257 0.331421
vt 0.631485 0.089918
vt 0.619123 0.123725
vt 0.606008 0.161453
vt 0.594039 0.201591
vt 0.584361 0.242340
vt 0.576879 0.281572
vt 0.570704 0.317028
vt 0.597809 0.086815
vt 0.583669 0.117543
vt 0.569274 0.153100
vt 0.557063 0.191691
vt 0.548367 0.231222
vt 0.543079 0.269212
vt 0.539982 0.302889
vt 0.744388 0.405026
vt 0.746768 0.420938
vt 0.750113 0.433401
vt 0.375705 0.641108
vt 0.386638 0.641846
vt 0.397983 0.642198
vt 0.408919 0.642282
vt 0.708571 0.409702
vt 0.707529 0.427855
vt 0.708179 0.441378
vt 0.377337 0.684096
vt 0.388458 0.685861
vt 0.399898 0.686654
vt 0.410864 0.686765
vt 0.669498 0.408222
vt 0.666126 0.427341
vt 0.664477 0.441240
vt 0.380525 0.724905
vt 0.391870 0.727643
vt 0.403422 0.728860
vt 0.414421 0.728998
vt 0.629599 0.400658
vt 0.624493 0.419770
vt 0.620847 0.433431
vt 0.618441 0.442457
vt 0.385187 0.762064
vt 0.396708 0.765693
vt 0.408343 0.767301
vt 0.419359 0.767467
vt 0.591257 0.387282
vt 0.584645 0.405535
vt 0.579149 0.418404
vt 0.575114 0.426828
vt 0.100562 0.674536
vt 0.112018 0.671331
vt 0.123618 0.669996
vt 0.134620 0.669981
vt 0.556670 0.369050
vt 0.548520 0.385300
vt 0.541220 0.396696
vt 0.095901 0.712220
vt 0.107098 0.709909
vt 0.118571 0.708962
vt 0.129540 0.708971
vt 0.527979 0.347109
vt 0.517983 0.359709
vt 0.508877 0.368840
vt 0.092693 0.753211
vt 0.103666 0.751875
vt 0.115028 0.751345
vt 0.125964 0.751378
vt 0.858212 0.156316
vt 0.874138 0.153939
vt 0.886618 0.150599
vt 0.905962 0.187882
vt 0.916895 0.188620
vt 0.928240 0.188973
vt 0.939176 0.189057
vt 0.862886 0.192132
vt 0.881054 0.193178
vt 0.894595 0.192533
vt 0.907594 0.230870
vt 0.918715 0.232635
vt 0.930155 0.233429
vt 0.941122 0.233539
vt 0.861404 0.231204
vt 0.880539 0.234581
vt 0.894456 0.236235
vt 0.910782 0.271679
vt 0.922127 0.274418
vt 0.933679 0.275634
vt 0.944678 0.275772
vt 0.853839 0.271103
vt 0.872967 0.276213
vt 0.886646 0.279865
vt 0.895691 0.282275
vt 0.915444 0.308838
vt 0.926965 0.312467
vt 0.938600 0.314075
vt 0.949616 0.314241
vt 0.840464 0.309446
vt 0.858732 0.316062
vt 0.871620 0.321563
vt 0.880062 0.325603
vt 0.385200 0.475716
vt 0.396657 0.472511
vt 0.408256 0.471176
vt 0.419258 0.471161
vt 0.822233 0.344033
vt 0.838499 0.352187
vt 0.849912 0.359492
vt 0.380539 0.513400
vt 0.391737 0.511089
vt 0.403209 0.510142
vt 0.414178 0.510151
vt 0.800295 0.372725
vt 0.812909 0.382724
vt 0.822057 0.391835
vt 0.377332 0.554391
vt 0.388304 0.553055
vt 0.399666 0.552525
vt 0.410602 0.552558
vt 0.027595 0.747430
vt 0.030874 0.708726
vt 0.035527 0.673141
vt 0.234428 0.744755
vt 0.229918 0.709645
vt 0.226661 0.671099
vt 0.224874 0.630500
vt 0.038401 0.748073
vt 0.041674 0.709769
vt 0.046304 0.674552
vt 0.245216 0.743366
vt 0.240741 0.708623
vt 0.237491 0.670477
vt 0.235696 0.630298
vt 0.050239 0.749073
vt 0.053523 0.711411
vt 0.058142 0.676790
vt 0.257080 0.741091
vt 0.252653 0.706943
vt 0.249391 0.669443
vt 0.247559 0.629940
vt 0.062634 0.750663
vt 0.065960 0.714053
vt 0.070580 0.680396
vt 0.269570 0.737348
vt 0.265211 0.704155
vt 0.261910 0.667701
vt 0.259997 0.629301
vt 0.075095 0.753147
vt 0.078522 0.718204
vt 0.490914 0.517196
vt 0.083181 0.685991
vt 0.519237 0.490508
vt 0.282278 0.731557
vt 0.552215 0.468819
vt 0.278000 0.699718
vt 0.588369 0.452974
vt 0.274605 0.664816
vt 0.272526 0.628149
vt 0.478755 0.554266
vt 0.499834 0.525803
vt 0.526857 0.500810
vt 0.558346 0.480225
vt 0.592763 0.465027
vt 0.628449 0.455974
vt 0.663809 0.453794
vt 0.490114 0.563196
vt 0.510341 0.538294
vt 0.536432 0.515370
vt 0.566777 0.495856
vt 0.599674 0.481034
vt 0.633121 0.471633
vt 0.665035 0.468225
vt 0.958419 0.100219
vt 0.961957 0.058352
vt 0.966980 0.019860
vt 0.987854 0.759875
vt 0.982976 0.721896
vt 0.979457 0.680202
vt 0.977529 0.636286
vt 0.964211 0.100811
vt 0.967716 0.059332
vt 0.972692 0.021196
vt 0.993565 0.758502
vt 0.988732 0.720875
vt 0.985246 0.679567
vt 0.983336 0.636058
vt 0.423729 0.104528
vt 0.967912 0.101443
vt 0.971381 0.060390
vt 0.441467 0.145487
vt 0.976306 0.022645
vt 0.451272 0.190004
vt 0.997179 0.756979
vt 0.453225 0.236138
vt 0.992395 0.719738
vt 0.447410 0.281945
vt 0.988945 0.678853
vt 0.433906 0.325482
vt 0.987054 0.635790
vt 0.412796 0.364809
vt 0.421603 0.105843
vt 0.439149 0.146359
vt 0.448848 0.190395
vt 0.450780 0.236029
vt 0.445027 0.281340
vt 0.431669 0.324407
vt 0.410788 0.363308
vt 0.200704 0.546354
vt 0.419466 0.107168
vt 0.436820 0.147241
vt 0.204100 0.506189
vt 0.208921 0.469261
vt 0.446412 0.190795
vt 0.448324 0.235931
vt 0.442634 0.280746
vt 0.841172 0.707728
vt 0.429422 0.323342
vt 0.837799 0.667727
vt 0.408769 0.361818
vt 0.835951 0.625596
vt 0.204148 0.546985
vt 0.207508 0.507246
vt 0.212278 0.470708
vt 0.849206 0.742640
vt 0.844578 0.706589
vt 0.841241 0.667012
vt 0.839412 0.625327
vt 0.209627 0.547575
vt 0.212955 0.508224
vt 0.217678 0.472043
vt 0.854605 0.741265
vt 0.850022 0.705566
vt 0.846717 0.666376
vt 0.844907 0.625097
vt 0.143524 0.752264
vt 0.147062 0.710398
vt 0.152084 0.671905
vt 0.436825 0.765612
vt 0.431947 0.727633
vt 0.428429 0.685939
vt 0.426500 0.642023
vt 0.149315 0.752856
vt 0.152820 0.711378
vt 0.157797 0.673242
vt 0.442537 0.764239
vt 0.437703 0.726612
vt 0.434218 0.685304
vt 0.432307 0.641795
vt 0.029496 0.348698
vt 0.153017 0.753489
vt 0.156486 0.712435
vt 0.011759 0.307739
vt 0.161411 0.674690
vt 0.001954 0.263221
vt 0.446150 0.762716
vt 0.000000 0.217088
vt 0.441366 0.725475
vt 0.005816 0.171281
vt 0.437916 0.684590
vt 0.019320 0.127743
vt 0.436025 0.641527
vt 0.040430 0.088417
vt 0.031635 0.347372
vt 0.014089 0.306856
vt 0.004390 0.262820
vt 0.002457 0.217185
vt 0.008210 0.171874
vt 0.021568 0.128807
vt 0.042450 0.089906
vt 0.286522 0.546354
vt 0.033762 0.346056
vt 0.016408 0.305983
vt 0.289919 0.506189
vt 0.294739 0.469261
vt 0.006815 0.262428
vt 0.004904 0.217293
vt 0.010183 0.948721
vt 0.010594 0.172477
vt 0.005505 0.912285
vt 0.023805 0.129881
vt 0.002132 0.872284
vt 0.044459 0.091406
vt 0.000285 0.830153
vt 0.289966 0.546985
vt 0.293327 0.507246
vt 0.298096 0.470708
vt 0.013539 0.947197
vt 0.008911 0.911146
vt 0.005574 0.871569
vt 0.003746 0.829885
vt 0.295445 0.547575
vt 0.298773 0.508224
vt 0.303496 0.472043
vt 0.018938 0.945822
vt 0.014355 0.910123
vt 0.011050 0.870933
vt 0.009240 0.829654
vt 0.428162 0.553444
vt 0.431700 0.511578
vt 0.436723 0.473085
vt 0.967082 0.312387
vt 0.962204 0.274408
vt 0.958686 0.232713
vt 0.956757 0.188798
vt 0.433953 0.554036
vt 0.437459 0.512558
vt 0.442435 0.474422
vt 0.972794 0.311014
vt 0.967961 0.273386
vt 0.964475 0.232078
vt 0.962564 0.188569
vt 0.104523 0.029493
vt 0.437655 0.554669
vt 0.441124 0.513616
vt 0.145481 0.011756
vt 0.446049 0.475871
vt 0.189999 0.001953
vt 0.976407 0.309491
vt 0.236132 0.000000
vt 0.971623 0.272249
vt 0.281939 0.005817
vt 0.968173 0.231364
vt 0.325477 0.019322
vt 0.966282 0.188302
vt 0.364804 0.040433
vt 0.105850 0.031620
vt 0.146365 0.014075
vt 0.190401 0.004377
vt 0.236035 0.002446
vt 0.281346 0.008200
vt 0.324413 0.021559
vt 0.363315 0.042441
vt 0.001884 0.745174
vt 0.107165 0.033757
vt 0.147238 0.016404
vt 0.005280 0.705009
vt 0.010101 0.668081
vt 0.190792 0.006812
vt 0.235927 0.004902
vt 0.280743 0.010593
vt 0.204325 0.713465
vt 0.323339 0.023805
vt 0.200952 0.673465
vt 0.361815 0.044460
vt 0.199104 0.631333
vt 0.005328 0.745805
vt 0.008688 0.706065
vt 0.013458 0.669528
vt 0.212359 0.748377
vt 0.207731 0.712326
vt 0.204393 0.672750
vt 0.202565 0.631065
vt 0.010807 0.746395
vt 0.014135 0.707044
vt 0.018858 0.670863
vt 0.217758 0.747002
vt 0.213175 0.711303
vt 0.209870 0.672113
vt 0.208060 0.630834
vt 0.509681 0.598994
vt 0.533277 0.580430
vt 0.560993 0.560632
vt 0.591788 0.542079
vt 0.624128 0.526354
vt 0.655847 0.513883
vt 0.684299 0.504189
vt 0.519345 0.627463
vt 0.545967 0.609800
vt 0.575825 0.590661
vt 0.608005 0.571996
vt 0.641193 0.555170
vt 0.673530 0.540542
vt 0.702881 0.527815
vt 0.531798 0.659192
vt 0.560573 0.642149
vt 0.592281 0.623559
vt 0.625791 0.604784
vt 0.659798 0.586903
vt 0.692683 0.570423
vt 0.722690 0.555551
vt 0.547516 0.691535
vt 0.577393 0.675341
vt 0.610155 0.657570
vt 0.644365 0.639001
vt 0.678578 0.620420
vt 0.711353 0.602610
vt 0.741248 0.586352
vt 0.566077 0.722326
vt 0.596065 0.707517
vt 0.628940 0.691075
vt 0.662942 0.673206
vt 0.696456 0.654418
vt 0.728175 0.635790
vt 0.756969 0.618684
vt 0.585895 0.750031
vt 0.615229 0.737362
vt 0.647555 0.722769
vt 0.680740 0.705955
vt 0.712923 0.687279
vt 0.742792 0.668104
vt 0.769431 0.650383
vt 0.604491 0.773610
vt 0.632930 0.763964
vt 0.664640 0.751522
vt 0.696976 0.735808
vt 0.727774 0.717244
vt 0.755499 0.697417
vt 0.779109 0.678804
vt 0.312233 0.548610
vt 0.315513 0.509906
vt 0.320165 0.474321
vt 0.035608 0.943575
vt 0.031098 0.908465
vt 0.027841 0.869919
vt 0.026054 0.829320
vt 0.323040 0.549253
vt 0.326312 0.510949
vt 0.330943 0.475733
vt 0.046396 0.942186
vt 0.041921 0.907443
vt 0.038671 0.869297
vt 0.036876 0.829118
vt 0.334877 0.550253
vt 0.338161 0.512591
vt 0.342780 0.477970
vt 0.058260 0.939911
vt 0.053833 0.905762
vt 0.050571 0.868263
vt 0.048739 0.828759
vt 0.347273 0.551843
vt 0.350598 0.515233
vt 0.355219 0.481576
vt 0.070751 0.936167
vt 0.066391 0.902975
vt 0.063090 0.866521
vt 0.061177 0.828120
vt 0.359733 0.554327
vt 0.363160 0.519384
vt 0.522956 0.792232
vt 0.367819 0.487171
vt 0.496263 0.763911
vt 0.083458 0.930376
vt 0.474571 0.730935
vt 0.458727 0.694781
vt 0.079180 0.898538
vt 0.075785 0.863635
vt 0.073706 0.826969
vt 0.559942 0.804438
vt 0.531470 0.783363
vt 0.506469 0.756344
vt 0.485881 0.724857
vt 0.470685 0.690439
vt 0.461638 0.654749
vt 0.459465 0.619386
vt 0.568795 0.793121
vt 0.543880 0.772900
vt 0.520944 0.746815
vt 0.501426 0.716473
vt 0.486607 0.683574
vt 0.477216 0.650122
vt 0.473820 0.618201
vt 0.226415 0.548610
vt 0.229694 0.509906
vt 0.234347 0.474321
vt 0.871275 0.739018
vt 0.866765 0.703908
vt 0.863508 0.665362
vt 0.861721 0.624763
vt 0.237221 0.549253
vt 0.240494 0.510949
vt 0.245124 0.475733
vt 0.882063 0.737629
vt 0.877588 0.702886
vt 0.874338 0.664740
vt 0.872543 0.624561
vt 0.249059 0.550253
vt 0.252343 0.512591
vt 0.256962 0.477970
vt 0.893927 0.735354
vt 0.889500 0.701205
vt 0.886238 0.663706
vt 0.884406 0.624202
vt 0.261454 0.551843
vt 0.264779 0.515233
vt 0.269400 0.481576
vt 0.906418 0.731611
vt 0.902058 0.698418
vt 0.898757 0.661964
vt 0.896844 0.623564
vt 0.273915 0.554327
vt 0.277342 0.519384
vt 0.765955 0.485159
vt 0.282000 0.487171
vt 0.792647 0.513485
vt 0.919125 0.725819
vt 0.814337 0.546465
vt 0.914847 0.693981
vt 0.830182 0.582616
vt 0.911452 0.659078
vt 0.909373 0.622412
vt 0.728931 0.473084
vt 0.757399 0.494171
vt 0.782397 0.521200
vt 0.802984 0.552692
vt 0.818181 0.587106
vt 0.827231 0.622784
vt 0.829407 0.658136
vt 0.720042 0.484519
vt 0.744951 0.504760
vt 0.767882 0.530861
vt 0.787399 0.561209
vt 0.802220 0.594102
vt 0.811616 0.627538
vt 0.815017 0.659438
vt 0.863262 0.542873
vt 0.866541 0.504169
vt 0.871194 0.468583
vt 0.320247 0.744755
vt 0.315736 0.709645
vt 0.312479 0.671099
vt 0.310692 0.630500
vt 0.874068 0.543516
vt 0.877341 0.505212
vt 0.881971 0.469995
vt 0.331034 0.743366
vt 0.326560 0.708623
vt 0.323310 0.670477
vt 0.321514 0.630298
vt 0.885906 0.544516
vt 0.889190 0.506854
vt 0.893809 0.472233
vt 0.342898 0.741091
vt 0.338471 0.706943
vt 0.335209 0.669443
vt 0.333377 0.629940
vt 0.898301 0.546106
vt 0.901626 0.509496
vt 0.906247 0.475839
vt 0.355389 0.737348
vt 0.351030 0.704155
vt 0.347728 0.667701
vt 0.345815 0.629301
vt 0.910762 0.548590
vt 0.914189 0.513647
vt 0.797997 0.760194
vt 0.918847 0.481434
vt 0.769672 0.786889
vt 0.368096 0.731557
vt 0.736694 0.808580
vt 0.700541 0.824423
vt 0.363819 0.699718
vt 0.360423 0.664816
vt 0.358344 0.628149
vt 0.810118 0.723256
vt 0.789035 0.751730
vt 0.762009 0.776735
vt 0.730519 0.797323
vt 0.696103 0.812517
vt 0.660420 0.821560
vt 0.625063 0.823728
vt 0.798724 0.714444
vt 0.778490 0.739365
vt 0.752395 0.762306
vt 0.722048 0.781826
vt 0.689153 0.796642
vt 0.655710 0.806026
vt 0.623802 0.809415
vt 0.828611 0.126206
vt 0.804589 0.109666
vt 0.773021 0.092579
vt 0.736717 0.077984
vt 0.697955 0.067610
vt 0.659216 0.062122
vt 0.623336 0.061158
vt 0.594269 0.063490
vt 0.774495 0.375434
vt 0.791034 0.351416
vt 0.808120 0.319851
vt 0.822714 0.283550
vt 0.833088 0.244788
vt 0.838577 0.206047
vt 0.839541 0.170164
vt 0.837211 0.141092
vt 0.413852 0.597123
vt 0.403438 0.597015
vt 0.392216 0.597023
vt 0.381025 0.597217
vt 0.370667 0.597651
vt 0.791095 0.421276
vt 0.785571 0.411741
vt 0.778635 0.399758
vt 0.771391 0.387237
vt 0.582493 0.060283
vt 0.575264 0.047754
vt 0.568347 0.035760
vt 0.562846 0.026212
vt 0.921695 0.591914
vt 0.932053 0.591480
vt 0.943244 0.591286
vt 0.954466 0.591277
vt 0.964880 0.591386
vt 0.129213 0.795943
vt 0.118800 0.795834
vt 0.107577 0.795843
vt 0.096386 0.796037
vt 0.086029 0.796471
vt 0.479439 0.337868
vt 0.488969 0.332362
vt 0.500948 0.325441
vt 0.513466 0.318209
vt 0.944109 0.143897
vt 0.933695 0.143789
vt 0.922473 0.143798
vt 0.911282 0.143991
vt 0.874502 0.109619
vt 0.900924 0.144425
vt 0.864950 0.115138
vt 0.852951 0.122071
vt 0.840419 0.129311
vt 0.133695 0.818519
vt 0.134752 0.863333
vt 0.137525 0.906661
vt 0.141784 0.946998
vt 0.147299 0.982836
vt 0.982966 0.448489
vt 0.977263 0.485090
vt 0.972914 0.525748
vt 0.970202 0.569149
vt 0.418333 0.619699
vt 0.419390 0.664513
vt 0.422163 0.707841
vt 0.426423 0.748178
vt 0.147299 0.653046
vt 0.431937 0.784017
vt 0.141596 0.689647
vt 0.137247 0.730305
vt 0.134536 0.773706
vt 0.579383 0.072090
vt 0.562839 0.096111
vt 0.545749 0.127678
vt 0.531151 0.163981
vt 0.520778 0.202743
vt 0.515292 0.241483
vt 0.514331 0.277364
vt 0.516667 0.306432
vt 0.969362 0.613962
vt 0.970418 0.658776
vt 0.973192 0.702104
vt 0.977451 0.742441
vt 0.962195 0.001000
vt 0.982966 0.778280
vt 0.956491 0.037602
vt 0.952143 0.078260
vt 0.949431 0.121661
vt 0.948590 0.166473
vt 0.949647 0.211287
vt 0.952420 0.254615
vt 0.956680 0.294952
vt 0.431937 0.454226
vt 0.962195 0.330791
vt 0.426234 0.490828
vt 0.421885 0.531485
vt 0.419174 0.574886
vt 0.525267 0.321318
vt 0.549284 0.337861
vt 0.580848 0.354950
vt 0.617149 0.369547
vt 0.655911 0.379921
vt 0.694652 0.385407
vt 0.730536 0.386369
vt 0.759609 0.384034
vt 0.301085 0.609848
vt 0.302060 0.651287
vt 0.304623 0.691351
vt 0.308561 0.728650
vt 0.864705 0.451104
vt 0.313658 0.761789
vt 0.859429 0.484948
vt 0.855404 0.522543
vt 0.852893 0.562675
vt 0.016446 0.808668
vt 0.017422 0.850106
vt 0.019985 0.890171
vt 0.023923 0.927470
vt 0.313676 0.456841
vt 0.029020 0.960609
vt 0.308400 0.490685
vt 0.304375 0.528280
vt 0.301865 0.568412
vt 0.852113 0.604111
vt 0.853089 0.645550
vt 0.855652 0.685614
vt 0.859589 0.722913
vt 0.227858 0.456841
vt 0.864687 0.756052
vt 0.222581 0.490685
vt 0.218557 0.528280
vt 0.216046 0.568412
vt 0.215266 0.609848
vt 0.216242 0.651287
vt 0.218805 0.691351
vt 0.222742 0.728650
vt 0.227840 0.761789
vt 0.029038 0.655661
vt 0.023762 0.689505
vt 0.019737 0.727100
vt 0.017226 0.767232
vt 0.138056 0.796106
vt 0.144904 0.796288
vt 0.149668 0.796475
vt 0.056119 0.383356
vt 0.057984 0.381642
vt 0.286282 0.588593
vt 0.290765 0.588778
vt 0.297264 0.588958
vt 0.848292 0.583221
vt 0.841794 0.583041
vt 0.837311 0.582856
vt 0.381656 0.395247
vt 0.383369 0.397111
vt 0.985335 0.591918
vt 0.980571 0.591731
vt 0.973723 0.591550
vt 0.211445 0.588958
vt 0.204947 0.588778
vt 0.200464 0.588593
vt 0.395252 0.071574
vt 0.397115 0.069861
vt 0.964564 0.144429
vt 0.959799 0.144243
vt 0.952952 0.144061
vt 0.422695 0.597287
vt 0.429542 0.597468
vt 0.434306 0.597655
vt 0.069866 0.056106
vt 0.071580 0.057970
vt 0.001644 0.787413
vt 0.006127 0.787598
vt 0.012626 0.787778
vt 0.606282 0.794451
vt 0.631870 0.790447
vt 0.662658 0.782180
vt 0.694977 0.769405
vt 0.726303 0.752398
vt 0.754630 0.732245
vt 0.778350 0.710918
vt 0.795667 0.691628
vt 0.488811 0.600731
vt 0.492827 0.626340
vt 0.501105 0.657146
vt 0.513886 0.689476
vt 0.530894 0.720801
vt 0.551041 0.749117
vt 0.572360 0.772818
vt 0.591639 0.790113
vt 0.800004 0.676984
vt 0.795978 0.651409
vt 0.787692 0.620632
vt 0.774906 0.588319
vt 0.757897 0.556994
vt 0.737755 0.528661
vt 0.716446 0.504931
vt 0.697176 0.487602
vt 0.682533 0.483265
vt 0.656935 0.487303
vt 0.626138 0.495598
vt 0.593815 0.508389
vt 0.562489 0.525397
vt 0.534167 0.545533
vt 0.510455 0.566831
vt 0.493148 0.586088
vt 0.219883 0.589133
vt 0.230008 0.589327
vt 0.241391 0.589595
vt 0.253561 0.589994
vt 0.266034 0.590574
vt 0.278264 0.591344
vt 0.699309 0.453519
vt 0.695734 0.465587
vt 0.692050 0.478023
vt 0.483596 0.591199
vt 0.471222 0.587481
vt 0.079444 0.790164
vt 0.459235 0.583862
vt 0.067214 0.789394
vt 0.054742 0.788814
vt 0.042571 0.788415
vt 0.031188 0.788147
vt 0.021063 0.787953
vt 0.596778 0.799650
vt 0.593122 0.811990
vt 0.364082 0.591344
vt 0.589585 0.823933
vt 0.351852 0.590574
vt 0.339380 0.589994
vt 0.327209 0.589595
vt 0.315826 0.589327
vt 0.305702 0.589133
vt 0.856730 0.583396
vt 0.866855 0.583590
vt 0.878238 0.583858
vt 0.890409 0.584257
vt 0.902881 0.584837
vt 0.915111 0.585607
vt 0.829658 0.693589
vt 0.817634 0.690095
vt 0.805232 0.686474
vt 0.980756 0.526434
vt 0.985072 0.486091
vt 0.155064 0.981561
vt 0.990731 0.449774
vt 0.149592 0.946001
vt 0.145365 0.905977
vt 0.142613 0.862985
vt 0.982347 0.547997
vt 0.985869 0.506318
vt 0.990870 0.467999
vt 0.155305 0.963769
vt 0.150449 0.925960
vt 0.146946 0.884453
vt 0.145026 0.840735
vt 0.986533 0.527223
vt 0.990809 0.487254
vt 0.996416 0.451273
vt 0.160749 0.980030
vt 0.155328 0.944798
vt 0.151140 0.905145
vt 0.148413 0.862552
vt 0.987094 0.548612
vt 0.990582 0.507343
vt 0.995533 0.469399
vt 0.159967 0.962312
vt 0.155159 0.924875
vt 0.151690 0.883775
vt 0.149789 0.840485
vt 0.990219 0.528072
vt 0.328789 0.433598
vt 0.994451 0.488513
vt 0.285809 0.447358
vt 0.164333 0.978333
vt 1.000000 0.452901
vt 0.240241 0.453226
vt 0.158967 0.943462
vt 0.194028 0.451283
vt 0.154822 0.904216
vt 0.149113 0.441612
vt 0.152124 0.862059
vt 0.107437 0.424294
vt 0.348050 0.422668
vt 0.307312 0.440309
vt 0.263034 0.450060
vt 0.217149 0.452002
vt 0.171589 0.446217
vt 0.128285 0.432784
vt 0.089170 0.411787
vt 0.327690 0.431353
vt 0.285174 0.444964
vt 0.240099 0.450769
vt 0.194386 0.448847
vt 0.149957 0.439281
vt 0.108733 0.422150
vt 0.346723 0.420524
vt 0.306430 0.437972
vt 0.262637 0.447617
vt 0.217253 0.449538
vt 0.172191 0.443815
vt 0.129361 0.430530
vt 0.090673 0.409762
vt 0.326580 0.429119
vt 0.839054 0.520208
vt 0.284529 0.442581
vt 0.843197 0.481505
vt 0.239947 0.448322
vt 0.194734 0.446422
vt 0.292333 0.732218
vt 0.150791 0.436960
vt 0.288280 0.693821
vt 0.110017 0.420016
vt 0.285642 0.652576
vt 0.839016 0.540936
vt 0.842395 0.500987
vt 0.262236 0.445235
vt 0.847190 0.464258
vt 0.217344 0.447135
vt 0.296242 0.749124
vt 0.291590 0.712884
vt 0.288235 0.673099
vt 0.286397 0.631195
vt 0.842482 0.521055
vt 0.846581 0.482762
vt 0.851955 0.448290
vt 0.300908 0.764636
vt 0.295716 0.730881
vt 0.291705 0.692890
vt 0.289096 0.652082
vt 0.843482 0.541550
vt 0.846826 0.502010
vt 0.851572 0.465657
vt 0.300623 0.747666
vt 0.296018 0.711797
vt 0.292698 0.672419
vt 0.290879 0.630944
vt 0.847947 0.521843
vt 0.852005 0.483923
vt 0.857327 0.449787
vt 0.306280 0.763102
vt 0.301139 0.729677
vt 0.297168 0.692057
vt 0.294583 0.651647
vt 0.975515 0.547436
vt 0.979068 0.505396
vt 0.984111 0.466744
vt 0.148548 0.965040
vt 0.143649 0.926903
vt 0.140116 0.885036
vt 0.138180 0.840938
vt 0.141564 0.818519
vt 0.147374 0.818497
vt 0.151095 0.818457
vt 0.070937 0.399417
vt 0.072628 0.397542
vt 0.074307 0.395677
vt 0.284638 0.609916
vt 0.288102 0.609874
vt 0.293599 0.609851
vt 0.297376 0.630738
vt 0.299178 0.671833
vt 0.302469 0.710849
vt 0.307032 0.746390
vt 0.857980 0.466913
vt 0.853278 0.502934
vt 0.849965 0.542111
vt 0.845415 0.562320
vt 0.839925 0.561932
vt 0.836470 0.561522
vt 0.364206 0.407862
vt 0.365732 0.409861
vt 0.367247 0.411871
vt 0.987580 0.570299
vt 0.983867 0.569888
vt 0.978065 0.569498
vt 0.487309 0.292111
vt 0.473095 0.295225
vt 0.085991 0.839352
vt 0.462440 0.298444
vt 0.096433 0.840355
vt 0.107672 0.840882
vt 0.118916 0.841087
vt 0.492553 0.273852
vt 0.475347 0.274328
vt 0.462277 0.276262
vt 0.091683 0.861603
vt 0.102700 0.862859
vt 0.114088 0.863433
vt 0.125038 0.863530
vt 0.481318 0.254537
vt 0.465539 0.254527
vt 0.454194 0.255499
vt 0.087487 0.881545
vt 0.098172 0.883942
vt 0.109549 0.885180
vt 0.120852 0.885598
vt 0.490978 0.236107
vt 0.472207 0.233783
vt 0.458416 0.233219
vt 0.094103 0.903685
vt 0.105337 0.905945
vt 0.116834 0.906953
vt 0.127817 0.907077
vt 0.482229 0.214352
vt 0.465806 0.211931
vt 0.454282 0.210827
vt 0.090515 0.921624
vt 0.101488 0.925315
vt 0.113029 0.927233
vt 0.124400 0.927857
vt 0.495507 0.196319
vt 0.476289 0.192014
vt 0.462444 0.189321
vt 0.453237 0.187743
vt 0.098040 0.942852
vt 0.109484 0.946048
vt 0.121083 0.947466
vt 0.132093 0.947617
vt 0.489757 0.173661
vt 0.473478 0.169295
vt 0.462242 0.166278
vt 0.106250 0.962987
vt 0.117918 0.965533
vt 0.129336 0.966348
vt 0.506053 0.156911
vt 0.487259 0.151025
vt 0.473924 0.146425
vt 0.465165 0.143174
vt 0.103393 0.977635
vt 0.939064 0.452779
vt 0.114965 0.981669
vt 0.950635 0.449164
vt 0.126621 0.983457
vt 0.962289 0.447650
vt 0.137636 0.983636
vt 0.973303 0.447623
vt 0.503560 0.134649
vt 0.488127 0.128526
vt 0.477598 0.123708
vt 0.941895 0.468106
vt 0.953513 0.465908
vt 0.964907 0.465300
vt 0.522004 0.120178
vt 0.504585 0.112800
vt 0.492361 0.106383
vt 0.484367 0.101555
vt 0.933724 0.488328
vt 0.945053 0.485558
vt 0.956590 0.484412
vt 0.967576 0.484409
vt 0.522842 0.099378
vt 0.509172 0.091490
vt 0.499834 0.084962
vt 0.926296 0.509485
vt 0.937086 0.506309
vt 0.948515 0.504735
vt 0.959835 0.504315
vt 0.542222 0.088264
vt 0.527557 0.079241
vt 0.517205 0.071021
vt 0.929775 0.527825
vt 0.940850 0.525993
vt 0.952262 0.525252
vt 0.963213 0.525273
vt 0.546800 0.069817
vt 0.536046 0.060004
vt 0.528428 0.051876
vt 0.923254 0.549716
vt 0.933749 0.547868
vt 0.945015 0.546968
vt 0.956267 0.546749
vt 0.500485 0.307186
vt 0.486204 0.311854
vt 0.474490 0.316648
vt 0.090856 0.818074
vt 0.101737 0.818289
vt 0.113056 0.818419
vt 0.123981 0.818490
vt 0.129337 0.841075
vt 0.131284 0.885468
vt 0.134838 0.927616
vt 0.139768 0.966007
vt 0.975332 0.465744
vt 0.970257 0.504655
vt 0.966683 0.546976
vt 0.960493 0.568893
vt 0.949567 0.568848
vt 0.938240 0.569161
vt 0.927339 0.569988
vt 0.547957 0.042133
vt 0.555707 0.052154
vt 0.565743 0.063345
vt 0.561623 0.079327
vt 0.542025 0.107463
vt 0.524876 0.141667
vt 0.511891 0.179593
vt 0.504198 0.218933
vt 0.501971 0.257128
vt 0.504896 0.291289
vt 0.608594 0.034116
vt 0.605485 0.019886
vt 0.921658 0.634795
vt 0.602270 0.009214
vt 0.932100 0.635798
vt 0.943339 0.636325
vt 0.954583 0.636530
vt 0.626851 0.039368
vt 0.626379 0.022147
vt 0.624449 0.009060
vt 0.927350 0.657046
vt 0.938367 0.658302
vt 0.949755 0.658876
vt 0.960705 0.658973
vt 0.646168 0.028126
vt 0.646182 0.012331
vt 0.645215 0.000968
vt 0.923154 0.676988
vt 0.933838 0.679385
vt 0.945215 0.680623
vt 0.956519 0.681041
vt 0.664595 0.037796
vt 0.666924 0.019009
vt 0.667493 0.005200
vt 0.929770 0.699128
vt 0.941004 0.701388
vt 0.952500 0.702396
vt 0.963484 0.702520
vt 0.686353 0.029040
vt 0.688778 0.012599
vt 0.689887 0.001057
vt 0.926181 0.717067
vt 0.937155 0.720758
vt 0.948696 0.722676
vt 0.960067 0.723300
vt 0.704383 0.042326
vt 0.708692 0.023092
vt 0.711390 0.009229
vt 0.712973 0.000003
vt 0.933707 0.738295
vt 0.945151 0.741491
vt 0.956750 0.742909
vt 0.967760 0.743060
vt 0.727043 0.036568
vt 0.731414 0.020272
vt 0.734436 0.009017
vt 0.941917 0.758430
vt 0.953585 0.760976
vt 0.965003 0.761791
vt 0.743791 0.052872
vt 0.749681 0.034061
vt 0.754286 0.020709
vt 0.757542 0.011930
vt 0.939059 0.773078
vt 0.918292 0.005291
vt 0.950632 0.777112
vt 0.929863 0.001676
vt 0.962288 0.778900
vt 0.941517 0.000161
vt 0.973302 0.779079
vt 0.952531 0.000134
vt 0.766056 0.050370
vt 0.772183 0.034921
vt 0.777006 0.024373
vt 0.921123 0.020617
vt 0.932741 0.018419
vt 0.944136 0.017812
vt 0.780524 0.068821
vt 0.787907 0.051387
vt 0.794328 0.039145
vt 0.799161 0.031132
vt 0.912953 0.040839
vt 0.924281 0.038069
vt 0.935818 0.036924
vt 0.946805 0.036920
vt 0.801327 0.069651
vt 0.809220 0.055964
vt 0.815752 0.046608
vt 0.905525 0.061996
vt 0.916314 0.058820
vt 0.927744 0.057246
vt 0.939063 0.056826
vt 0.812440 0.089037
vt 0.821466 0.074357
vt 0.829690 0.063988
vt 0.909003 0.080337
vt 0.920078 0.078505
vt 0.931490 0.077763
vt 0.942441 0.077784
vt 0.830888 0.093607
vt 0.840705 0.082837
vt 0.848838 0.075202
vt 0.902482 0.102228
vt 0.912978 0.100379
vt 0.924243 0.099479
vt 0.935496 0.099260
vt 0.593518 0.047298
vt 0.588853 0.033003
vt 0.584063 0.021272
vt 0.926523 0.613517
vt 0.937404 0.613732
vt 0.948722 0.613862
vt 0.959648 0.613933
vt 0.965003 0.636518
vt 0.966950 0.680911
vt 0.970505 0.723059
vt 0.975435 0.761450
vt 0.954561 0.018255
vt 0.949486 0.057166
vt 0.945912 0.099487
vt 0.939721 0.121405
vt 0.928795 0.121359
vt 0.917469 0.121672
vt 0.906568 0.122499
vt 0.858579 0.094740
vt 0.848554 0.102506
vt 0.837358 0.112556
vt 0.821375 0.108443
vt 0.793238 0.088848
vt 0.759033 0.071701
vt 0.721107 0.058717
vt 0.681767 0.051023
vt 0.643573 0.048794
vt 0.609412 0.051716
vt 0.812465 0.160752
vt 0.808509 0.196962
vt 0.801596 0.236051
vt 0.791066 0.275399
vt 0.777531 0.312714
vt 0.762873 0.346055
vt 0.799219 0.137824
vt 0.794443 0.172387
vt 0.788031 0.210955
vt 0.778852 0.251050
vt 0.766778 0.290369
vt 0.753070 0.326980
vt 0.739946 0.359301
vt 0.780137 0.147626
vt 0.773460 0.185256
vt 0.764945 0.225528
vt 0.754055 0.266218
vt 0.741318 0.305356
vt 0.728309 0.341286
vt 0.765873 0.123165
vt 0.758508 0.159376
vt 0.750030 0.199227
vt 0.739861 0.240618
vt 0.727997 0.281555
vt 0.715438 0.320308
vt 0.703734 0.355350
vt 0.743522 0.133917
vt 0.734702 0.172696
vt 0.724722 0.214064
vt 0.713482 0.256063
vt 0.701466 0.296883
vt 0.689739 0.334878
vt 0.728556 0.109630
vt 0.719366 0.146638
vt 0.709207 0.187210
vt 0.698196 0.229469
vt 0.686628 0.271578
vt 0.675166 0.311796
vt 0.664644 0.348440
vt 0.704202 0.121842
vt 0.693764 0.160831
vt 0.682612 0.202496
vt 0.671223 0.245053
vt 0.660074 0.286716
vt 0.649644 0.325700
vt 0.689208 0.099099
vt 0.678676 0.135748
vt 0.667208 0.175970
vt 0.655639 0.218080
vt 0.644629 0.260338
vt 0.634476 0.300907
vt 0.625296 0.337909
vt 0.664109 0.112664
vt 0.652374 0.150663
vt 0.640355 0.191485
vt 0.629115 0.233484
vt 0.619138 0.274850
vt 0.610326 0.313625
vt 0.650121 0.092187
vt 0.638408 0.127234
vt 0.625843 0.165991
vt 0.613977 0.206928
vt 0.603810 0.248319
vt 0.595338 0.288166
vt 0.587982 0.324372
vt 0.625544 0.106252
vt 0.612528 0.142187
vt 0.599787 0.181327
vt 0.588897 0.222017
vt 0.580386 0.262287
vt 0.573716 0.299913
vt 0.613916 0.088232
vt 0.600783 0.120559
vt 0.587070 0.157173
vt 0.574994 0.196492
vt 0.565817 0.236586
vt 0.559410 0.275151
vt 0.554643 0.309709
vt 0.590988 0.101479
vt 0.576324 0.134823
vt 0.562786 0.172140
vt 0.552256 0.211488
vt 0.545346 0.250575
vt 0.541396 0.286782
vt 0.827017 0.150414
vt 0.825851 0.183467
vt 0.821671 0.221124
vt 0.813399 0.260291
vt 0.801002 0.298353
vt 0.785816 0.333060
vt 0.770318 0.362272
vt 0.750285 0.373846
vt 0.717231 0.372685
vt 0.679574 0.368508
vt 0.640406 0.360237
vt 0.602345 0.347840
vt 0.567638 0.332650
vt 0.538427 0.317147
vt 0.526853 0.297115
vt 0.528013 0.264065
vt 0.532189 0.226411
vt 0.540459 0.187245
vt 0.552857 0.149182
vt 0.568048 0.114472
vt 0.583552 0.085256
vt 0.603585 0.073682
vt 0.636633 0.074847
vt 0.674286 0.079026
vt 0.713452 0.087298
vt 0.751515 0.099695
vt 0.786226 0.114882
vt 0.815443 0.130381
vt 0.745304 0.413397
vt 0.748433 0.427615
vt 0.370629 0.640532
vt 0.751670 0.438274
vt 0.381071 0.641536
vt 0.392310 0.642062
vt 0.403554 0.642267
vt 0.727037 0.408150
vt 0.727528 0.425360
vt 0.729479 0.438435
vt 0.376322 0.662783
vt 0.387339 0.664039
vt 0.398726 0.664613
vt 0.409676 0.664710
vt 0.707728 0.419387
vt 0.707734 0.435170
vt 0.708725 0.446520
vt 0.372125 0.682725
vt 0.382810 0.685122
vt 0.394187 0.686360
vt 0.405491 0.686778
vt 0.689290 0.409724
vt 0.686982 0.428500
vt 0.686435 0.442295
vt 0.378741 0.704865
vt 0.389975 0.707125
vt 0.401472 0.708133
vt 0.412456 0.708258
vt 0.667541 0.418475
vt 0.665137 0.434903
vt 0.664052 0.446432
vt 0.375153 0.722804
vt 0.386126 0.726495
vt 0.397667 0.728413
vt 0.409038 0.729037
vt 0.649500 0.405195
vt 0.645212 0.424418
vt 0.642536 0.438267
vt 0.640978 0.447479
vt 0.382679 0.744033
vt 0.394122 0.747228
vt 0.405721 0.748646
vt 0.416731 0.748798
vt 0.626850 0.410947
vt 0.622501 0.427231
vt 0.619503 0.438472
vt 0.390889 0.764167
vt 0.402557 0.766714
vt 0.413974 0.767528
vt 0.610092 0.394649
vt 0.604223 0.413448
vt 0.599641 0.426787
vt 0.596409 0.435552
vt 0.388031 0.778815
vt 0.103397 0.657336
vt 0.399603 0.782849
vt 0.114968 0.653721
vt 0.411259 0.784637
vt 0.126622 0.652207
vt 0.422274 0.784816
vt 0.137636 0.652180
vt 0.587838 0.397145
vt 0.581733 0.412582
vt 0.576933 0.423116
vt 0.106228 0.672663
vt 0.117846 0.670465
vt 0.129240 0.669857
vt 0.573361 0.378699
vt 0.565999 0.396122
vt 0.559599 0.408351
vt 0.554790 0.416350
vt 0.098058 0.692885
vt 0.109386 0.690114
vt 0.120923 0.688969
vt 0.131909 0.688966
vt 0.552569 0.377863
vt 0.544697 0.391537
vt 0.538188 0.400880
vt 0.090629 0.714042
vt 0.101419 0.710865
vt 0.112848 0.709291
vt 0.124168 0.708871
vt 0.541449 0.358482
vt 0.532441 0.373150
vt 0.524238 0.383507
vt 0.094108 0.732382
vt 0.105183 0.730550
vt 0.116595 0.729809
vt 0.127546 0.729830
vt 0.523010 0.353905
vt 0.513213 0.364664
vt 0.505103 0.372287
vt 0.087587 0.754273
vt 0.098082 0.752425
vt 0.109348 0.751525
vt 0.120601 0.751306
vt 0.760373 0.400219
vt 0.765055 0.414503
vt 0.769866 0.426222
vt 0.375494 0.619254
vt 0.386375 0.619469
vt 0.397694 0.619599
vt 0.408619 0.619670
vt 0.413975 0.642255
vt 0.415922 0.686648
vt 0.419476 0.728796
vt 0.424406 0.767187
vt 0.139665 0.670301
vt 0.134590 0.709212
vt 0.131016 0.751533
vt 0.124826 0.773450
vt 0.113900 0.773405
vt 0.102573 0.773718
vt 0.091673 0.774544
vt 0.495350 0.352755
vt 0.505355 0.345001
vt 0.516532 0.334960
vt 0.532507 0.339079
vt 0.560640 0.358676
vt 0.594842 0.375824
vt 0.632766 0.388809
vt 0.672108 0.396503
vt 0.710305 0.398730
vt 0.744470 0.395806
vt 0.866590 0.155401
vt 0.880823 0.152276
vt 0.900886 0.187307
vt 0.891500 0.149044
vt 0.911328 0.188310
vt 0.922567 0.188836
vt 0.933811 0.189042
vt 0.861335 0.173666
vt 0.878560 0.173179
vt 0.891651 0.171233
vt 0.906579 0.209557
vt 0.917596 0.210813
vt 0.928983 0.211387
vt 0.939933 0.211485
vt 0.872578 0.192976
vt 0.888378 0.192975
vt 0.899746 0.191989
vt 0.902382 0.229499
vt 0.913067 0.231896
vt 0.924444 0.233134
vt 0.935748 0.233552
vt 0.862907 0.211413
vt 0.881698 0.213725
vt 0.895511 0.214277
vt 0.908998 0.251639
vt 0.920232 0.253899
vt 0.931729 0.254907
vt 0.942713 0.255032
vt 0.871665 0.233163
vt 0.888109 0.235572
vt 0.899657 0.236662
vt 0.905410 0.269578
vt 0.916383 0.273269
vt 0.927924 0.275188
vt 0.939295 0.275811
vt 0.858376 0.251202
vt 0.877615 0.255495
vt 0.891483 0.258175
vt 0.900714 0.259739
vt 0.912936 0.290807
vt 0.924379 0.294003
vt 0.935978 0.295420
vt 0.946988 0.295572
vt 0.864136 0.273854
vt 0.880437 0.278208
vt 0.891697 0.281211
vt 0.921146 0.310941
vt 0.932814 0.313488
vt 0.944231 0.314302
vt 0.847830 0.290610
vt 0.866645 0.296484
vt 0.880003 0.301071
vt 0.888786 0.304308
vt 0.918288 0.325589
vt 0.388035 0.458516
vt 0.929860 0.329623
vt 0.399606 0.454901
vt 0.941516 0.331412
vt 0.411260 0.453387
vt 0.952531 0.331591
vt 0.422274 0.453360
vt 0.850334 0.312866
vt 0.865788 0.318977
vt 0.876341 0.323781
vt 0.390866 0.473843
vt 0.402484 0.471645
vt 0.413878 0.471037
vt 0.831881 0.327342
vt 0.849320 0.334708
vt 0.861567 0.341112
vt 0.869585 0.345927
vt 0.382696 0.494065
vt 0.394024 0.491295
vt 0.405561 0.490149
vt 0.416548 0.490146
vt 0.831054 0.348136
vt 0.844745 0.356012
vt 0.854106 0.362526
vt 0.375268 0.515222
vt 0.386057 0.512046
vt 0.397487 0.510471
vt 0.408806 0.510051
vt 0.811667 0.359255
vt 0.826350 0.368266
vt 0.836724 0.376474
vt 0.378746 0.533562
vt 0.389821 0.531730
vt 0.401233 0.530989
vt 0.412184 0.531010
vt 0.807098 0.377695
vt 0.817873 0.387496
vt 0.825513 0.395612
vt 0.372225 0.555454
vt 0.382720 0.553605
vt 0.393986 0.552705
vt 0.405239 0.552486
vt 0.853405 0.140331
vt 0.867704 0.135652
vt 0.879440 0.130846
vt 0.905751 0.166029
vt 0.916632 0.166244
vt 0.927951 0.166373
vt 0.938876 0.166444
vt 0.944232 0.189030
vt 0.946179 0.233422
vt 0.949733 0.275570
vt 0.954663 0.313962
vt 0.424304 0.471481
vt 0.419229 0.510392
vt 0.415655 0.552713
vt 0.409464 0.574630
vt 0.398538 0.574585
vt 0.387212 0.574898
vt 0.376311 0.575725
vt 0.805972 0.405362
vt 0.798201 0.395353
vt 0.788148 0.384172
vt 0.792259 0.368195
vt 0.811853 0.340061
vt 0.828999 0.305859
vt 0.841983 0.267934
vt 0.849677 0.228593
vt 0.851907 0.190396
vt 0.848986 0.156232
vt 0.029047 0.727763
vt 0.033046 0.690468
vt 0.237086 0.760590
vt 0.038285 0.656894
vt 0.232030 0.727716
vt 0.228119 0.690715
vt 0.225570 0.650970
vt 0.032840 0.747721
vt 0.036114 0.709196
vt 0.040754 0.673777
vt 0.239659 0.744134
vt 0.235166 0.709189
vt 0.231914 0.670822
vt 0.230126 0.630412
vt 0.039850 0.728609
vt 0.043837 0.691700
vt 0.049042 0.658475
vt 0.247843 0.759034
vt 0.242840 0.726505
vt 0.238949 0.689890
vt 0.236397 0.650556
vt 0.044221 0.748514
vt 0.047496 0.710491
vt 0.052120 0.675535
vt 0.251042 0.742376
vt 0.246589 0.707892
vt 0.243336 0.670029
vt 0.241526 0.630145
vt 0.051695 0.729935
vt 0.055686 0.693647
vt 0.060854 0.660987
vt 0.259654 0.756489
vt 0.254737 0.724520
vt 0.250860 0.688527
vt 0.248280 0.649858
vt 0.056397 0.749778
vt 0.059697 0.712580
vt 0.064315 0.678387
vt 0.263274 0.739440
vt 0.258878 0.705718
vt 0.255601 0.668682
vt 0.253735 0.629665
vt 0.064111 0.732061
vt 0.068132 0.696784
vt 0.073258 0.665034
vt 0.272057 0.752310
vt 0.267278 0.721241
vt 0.263408 0.686254
vt 0.260759 0.648662
vt 0.068890 0.751768
vt 0.072254 0.715897
vt 0.076885 0.682898
vt 0.275918 0.734743
vt 0.271600 0.702186
vt 0.268262 0.666443
vt 0.266282 0.628814
vt 0.076622 0.735402
vt 0.080729 0.701686
vt 0.504402 0.503281
vt 0.284638 0.745916
vt 0.085818 0.671262
vt 0.535236 0.478985
vt 0.280052 0.716103
vt 0.569989 0.460116
vt 0.607162 0.447489
vt 0.276166 0.682567
vt 0.273371 0.646625
vt 0.081182 0.754869
vt 0.473490 0.550880
vt 0.084708 0.721081
vt 0.495137 0.521090
vt 0.522798 0.495188
vt 0.555018 0.474041
vt 0.590306 0.458536
vt 0.280885 0.662713
vt 0.627100 0.449443
vt 0.278662 0.627232
vt 0.663880 0.447511
vt 0.488459 0.539645
vt 0.512694 0.512819
vt 0.542137 0.489902
vt 0.575291 0.471902
vt 0.610552 0.459689
vt 0.646257 0.453971
vt 0.484373 0.558306
vt 0.504937 0.531473
vt 0.531406 0.507492
vt 0.562248 0.487466
vt 0.595846 0.472506
vt 0.630383 0.463364
vt 0.664098 0.460728
vt 0.499388 0.550579
vt 0.522756 0.526497
vt 0.551174 0.505098
vt 0.583026 0.487804
vt 0.616460 0.475623
vt 0.649397 0.469134
vt 0.022723 0.747173
vt 0.026012 0.708310
vt 0.030679 0.672580
vt 0.229578 0.745298
vt 0.225051 0.710044
vt 0.221786 0.671341
vt 0.219996 0.630576
vt 0.224597 0.609862
vt 0.235414 0.609873
vt 0.247260 0.609857
vt 0.259664 0.609780
vt 0.272126 0.609538
vt 0.680956 0.455554
vt 0.679844 0.469055
vt 0.667015 0.476220
vt 0.636896 0.480801
vt 0.604363 0.490666
vt 0.571979 0.505484
vt 0.541918 0.524570
vt 0.515938 0.546472
vt 0.495709 0.569228
vt 0.482749 0.576064
vt 0.470894 0.569604
vt 0.074004 0.771309
vt 0.061576 0.769718
vt 0.049194 0.768676
vt 0.037360 0.768010
vt 0.026551 0.767575
vt 0.959985 0.078945
vt 0.964300 0.038603
vt 0.990731 0.777005
vt 0.969960 0.002285
vt 0.985259 0.741444
vt 0.981032 0.701420
vt 0.978280 0.658428
vt 0.961576 0.100508
vt 0.965098 0.058830
vt 0.970098 0.020510
vt 0.990972 0.759212
vt 0.986115 0.721403
vt 0.982613 0.679896
vt 0.980693 0.636178
vt 0.965762 0.079734
vt 0.970037 0.039766
vt 0.975644 0.003785
vt 0.996416 0.775473
vt 0.990995 0.740241
vt 0.986807 0.700588
vt 0.984080 0.657995
vt 0.966323 0.101123
vt 0.969810 0.059854
vt 0.974761 0.021910
vt 0.995634 0.757755
vt 0.990826 0.720318
vt 0.987357 0.679218
vt 0.985456 0.635928
vt 0.969447 0.080583
vt 0.433594 0.124441
vt 0.973679 0.041024
vt 0.447356 0.167422
vt 1.000000 0.773776
vt 0.979228 0.005412
vt 0.453225 0.212991
vt 0.994634 0.738906
vt 0.451283 0.259203
vt 0.990489 0.699659
vt 0.441613 0.304118
vt 0.987790 0.657502
vt 0.424296 0.345793
vt 0.422673 0.105180
vt 0.440315 0.145919
vt 0.450067 0.190197
vt 0.452011 0.236082
vt 0.446226 0.281643
vt 0.432795 0.324946
vt 0.411798 0.364061
vt 0.431362 0.125541
vt 0.444974 0.168057
vt 0.450780 0.213132
vt 0.448859 0.258845
vt 0.439294 0.303274
vt 0.422164 0.344498
vt 0.420530 0.106507
vt 0.437979 0.146801
vt 0.447625 0.190595
vt 0.449547 0.235978
vt 0.443826 0.281040
vt 0.430541 0.323871
vt 0.409774 0.362558
vt 0.429118 0.126650
vt 0.202207 0.525945
vt 0.442581 0.168702
vt 0.206349 0.487242
vt 0.448323 0.213284
vt 0.446424 0.258497
vt 0.843362 0.726481
vt 0.436963 0.302441
vt 0.839309 0.688084
vt 0.420021 0.343214
vt 0.836671 0.646839
vt 0.202169 0.546673
vt 0.205547 0.506724
vt 0.445223 0.190994
vt 0.210342 0.469995
vt 0.447124 0.235887
vt 0.847271 0.743387
vt 0.842618 0.707147
vt 0.839263 0.667362
vt 0.837426 0.625458
vt 0.205635 0.526792
vt 0.209734 0.488499
vt 0.215108 0.454027
vt 0.851936 0.758899
vt 0.846744 0.725144
vt 0.842734 0.687153
vt 0.840124 0.646345
vt 0.206635 0.547287
vt 0.209978 0.507747
vt 0.214724 0.471394
vt 0.851652 0.741929
vt 0.847047 0.706060
vt 0.843727 0.666682
vt 0.841908 0.625207
vt 0.211100 0.527580
vt 0.215158 0.489661
vt 0.220480 0.455525
vt 0.857309 0.757365
vt 0.852167 0.723940
vt 0.848196 0.686320
vt 0.845612 0.645910
vt 0.954744 0.099947
vt 0.958296 0.057907
vt 0.963340 0.019255
vt 0.984214 0.760483
vt 0.979316 0.722346
vt 0.975783 0.680479
vt 0.973847 0.636382
vt 0.977231 0.613962
vt 0.983041 0.613940
vt 0.986762 0.613900
vt 0.399420 0.382293
vt 0.397557 0.380603
vt 0.395683 0.378924
vt 0.835667 0.604179
vt 0.839131 0.604137
vt 0.844628 0.604114
vt 0.848405 0.625000
vt 0.850207 0.666095
vt 0.853498 0.705112
vt 0.858060 0.740652
vt 0.221133 0.472651
vt 0.216431 0.508671
vt 0.213118 0.547848
vt 0.208568 0.568057
vt 0.203078 0.567669
vt 0.199623 0.567259
vt 0.407860 0.089024
vt 0.409869 0.087498
vt 0.411867 0.085983
vt 0.966808 0.122810
vt 0.963095 0.122399
vt 0.957293 0.122009
vt 0.145089 0.730991
vt 0.149405 0.690648
vt 0.439703 0.782742
vt 0.155064 0.654331
vt 0.434231 0.747181
vt 0.430003 0.707157
vt 0.427251 0.664165
vt 0.146680 0.752553
vt 0.150202 0.710875
vt 0.155203 0.672555
vt 0.439943 0.764949
vt 0.435087 0.727140
vt 0.431584 0.685633
vt 0.429664 0.641915
vt 0.150866 0.731780
vt 0.155142 0.691811
vt 0.160749 0.655830
vt 0.445387 0.781210
vt 0.439966 0.745978
vt 0.435778 0.706325
vt 0.433051 0.663732
vt 0.151428 0.753169
vt 0.154915 0.711900
vt 0.159866 0.673956
vt 0.444606 0.763492
vt 0.439797 0.726055
vt 0.436329 0.684955
vt 0.434428 0.641665
vt 0.154552 0.732628
vt 0.019631 0.328785
vt 0.158784 0.693070
vt 0.005870 0.285803
vt 0.448971 0.779513
vt 0.164333 0.657458
vt 0.000001 0.240235
vt 0.443606 0.744643
vt 0.001942 0.194022
vt 0.439461 0.705396
vt 0.011612 0.149107
vt 0.436762 0.663239
vt 0.028929 0.107432
vt 0.030561 0.348037
vt 0.012919 0.307298
vt 0.003167 0.263020
vt 0.001224 0.217135
vt 0.007008 0.171575
vt 0.020439 0.128271
vt 0.041436 0.089156
vt 0.021876 0.327674
vt 0.008264 0.285157
vt 0.002458 0.240082
vt 0.004378 0.194369
vt 0.013944 0.149940
vt 0.031074 0.108716
vt 0.032705 0.346709
vt 0.015256 0.306415
vt 0.005611 0.262622
vt 0.003689 0.217238
vt 0.009410 0.172176
vt 0.022694 0.129346
vt 0.043461 0.090659
vt 0.024110 0.326573
vt 0.288025 0.525945
vt 0.010647 0.284522
vt 0.292168 0.487242
vt 0.004904 0.239939
vt 0.006804 0.194726
vt 0.007695 0.931038
vt 0.016264 0.150783
vt 0.003642 0.892641
vt 0.033207 0.110010
vt 0.001004 0.851396
vt 0.287988 0.546673
vt 0.291366 0.506724
vt 0.007992 0.262241
vt 0.296161 0.469995
vt 0.006091 0.217349
vt 0.011604 0.947944
vt 0.006951 0.911704
vt 0.003597 0.871919
vt 0.001759 0.830015
vt 0.291453 0.526792
vt 0.295552 0.488499
vt 0.300926 0.454027
vt 0.016270 0.963456
vt 0.011077 0.929701
vt 0.007067 0.891710
vt 0.004457 0.850902
vt 0.292453 0.547287
vt 0.295797 0.507747
vt 0.300543 0.471394
vt 0.015985 0.946486
vt 0.011380 0.910617
vt 0.008060 0.871239
vt 0.006241 0.829764
vt 0.296918 0.527580
vt 0.300977 0.489661
vt 0.306298 0.455525
vt 0.021642 0.961922
vt 0.016500 0.928497
vt 0.012529 0.890877
vt 0.009945 0.850467
vt 0.139849 0.751992
vt 0.143401 0.709953
vt 0.148445 0.671301
vt 0.433186 0.766220
vt 0.428287 0.728083
vt 0.424754 0.686216
vt 0.422818 0.642119
vt 0.426202 0.619699
vt 0.432012 0.619678
vt 0.435733 0.619637
vt 0.053805 0.070933
vt 0.055681 0.072611
vt 0.057545 0.074300
vt 0.000000 0.808736
vt 0.003464 0.808694
vt 0.008961 0.808671
vt 0.012738 0.829557
vt 0.014540 0.870652
vt 0.017831 0.909669
vt 0.022393 0.945209
vt 0.306952 0.472651
vt 0.302249 0.508671
vt 0.298936 0.547848
vt 0.294386 0.568057
vt 0.288896 0.567669
vt 0.285441 0.567259
vt 0.045368 0.364199
vt 0.043369 0.365716
vt 0.041358 0.367243
vt 0.151913 0.774856
vt 0.148200 0.774445
vt 0.142398 0.774055
vt 0.429728 0.532171
vt 0.434043 0.491829
vt 0.969960 0.329516
vt 0.439703 0.455511
vt 0.964488 0.293955
vt 0.960261 0.253931
vt 0.957508 0.210940
vt 0.431319 0.553734
vt 0.434841 0.512055
vt 0.439841 0.473736
vt 0.970200 0.311723
vt 0.965344 0.273915
vt 0.961841 0.232407
vt 0.959921 0.188689
vt 0.435505 0.532960
vt 0.439780 0.492991
vt 0.445387 0.457010
vt 0.975644 0.327984
vt 0.970223 0.292753
vt 0.966035 0.253100
vt 0.963308 0.210506
vt 0.436066 0.554349
vt 0.439553 0.513080
vt 0.444504 0.475136
vt 0.974863 0.310266
vt 0.970054 0.272829
vt 0.966586 0.231729
vt 0.964685 0.188439
vt 0.439190 0.533809
vt 0.124436 0.019628
vt 0.443422 0.494250
vt 0.167417 0.005868
vt 0.979228 0.326287
vt 0.448971 0.458638
vt 0.212985 0.000000
vt 0.973863 0.291417
vt 0.259197 0.001942
vt 0.969718 0.252171
vt 0.304113 0.011613
vt 0.967019 0.210014
vt 0.345788 0.028932
vt 0.105184 0.030550
vt 0.145922 0.012908
vt 0.190200 0.003157
vt 0.236085 0.001215
vt 0.281645 0.007001
vt 0.324949 0.020433
vt 0.364065 0.041431
vt 0.125547 0.021861
vt 0.168063 0.008250
vt 0.213138 0.002446
vt 0.258851 0.004367
vt 0.303280 0.013934
vt 0.344505 0.031065
vt 0.106512 0.032693
vt 0.146805 0.015244
vt 0.190599 0.005600
vt 0.235982 0.003679
vt 0.281044 0.009401
vt 0.323875 0.022687
vt 0.362562 0.043455
vt 0.126648 0.024105
vt 0.003387 0.724765
vt 0.168699 0.010643
vt 0.007530 0.686062
vt 0.213281 0.004902
vt 0.258494 0.006802
vt 0.206515 0.732218
vt 0.302437 0.016264
vt 0.202462 0.693821
vt 0.343211 0.033207
vt 0.199824 0.652576
vt 0.003350 0.745493
vt 0.006728 0.705544
vt 0.190978 0.008001
vt 0.011523 0.668815
vt 0.235870 0.006101
vt 0.210424 0.749124
vt 0.205771 0.712884
vt 0.202416 0.673099
vt 0.200579 0.631195
vt 0.006815 0.725612
vt 0.010914 0.687319
vt 0.016288 0.652847
vt 0.215089 0.764636
vt 0.209897 0.730881
vt 0.205887 0.692890
vt 0.203277 0.652082
vt 0.007815 0.746107
vt 0.011159 0.706567
vt 0.015905 0.670214
vt 0.214805 0.747666
vt 0.210200 0.711797
vt 0.206879 0.672419
vt 0.205060 0.630944
vt 0.012280 0.726400
vt 0.016339 0.688480
vt 0.021660 0.654344
vt 0.220462 0.763102
vt 0.215320 0.729677
vt 0.211349 0.692057
vt 0.208765 0.651647
vt 0.424487 0.553173
vt 0.428039 0.511133
vt 0.433083 0.472481
vt 0.963443 0.312994
vt 0.958544 0.274858
vt 0.955011 0.232990
vt 0.953075 0.188893
vt 0.956459 0.166473
vt 0.962269 0.166452
vt 0.965990 0.166411
vt 0.382288 0.053809
vt 0.380610 0.055673
vt 0.378921 0.057546
vt 0.198820 0.609916
vt 0.202284 0.609874
vt 0.207781 0.609851
vt 0.211558 0.630737
vt 0.213360 0.671833
vt 0.216650 0.710849
vt 0.221213 0.746390
vt 0.022313 0.671470
vt 0.017611 0.707491
vt 0.014298 0.746668
vt 0.009748 0.766877
vt 0.004258 0.766489
vt 0.000803 0.766079
vt 0.089022 0.045362
vt 0.087506 0.043353
vt 0.085978 0.041355
vt 0.436551 0.576036
vt 0.432838 0.575625
vt 0.427036 0.575235
vt 0.520926 0.590073
vt 0.546674 0.570508
vt 0.576090 0.551080
vt 0.607889 0.533815
vt 0.640218 0.519720
vt 0.670676 0.508769
vt 0.514245 0.612626
vt 0.539429 0.594603
vt 0.568201 0.575176
vt 0.599652 0.556589
vt 0.632378 0.540332
vt 0.664362 0.526773
vt 0.693229 0.515450
vt 0.532214 0.618959
vt 0.560540 0.600283
vt 0.591697 0.581166
vt 0.624580 0.563313
vt 0.657598 0.547588
vt 0.688719 0.533988
vt 0.525172 0.643098
vt 0.553000 0.625740
vt 0.583859 0.606863
vt 0.616751 0.588121
vt 0.650392 0.570740
vt 0.683055 0.555128
vt 0.712809 0.541223
vt 0.545754 0.650955
vt 0.576129 0.632959
vt 0.608887 0.614117
vt 0.642828 0.595690
vt 0.676489 0.578471
vt 0.708158 0.562780
vt 0.539254 0.675434
vt 0.568710 0.658766
vt 0.601063 0.640532
vt 0.635029 0.621804
vt 0.669243 0.603514
vt 0.702181 0.586300
vt 0.732246 0.570652
vt 0.562004 0.683684
vt 0.593503 0.666604
vt 0.627169 0.648336
vt 0.661561 0.629664
vt 0.695235 0.611370
vt 0.726750 0.594238
vt 0.556519 0.707232
vt 0.586565 0.691648
vt 0.619491 0.674472
vt 0.653702 0.656196
vt 0.687672 0.637455
vt 0.720036 0.619183
vt 0.749511 0.602450
vt 0.580599 0.715131
vt 0.612253 0.699491
vt 0.645906 0.682297
vt 0.679847 0.663869
vt 0.712613 0.645002
vt 0.743004 0.626956
vt 0.575962 0.736640
vt 0.605698 0.722796
vt 0.638351 0.707222
vt 0.671987 0.689852
vt 0.704883 0.671099
vt 0.735753 0.652185
vt 0.763600 0.634766
vt 0.600048 0.743890
vt 0.631155 0.730337
vt 0.664166 0.714635
vt 0.697049 0.696782
vt 0.728213 0.677641
vt 0.756552 0.658919
vt 0.595553 0.762375
vt 0.624405 0.751105
vt 0.656379 0.737579
vt 0.689102 0.721333
vt 0.720556 0.702735
vt 0.749337 0.683275
vt 0.774538 0.665198
vt 0.618106 0.769055
vt 0.648553 0.758143
vt 0.680876 0.744069
vt 0.712675 0.726804
vt 0.742097 0.707355
vt 0.767857 0.687751
vt 0.505379 0.586986
vt 0.527387 0.567553
vt 0.554208 0.547242
vt 0.584507 0.528637
vt 0.616620 0.513357
vt 0.648279 0.501917
vt 0.676591 0.494030
vt 0.696297 0.499867
vt 0.715745 0.521901
vt 0.736066 0.548739
vt 0.754675 0.579044
vt 0.769953 0.611150
vt 0.781384 0.642792
vt 0.789257 0.671076
vt 0.783420 0.690782
vt 0.761400 0.710256
vt 0.734572 0.730593
vt 0.704269 0.749208
vt 0.672160 0.764479
vt 0.640508 0.775892
vt 0.612209 0.783738
vt 0.592503 0.777901
vt 0.573042 0.755907
vt 0.552714 0.729096
vt 0.534101 0.698801
vt 0.518826 0.666685
vt 0.507403 0.635017
vt 0.499542 0.606692
vt 0.313685 0.528943
vt 0.317684 0.491648
vt 0.038267 0.959410
vt 0.322923 0.458074
vt 0.033210 0.926536
vt 0.029299 0.889535
vt 0.026750 0.849790
vt 0.317478 0.548901
vt 0.320752 0.510376
vt 0.325392 0.474957
vt 0.040839 0.942954
vt 0.036346 0.908008
vt 0.033094 0.869642
vt 0.031306 0.829232
vt 0.324489 0.529789
vt 0.328475 0.492880
vt 0.333680 0.459656
vt 0.049023 0.957854
vt 0.044020 0.925325
vt 0.040129 0.888710
vt 0.037578 0.849376
vt 0.328859 0.549694
vt 0.332134 0.511671
vt 0.336758 0.476715
vt 0.052222 0.941196
vt 0.047769 0.906712
vt 0.044516 0.868849
vt 0.042707 0.828965
vt 0.336333 0.531116
vt 0.340324 0.494828
vt 0.345492 0.462167
vt 0.060834 0.955309
vt 0.055917 0.923340
vt 0.052040 0.887347
vt 0.049460 0.848678
vt 0.341035 0.550958
vt 0.344335 0.513760
vt 0.348953 0.479567
vt 0.064454 0.938260
vt 0.060058 0.904538
vt 0.056781 0.867502
vt 0.054916 0.828485
vt 0.348749 0.533241
vt 0.352770 0.497964
vt 0.357896 0.466214
vt 0.073237 0.951130
vt 0.068458 0.920061
vt 0.064588 0.885074
vt 0.061939 0.847482
vt 0.353528 0.552948
vt 0.356892 0.517077
vt 0.361524 0.484078
vt 0.077099 0.933563
vt 0.072781 0.901006
vt 0.069443 0.865263
vt 0.067462 0.827634
vt 0.361261 0.536582
vt 0.365367 0.502867
vt 0.509038 0.778745
vt 0.085818 0.944735
vt 0.370457 0.472442
vt 0.484738 0.747913
vt 0.081233 0.914922
vt 0.465868 0.713161
vt 0.077347 0.881387
vt 0.074551 0.845445
vt 0.365820 0.556049
vt 0.556599 0.809679
vt 0.369346 0.522262
vt 0.526802 0.788035
vt 0.500894 0.760377
vt 0.479744 0.728158
vt 0.085547 0.895469
vt 0.464240 0.692870
vt 0.082065 0.861533
vt 0.455152 0.656074
vt 0.079842 0.826052
vt 0.453225 0.619292
vt 0.545316 0.794735
vt 0.518482 0.770505
vt 0.495559 0.741065
vt 0.477558 0.707912
vt 0.465350 0.672648
vt 0.459639 0.636939
vt 0.563942 0.798841
vt 0.537098 0.778283
vt 0.513108 0.751819
vt 0.493077 0.720979
vt 0.478120 0.687380
vt 0.468986 0.652839
vt 0.466359 0.619119
vt 0.556172 0.783850
vt 0.532077 0.760489
vt 0.510668 0.732076
vt 0.493374 0.700223
vt 0.481200 0.666786
vt 0.474723 0.633843
vt 0.307362 0.548353
vt 0.310650 0.509490
vt 0.315317 0.473760
vt 0.030759 0.944118
vt 0.026232 0.908864
vt 0.022966 0.870161
vt 0.021176 0.829396
vt 0.025777 0.808682
vt 0.036594 0.808693
vt 0.048441 0.808677
vt 0.060844 0.808599
vt 0.073306 0.808358
vt 0.461228 0.602238
vt 0.474654 0.603390
vt 0.481783 0.616239
vt 0.486347 0.646367
vt 0.496200 0.678906
vt 0.511014 0.711293
vt 0.530106 0.741351
vt 0.552022 0.767323
vt 0.574795 0.787543
vt 0.581668 0.800483
vt 0.575282 0.812297
vt 0.358642 0.572489
vt 0.346214 0.570898
vt 0.333832 0.569856
vt 0.321998 0.569190
vt 0.311189 0.568755
vt 0.227866 0.528943
vt 0.231865 0.491648
vt 0.873933 0.754853
vt 0.237104 0.458074
vt 0.868877 0.721979
vt 0.864966 0.684978
vt 0.862417 0.645233
vt 0.231660 0.548901
vt 0.234934 0.510376
vt 0.239574 0.474957
vt 0.876506 0.738397
vt 0.872013 0.703452
vt 0.868761 0.665085
vt 0.866973 0.624675
vt 0.238670 0.529789
vt 0.242657 0.492880
vt 0.247862 0.459656
vt 0.884690 0.753297
vt 0.879687 0.720768
vt 0.875796 0.684153
vt 0.873245 0.644819
vt 0.243040 0.549694
vt 0.246316 0.511671
vt 0.250939 0.476715
vt 0.887889 0.736639
vt 0.883436 0.702155
vt 0.880183 0.664292
vt 0.878374 0.624408
vt 0.250514 0.531116
vt 0.254505 0.494828
vt 0.259674 0.462167
vt 0.896501 0.750752
vt 0.891584 0.718783
vt 0.887707 0.682790
vt 0.885127 0.644120
vt 0.255217 0.550958
vt 0.258517 0.513760
vt 0.263134 0.479567
vt 0.900121 0.733703
vt 0.895725 0.699981
vt 0.892448 0.662945
vt 0.890582 0.623928
vt 0.262931 0.533241
vt 0.266952 0.497964
vt 0.272077 0.466214
vt 0.908904 0.746573
vt 0.904125 0.715504
vt 0.900255 0.680517
vt 0.897606 0.642925
vt 0.267709 0.552948
vt 0.271073 0.517077
vt 0.275705 0.484078
vt 0.912766 0.729006
vt 0.908448 0.696449
vt 0.905110 0.660706
vt 0.903129 0.623077
vt 0.275442 0.536582
vt 0.279549 0.502867
vt 0.779872 0.498649
vt 0.921485 0.740178
vt 0.284638 0.472442
vt 0.804171 0.529485
vt 0.916900 0.710366
vt 0.823040 0.564238
vt 0.835667 0.601408
vt 0.913014 0.676830
vt 0.910218 0.640888
vt 0.280002 0.556049
vt 0.732293 0.467777
vt 0.283528 0.522262
vt 0.762087 0.489429
vt 0.787993 0.517095
vt 0.809142 0.549317
vt 0.824647 0.584602
vt 0.917732 0.656976
vt 0.833738 0.621390
vt 0.915509 0.621495
vt 0.835667 0.658163
vt 0.743554 0.482792
vt 0.770385 0.507035
vt 0.793306 0.536482
vt 0.811307 0.569636
vt 0.823518 0.604891
vt 0.829232 0.640588
vt 0.724912 0.478743
vt 0.751752 0.499316
vt 0.775738 0.525794
vt 0.795767 0.556639
vt 0.810726 0.590232
vt 0.819864 0.624760
vt 0.822495 0.658465
vt 0.732663 0.493799
vt 0.756752 0.517180
vt 0.778157 0.545605
vt 0.795452 0.577458
vt 0.807629 0.610883
vt 0.814111 0.643807
vt 0.221543 0.548353
vt 0.224832 0.509490
vt 0.229498 0.473760
vt 0.866426 0.739561
vt 0.861899 0.704307
vt 0.858633 0.665604
vt 0.856843 0.624839
vt 0.861444 0.604125
vt 0.872261 0.604136
vt 0.884107 0.604120
vt 0.896511 0.604043
vt 0.908973 0.603801
vt 0.827646 0.675280
vt 0.814185 0.674242
vt 0.807040 0.661450
vt 0.802468 0.631348
vt 0.792609 0.598829
vt 0.777793 0.566450
vt 0.758704 0.536384
vt 0.736793 0.510392
vt 0.714028 0.490146
vt 0.707171 0.477150
vt 0.713591 0.465221
vt 0.272823 0.572489
vt 0.260396 0.570898
vt 0.248013 0.569856
vt 0.236180 0.569190
vt 0.225371 0.568755
vt 0.864713 0.523206
vt 0.868713 0.485911
vt 0.322905 0.760590
vt 0.873952 0.452337
vt 0.317848 0.727716
vt 0.313937 0.690715
vt 0.311388 0.650970
vt 0.868507 0.543164
vt 0.871781 0.504639
vt 0.876421 0.469220
vt 0.325478 0.744134
vt 0.320984 0.709189
vt 0.317733 0.670822
vt 0.315944 0.630412
vt 0.875517 0.524052
vt 0.879504 0.487143
vt 0.884709 0.453918
vt 0.333662 0.759034
vt 0.328658 0.726505
vt 0.324767 0.689890
vt 0.322216 0.650556
vt 0.879888 0.543957
vt 0.883163 0.505934
vt 0.887787 0.470978
vt 0.336860 0.742376
vt 0.332407 0.707892
vt 0.329154 0.670029
vt 0.327345 0.630145
vt 0.887361 0.525378
vt 0.891353 0.489090
vt 0.896521 0.456430
vt 0.345472 0.756489
vt 0.340555 0.724520
vt 0.336678 0.688527
vt 0.334098 0.649858
vt 0.892064 0.545221
vt 0.895364 0.508023
vt 0.899981 0.473830
vt 0.349092 0.739440
vt 0.344697 0.705718
vt 0.341419 0.668682
vt 0.339554 0.629665
vt 0.899778 0.527503
vt 0.903799 0.492227
vt 0.908925 0.460477
vt 0.357875 0.752310
vt 0.353096 0.721241
vt 0.349227 0.686254
vt 0.346577 0.648662
vt 0.904557 0.547211
vt 0.907921 0.511340
vt 0.912552 0.478341
vt 0.361737 0.734743
vt 0.357419 0.702186
vt 0.354081 0.666443
vt 0.352100 0.628814
vt 0.912289 0.530845
vt 0.916396 0.497129
vt 0.784508 0.774113
vt 0.370457 0.745916
vt 0.921485 0.466705
vt 0.753673 0.798414
vt 0.365871 0.716103
vt 0.718920 0.817283
vt 0.361985 0.682567
vt 0.359190 0.646625
vt 0.916849 0.550312
vt 0.815402 0.726576
vt 0.920375 0.516524
vt 0.793753 0.756374
vt 0.766089 0.782284
vt 0.733868 0.803435
vt 0.370185 0.696649
vt 0.698581 0.818936
vt 0.366703 0.662713
vt 0.661790 0.828021
vt 0.364480 0.627232
vt 0.625013 0.829944
vt 0.800411 0.737883
vt 0.776173 0.764720
vt 0.746728 0.787645
vt 0.713574 0.805646
vt 0.678315 0.817850
vt 0.642614 0.823556
vt 0.804481 0.719277
vt 0.783913 0.746126
vt 0.757439 0.770120
vt 0.726596 0.790152
vt 0.693000 0.805106
vt 0.658467 0.814235
vt 0.624756 0.816856
vt 0.789447 0.727070
vt 0.766073 0.751171
vt 0.737652 0.772583
vt 0.705799 0.789877
vt 0.672369 0.802046
vt 0.639438 0.808515
vt 0.858390 0.542616
vt 0.861679 0.503753
vt 0.866345 0.468023
vt 0.315397 0.745298
vt 0.310870 0.710044
vt 0.307604 0.671341
vt 0.305814 0.630576
vt 0.310416 0.609862
vt 0.321232 0.609873
vt 0.333079 0.609857
vt 0.345483 0.609780
vt 0.357944 0.609538
vt 0.607917 0.821964
vt 0.608996 0.808577
vt 0.621808 0.801469
vt 0.651919 0.796914
vt 0.684446 0.787069
vt 0.716828 0.772259
vt 0.746891 0.753165
vt 0.772877 0.731243
vt 0.793114 0.708462
vt 0.806091 0.701568
vt 0.817979 0.707914
vt 0.909670 0.566752
vt 0.897243 0.565161
vt 0.884860 0.564119
vt 0.873027 0.563453
vt 0.862218 0.563018
vt 0.983906 0.526819
vt 0.988202 0.486658
vt 0.158169 0.980821
vt 0.993836 0.450503
vt 0.152722 0.945420
vt 0.148514 0.905576
vt 0.145774 0.862777
vt 0.988638 0.527642
vt 0.992892 0.487875
vt 0.162804 0.979197
vt 0.998471 0.452075
vt 0.157410 0.944143
vt 0.153243 0.904690
vt 0.150530 0.862311
vt 0.328244 0.432480
vt 0.285495 0.446166
vt 0.240172 0.452002
vt 0.194208 0.450071
vt 0.149534 0.440451
vt 0.108083 0.423226
vt 0.327134 0.430229
vt 0.284852 0.443765
vt 0.240024 0.449538
vt 0.194563 0.447627
vt 0.150377 0.438113
vt 0.109380 0.421076
vt 0.840512 0.520637
vt 0.844632 0.482142
vt 0.239869 0.447135
vt 0.298987 0.765469
vt 0.850034 0.447489
vt 0.293767 0.731537
vt 0.289736 0.693346
vt 0.287112 0.652323
vt 0.844962 0.521459
vt 0.849040 0.483358
vt 0.303340 0.763844
vt 0.854387 0.449059
vt 0.298174 0.730259
vt 0.294184 0.692459
vt 0.291587 0.651855
vt 0.974385 0.569316
vt 0.977087 0.526074
vt 0.981421 0.485565
vt 0.151437 0.982240
vt 0.987104 0.449097
vt 0.145942 0.946532
vt 0.141698 0.906342
vt 0.138934 0.863172
vt 0.137881 0.818522
vt 0.144729 0.818511
vt 0.149496 0.818479
vt 0.071779 0.398483
vt 0.073473 0.396603
vt 0.286114 0.609893
vt 0.290599 0.609860
vt 0.297099 0.609847
vt 0.298078 0.651457
vt 0.300651 0.691688
vt 0.304605 0.729141
vt 0.309723 0.762419
vt 0.860770 0.450468
vt 0.855472 0.484453
vt 0.851431 0.522204
vt 0.848910 0.562502
vt 0.842418 0.562130
vt 0.837941 0.561728
vt 0.364966 0.408855
vt 0.366495 0.410870
vt 0.985985 0.570092
vt 0.981227 0.569689
vt 0.483415 0.273768
vt 0.468307 0.275222
vt 0.086547 0.860623
vt 0.457245 0.277302
vt 0.097097 0.862332
vt 0.108398 0.863217
vt 0.119669 0.863530
vt 0.480934 0.234644
vt 0.464723 0.233352
vt 0.088810 0.901939
vt 0.453225 0.233263
vt 0.099640 0.904998
vt 0.111100 0.906581
vt 0.122439 0.907104
vt 0.485180 0.193932
vt 0.468741 0.190498
vt 0.092598 0.940416
vt 0.457307 0.188421
vt 0.103697 0.944706
vt 0.115310 0.946947
vt 0.126708 0.947668
vt 0.495916 0.153813
vt 0.479965 0.148560
vt 0.469027 0.144630
vt 0.109124 0.979971
vt 0.944795 0.450670
vt 0.120828 0.982805
vt 0.956496 0.448183
vt 0.132254 0.983707
vt 0.967922 0.447489
vt 0.512573 0.116421
vt 0.497889 0.109426
vt 0.928358 0.490497
vt 0.487889 0.103742
vt 0.939317 0.486706
vt 0.950842 0.484813
vt 0.962200 0.484297
vt 0.534265 0.083765
vt 0.521907 0.074942
vt 0.924593 0.529277
vt 0.513367 0.067598
vt 0.935222 0.526750
vt 0.946563 0.525508
vt 0.957846 0.525187
vt 0.508231 0.305781
vt 0.493103 0.309371
vt 0.479969 0.314331
vt 0.085818 0.817910
vt 0.469831 0.318701
vt 0.096192 0.818196
vt 0.107393 0.818362
vt 0.118620 0.818460
vt 0.129036 0.818508
vt 0.130095 0.863458
vt 0.132874 0.906917
vt 0.137145 0.947375
vt 0.142677 0.983322
vt 0.978344 0.447978
vt 0.972625 0.484691
vt 0.968265 0.525471
vt 0.965546 0.569004
vt 0.955132 0.568835
vt 0.943901 0.568950
vt 0.932687 0.569500
vt 0.922287 0.570648
vt 0.544948 0.038019
vt 0.551544 0.046885
vt 0.560441 0.057758
vt 0.571751 0.068436
vt 0.551653 0.092467
vt 0.533025 0.123961
vt 0.517776 0.160305
vt 0.507355 0.199241
vt 0.502414 0.238342
vt 0.502822 0.274927
vt 0.626937 0.030223
vt 0.625487 0.015099
vt 0.922214 0.656066
vt 0.623412 0.004019
vt 0.932764 0.657775
vt 0.944065 0.658660
vt 0.955336 0.658973
vt 0.666060 0.027743
vt 0.667356 0.011516
vt 0.924477 0.697382
vt 0.667450 0.000000
vt 0.935307 0.700441
vt 0.946767 0.702024
vt 0.958106 0.702547
vt 0.706773 0.031991
vt 0.710210 0.015535
vt 0.928265 0.735859
vt 0.712293 0.004082
vt 0.939364 0.740149
vt 0.950977 0.742390
vt 0.962375 0.743111
vt 0.746891 0.042727
vt 0.752149 0.026759
vt 0.756084 0.015802
vt 0.944791 0.775414
vt 0.924024 0.003181
vt 0.956494 0.778248
vt 0.935725 0.000695
vt 0.967921 0.779151
vt 0.947150 0.000000
vt 0.784284 0.059383
vt 0.791283 0.044682
vt 0.907586 0.043009
vt 0.796972 0.034663
vt 0.918545 0.039218
vt 0.930071 0.037324
vt 0.941429 0.036809
vt 0.816940 0.081073
vt 0.825767 0.068699
vt 0.903821 0.081788
vt 0.833116 0.060142
vt 0.914451 0.079261
vt 0.925791 0.078019
vt 0.937074 0.077698
vt 0.594921 0.055050
vt 0.591334 0.039909
vt 0.586379 0.026760
vt 0.921485 0.613353
vt 0.582013 0.016604
vt 0.931859 0.613639
vt 0.943060 0.613805
vt 0.954287 0.613903
vt 0.964703 0.613951
vt 0.965762 0.658901
vt 0.968541 0.702360
vt 0.972812 0.742818
vt 0.978344 0.778765
vt 0.957572 0.000490
vt 0.951853 0.037202
vt 0.947493 0.077983
vt 0.944775 0.121515
vt 0.934361 0.121347
vt 0.923130 0.121462
vt 0.911916 0.122011
vt 0.901515 0.123159
vt 0.862695 0.091722
vt 0.853824 0.098335
vt 0.842948 0.107248
vt 0.832266 0.118569
vt 0.808235 0.098474
vt 0.776740 0.079850
vt 0.740395 0.064602
vt 0.701459 0.054181
vt 0.662358 0.049238
vt 0.625774 0.049643
vt 0.796914 0.154446
vt 0.791534 0.191328
vt 0.783821 0.230962
vt 0.773124 0.270934
vt 0.760010 0.309121
vt 0.746250 0.343754
vt 0.762275 0.140685
vt 0.754453 0.178978
vt 0.745175 0.219859
vt 0.734096 0.261257
vt 0.721715 0.301304
vt 0.709368 0.338380
vt 0.724087 0.127571
vt 0.714403 0.166596
vt 0.703796 0.208245
vt 0.692447 0.250653
vt 0.680833 0.292029
vt 0.669732 0.330669
vt 0.684114 0.116873
vt 0.673005 0.155517
vt 0.661389 0.196896
vt 0.650039 0.239303
vt 0.639436 0.280950
vt 0.629760 0.319971
vt 0.644483 0.109161
vt 0.632127 0.146241
vt 0.619742 0.186290
vt 0.608663 0.227687
vt 0.599390 0.268566
vt 0.591575 0.306855
vt 0.607606 0.103782
vt 0.593840 0.138420
vt 0.580723 0.176608
vt 0.570026 0.216580
vt 0.562316 0.256212
vt 0.556943 0.293090
vt 0.827296 0.136893
vt 0.826683 0.166125
vt 0.824230 0.201931
vt 0.818073 0.240689
vt 0.807658 0.279607
vt 0.793634 0.316257
vt 0.777875 0.348497
vt 0.763808 0.374123
vt 0.734573 0.373515
vt 0.698767 0.371066
vt 0.660008 0.364912
vt 0.621090 0.354496
vt 0.584441 0.340470
vt 0.552202 0.324707
vt 0.526577 0.310634
vt 0.527184 0.281405
vt 0.529631 0.245603
vt 0.535785 0.206846
vt 0.546201 0.167929
vt 0.560228 0.131277
vt 0.575991 0.099034
vt 0.590066 0.073403
vt 0.619293 0.074016
vt 0.655094 0.076467
vt 0.693851 0.082624
vt 0.732768 0.093039
vt 0.769421 0.107064
vt 0.801665 0.122823
vt 0.726960 0.417290
vt 0.728430 0.432403
vt 0.371185 0.661803
vt 0.730528 0.443469
vt 0.381735 0.663512
vt 0.393036 0.664397
vt 0.404307 0.664710
vt 0.687835 0.419771
vt 0.686559 0.435987
vt 0.373448 0.703120
vt 0.686489 0.447489
vt 0.384278 0.706178
vt 0.395738 0.707762
vt 0.407077 0.708284
vt 0.647121 0.415524
vt 0.643705 0.431968
vt 0.377236 0.741596
vt 0.641646 0.443407
vt 0.388336 0.745886
vt 0.399948 0.748127
vt 0.411347 0.748848
vt 0.607003 0.404788
vt 0.601766 0.420744
vt 0.597855 0.431687
vt 0.393762 0.781151
vt 0.109128 0.655227
vt 0.405466 0.783985
vt 0.120829 0.652740
vt 0.416892 0.784888
vt 0.132255 0.652046
vt 0.569611 0.388131
vt 0.562633 0.402821
vt 0.092691 0.695054
vt 0.556968 0.412825
vt 0.103650 0.691263
vt 0.115175 0.689370
vt 0.126533 0.688854
vt 0.536957 0.366440
vt 0.528151 0.378803
vt 0.088926 0.733834
vt 0.520824 0.387347
vt 0.099555 0.731307
vt 0.110896 0.730065
vt 0.122179 0.729744
vt 0.758963 0.392471
vt 0.762565 0.407602
vt 0.767540 0.420741
vt 0.370457 0.619090
vt 0.771927 0.430884
vt 0.380830 0.619376
vt 0.392031 0.619542
vt 0.403258 0.619640
vt 0.413674 0.619688
vt 0.414733 0.664638
vt 0.417512 0.708097
vt 0.421784 0.748556
vt 0.427315 0.784502
vt 0.142677 0.652535
vt 0.136958 0.689247
vt 0.132598 0.730028
vt 0.129879 0.773561
vt 0.119466 0.773392
vt 0.108234 0.773507
vt 0.097020 0.774057
vt 0.086620 0.775205
vt 0.491245 0.355766
vt 0.500095 0.349165
vt 0.510952 0.340264
vt 0.521618 0.328951
vt 0.545645 0.349048
vt 0.577137 0.367675
vt 0.613479 0.382925
vt 0.652415 0.393345
vt 0.691518 0.398287
vt 0.728106 0.397880
vt 0.870482 0.173745
vt 0.885611 0.172279
vt 0.901442 0.208577
vt 0.896695 0.170186
vt 0.911993 0.210287
vt 0.923293 0.211172
vt 0.934564 0.211484
vt 0.872961 0.212870
vt 0.889193 0.214150
vt 0.903705 0.249894
vt 0.900714 0.214225
vt 0.914536 0.252952
vt 0.925995 0.254536
vt 0.937334 0.255058
vt 0.868713 0.253584
vt 0.885174 0.257004
vt 0.907493 0.288370
vt 0.896631 0.259068
vt 0.918593 0.292660
vt 0.930205 0.294901
vt 0.941604 0.295622
vt 0.857977 0.293702
vt 0.873950 0.298943
vt 0.884912 0.302859
vt 0.924019 0.327925
vt 0.393766 0.456407
vt 0.935723 0.330759
vt 0.405468 0.453920
vt 0.947149 0.331662
vt 0.416893 0.453226
vt 0.841321 0.331094
vt 0.856027 0.338076
vt 0.377329 0.496235
vt 0.866051 0.343746
vt 0.388288 0.492444
vt 0.399813 0.490550
vt 0.411171 0.490034
vt 0.819632 0.363748
vt 0.832011 0.372559
vt 0.373564 0.535014
vt 0.840573 0.379891
vt 0.384194 0.532487
vt 0.395534 0.531245
vt 0.406817 0.530924
vt 0.845653 0.141739
vt 0.860796 0.138140
vt 0.873950 0.133170
vt 0.900714 0.165865
vt 0.884110 0.128787
vt 0.911088 0.166150
vt 0.922288 0.166317
vt 0.933515 0.166415
vt 0.943931 0.166463
vt 0.944990 0.211412
vt 0.947770 0.254871
vt 0.952041 0.295330
vt 0.957572 0.331277
vt 0.427315 0.453716
vt 0.421596 0.490428
vt 0.417236 0.531209
vt 0.414518 0.574741
vt 0.404104 0.574572
vt 0.392873 0.574687
vt 0.381659 0.575237
vt 0.371258 0.576385
vt 0.808992 0.409469
vt 0.802374 0.400615
vt 0.793458 0.389754
vt 0.782133 0.379085
vt 0.802227 0.355056
vt 0.820851 0.323564
vt 0.836099 0.287221
vt 0.846519 0.248285
vt 0.851462 0.209183
vt 0.851058 0.172596
vt 0.034289 0.728145
vt 0.038280 0.691023
vt 0.242304 0.759895
vt 0.043502 0.657606
vt 0.237271 0.727175
vt 0.233371 0.690347
vt 0.230823 0.650787
vt 0.045672 0.729193
vt 0.049658 0.692555
vt 0.253646 0.757926
vt 0.054845 0.659577
vt 0.248680 0.725641
vt 0.244797 0.689298
vt 0.242235 0.650255
vt 0.057861 0.730876
vt 0.061863 0.695035
vt 0.265809 0.754642
vt 0.067010 0.662780
vt 0.260954 0.723076
vt 0.257082 0.687531
vt 0.254473 0.649338
vt 0.070386 0.733543
vt 0.074438 0.698968
vt 0.278346 0.749419
vt 0.079542 0.667831
vt 0.273658 0.718945
vt 0.269786 0.684631
vt 0.267078 0.647784
vt 0.082758 0.737729
vt 0.483471 0.535545
vt 0.508306 0.507602
vt 0.538430 0.483963
vt 0.572375 0.465533
vt 0.282502 0.679954
vt 0.608612 0.453142
vt 0.279580 0.645091
vt 0.645579 0.447531
vt 0.493820 0.544582
vt 0.517529 0.519064
vt 0.546378 0.496910
vt 0.578813 0.479300
vt 0.613112 0.467168
vt 0.647437 0.461178
vt 0.021677 0.767400
vt 0.024179 0.727426
vt 0.028189 0.689978
vt 0.232248 0.761198
vt 0.033446 0.656267
vt 0.227171 0.728189
vt 0.223247 0.691037
vt 0.220693 0.651130
vt 0.219720 0.609854
vt 0.229848 0.609869
vt 0.241238 0.609870
vt 0.253423 0.609830
vt 0.265922 0.609693
vt 0.278204 0.609274
vt 0.681838 0.449483
vt 0.680217 0.462147
vt 0.680227 0.476085
vt 0.652449 0.477833
vt 0.620759 0.485090
vt 0.588009 0.497485
vt 0.556541 0.514570
vt 0.528317 0.535280
vt 0.504986 0.557895
vt 0.488407 0.580231
vt 0.476787 0.572596
vt 0.080056 0.772385
vt 0.465365 0.567013
vt 0.067819 0.770432
vt 0.055347 0.769140
vt 0.043178 0.768305
vt 0.031798 0.767773
vt 0.963134 0.079330
vt 0.967431 0.039169
vt 0.993836 0.776264
vt 0.973065 0.003015
vt 0.988389 0.740863
vt 0.984181 0.701019
vt 0.981441 0.658220
vt 0.967866 0.080153
vt 0.972120 0.040386
vt 0.998470 0.774640
vt 0.977699 0.004587
vt 0.993077 0.739586
vt 0.988910 0.700133
vt 0.986197 0.657754
vt 0.432485 0.124987
vt 0.446172 0.167737
vt 0.452010 0.213060
vt 0.450079 0.259024
vt 0.440461 0.303697
vt 0.423237 0.345148
vt 0.430235 0.126097
vt 0.443773 0.168380
vt 0.449546 0.213207
vt 0.447637 0.258669
vt 0.438124 0.302854
vt 0.421088 0.343851
vt 0.203664 0.526374
vt 0.207785 0.487880
vt 0.447123 0.213362
vt 0.850016 0.759732
vt 0.213187 0.453226
vt 0.445234 0.258332
vt 0.844796 0.725800
vt 0.840765 0.687609
vt 0.838141 0.646586
vt 0.208115 0.527196
vt 0.212193 0.489095
vt 0.854369 0.758107
vt 0.217540 0.454796
vt 0.849203 0.724522
vt 0.845213 0.686722
vt 0.842616 0.646119
vt 0.953614 0.121828
vt 0.956316 0.078585
vt 0.960649 0.038076
vt 0.987104 0.777683
vt 0.966332 0.001608
vt 0.981609 0.741975
vt 0.977364 0.701785
vt 0.974601 0.658615
vt 0.973548 0.613965
vt 0.980396 0.613954
vt 0.985163 0.613922
vt 0.398495 0.381451
vt 0.396616 0.379758
vt 0.837143 0.604156
vt 0.841627 0.604123
vt 0.848127 0.604110
vt 0.849107 0.645720
vt 0.851680 0.685951
vt 0.855633 0.723404
vt 0.860752 0.756682
vt 0.223923 0.456205
vt 0.218625 0.490190
vt 0.214584 0.527941
vt 0.212063 0.568239
vt 0.205571 0.567867
vt 0.201094 0.567465
vt 0.408861 0.088264
vt 0.410875 0.086735
vt 0.965213 0.122603
vt 0.960455 0.122200
vt 0.148239 0.731376
vt 0.152535 0.691214
vt 0.442807 0.782001
vt 0.158169 0.655060
vt 0.437360 0.746600
vt 0.433152 0.706756
vt 0.430412 0.663957
vt 0.152971 0.732199
vt 0.157225 0.692432
vt 0.447442 0.780377
vt 0.162804 0.656632
vt 0.442048 0.745323
vt 0.437881 0.705870
vt 0.435168 0.663491
vt 0.020749 0.328231
vt 0.007062 0.285481
vt 0.001224 0.240158
vt 0.003155 0.194194
vt 0.012773 0.149520
vt 0.029997 0.108069
vt 0.023000 0.327119
vt 0.009463 0.284837
vt 0.003689 0.240009
vt 0.005599 0.194547
vt 0.015112 0.150362
vt 0.032147 0.109365
vt 0.289483 0.526374
vt 0.293603 0.487880
vt 0.006091 0.239874
vt 0.014349 0.964289
vt 0.299005 0.453226
vt 0.009129 0.930357
vt 0.005098 0.892166
vt 0.002474 0.851143
vt 0.293933 0.527196
vt 0.298011 0.489095
vt 0.018702 0.962664
vt 0.303358 0.454796
vt 0.013536 0.929079
vt 0.009546 0.891279
vt 0.006949 0.850675
vt 0.138718 0.773873
vt 0.141421 0.730631
vt 0.145754 0.690121
vt 0.436075 0.783420
vt 0.151437 0.653654
vt 0.430580 0.747712
vt 0.426336 0.707522
vt 0.423572 0.664352
vt 0.422519 0.619702
vt 0.429368 0.619691
vt 0.434134 0.619659
vt 0.054740 0.071766
vt 0.056619 0.073459
vt 0.001476 0.808713
vt 0.005961 0.808680
vt 0.012460 0.808667
vt 0.013440 0.850277
vt 0.016013 0.890508
vt 0.019966 0.927961
vt 0.025085 0.961238
vt 0.309741 0.456205
vt 0.304443 0.490190
vt 0.300403 0.527941
vt 0.297882 0.568239
vt 0.291389 0.567867
vt 0.286912 0.567465
vt 0.044375 0.364952
vt 0.042360 0.366482
vt 0.150318 0.774649
vt 0.145560 0.774246
vt 0.432877 0.532556
vt 0.437174 0.492395
vt 0.973065 0.328775
vt 0.442807 0.456240
vt 0.967617 0.293374
vt 0.963409 0.253530
vt 0.960669 0.210732
vt 0.437609 0.533379
vt 0.441863 0.493612
vt 0.977699 0.327151
vt 0.447442 0.457812
vt 0.972305 0.292098
vt 0.968138 0.252645
vt 0.965425 0.210266
vt 0.124990 0.020738
vt 0.167740 0.007051
vt 0.213062 0.001215
vt 0.259027 0.003147
vt 0.303700 0.012766
vt 0.345151 0.029991
vt 0.126102 0.022988
vt 0.168384 0.009451
vt 0.213211 0.003679
vt 0.258673 0.005590
vt 0.302858 0.015104
vt 0.343856 0.032140
vt 0.004845 0.725194
vt 0.008965 0.686699
vt 0.213346 0.006101
vt 0.213168 0.765469
vt 0.014367 0.652046
vt 0.258315 0.007991
vt 0.207949 0.731537
vt 0.203918 0.693346
vt 0.201294 0.652323
vt 0.009295 0.726016
vt 0.013373 0.687915
vt 0.217521 0.763844
vt 0.018720 0.653616
vt 0.212355 0.730259
vt 0.208365 0.692459
vt 0.205769 0.651855
vt 0.423356 0.575053
vt 0.426059 0.531811
vt 0.430392 0.491302
vt 0.966332 0.330194
vt 0.436075 0.454834
vt 0.960837 0.294486
vt 0.956593 0.254297
vt 0.953829 0.211127
vt 0.952776 0.166476
vt 0.959625 0.166465
vt 0.964391 0.166434
vt 0.381455 0.054735
vt 0.379763 0.056613
vt 0.200295 0.609893
vt 0.204780 0.609860
vt 0.211280 0.609847
vt 0.212260 0.651457
vt 0.214833 0.691688
vt 0.218786 0.729141
vt 0.223905 0.762419
vt 0.025103 0.655025
vt 0.019805 0.689010
vt 0.015764 0.726761
vt 0.013244 0.767059
vt 0.006751 0.766687
vt 0.002274 0.766285
vt 0.088269 0.044361
vt 0.086739 0.042347
vt 0.434956 0.575829
vt 0.430198 0.575426
vt 0.526361 0.603965
vt 0.553411 0.584909
vt 0.583668 0.565664
vt 0.615971 0.548126
vt 0.648605 0.533226
vt 0.679348 0.520904
vt 0.538655 0.634723
vt 0.568108 0.616382
vt 0.600123 0.597384
vt 0.633578 0.579220
vt 0.666964 0.562709
vt 0.698420 0.547982
vt 0.553542 0.667364
vt 0.584604 0.649776
vt 0.617926 0.631166
vt 0.652198 0.612560
vt 0.685971 0.594740
vt 0.717673 0.578252
vt 0.571081 0.699667
vt 0.602768 0.683230
vt 0.636534 0.665437
vt 0.670805 0.646830
vt 0.704136 0.628195
vt 0.735213 0.610555
vt 0.590341 0.729915
vt 0.621783 0.715237
vt 0.655161 0.698750
vt 0.688616 0.680587
vt 0.720639 0.661564
vt 0.750106 0.643174
vt 0.609426 0.756950
vt 0.640157 0.744671
vt 0.672784 0.729794
vt 0.705087 0.712255
vt 0.735350 0.692988
vt 0.762413 0.673889
vt 0.496498 0.595060
vt 0.515706 0.577608
vt 0.540275 0.557319
vt 0.569016 0.537605
vt 0.600467 0.520529
vt 0.632667 0.507156
vt 0.663087 0.497590
vt 0.688215 0.490971
vt 0.705683 0.510207
vt 0.725985 0.534799
vt 0.745706 0.563552
vt 0.762783 0.595002
vt 0.776150 0.627190
vt 0.785705 0.657587
vt 0.792308 0.682684
vt 0.773088 0.700181
vt 0.748508 0.720505
vt 0.719761 0.740238
vt 0.688310 0.757313
vt 0.656116 0.770667
vt 0.625706 0.780200
vt 0.600592 0.786773
vt 0.583110 0.767582
vt 0.562798 0.743025
vt 0.543071 0.714291
vt 0.525995 0.682840
vt 0.512633 0.650634
vt 0.503088 0.620202
vt 0.318928 0.529325
vt 0.322918 0.492203
vt 0.043484 0.958715
vt 0.328140 0.458786
vt 0.038451 0.925995
vt 0.034551 0.889167
vt 0.032003 0.849607
vt 0.330310 0.530373
vt 0.334296 0.493736
vt 0.054826 0.956746
vt 0.339484 0.460757
vt 0.049860 0.924461
vt 0.045977 0.888118
vt 0.043416 0.849075
vt 0.342499 0.532056
vt 0.346501 0.496215
vt 0.066989 0.953462
vt 0.351649 0.463960
vt 0.062134 0.921896
vt 0.058262 0.886351
vt 0.055653 0.848158
vt 0.355024 0.534723
vt 0.359076 0.500148
vt 0.079526 0.948239
vt 0.364181 0.469011
vt 0.074839 0.917765
vt 0.070966 0.883451
vt 0.068258 0.846604
vt 0.367396 0.538909
vt 0.541260 0.799699
vt 0.513311 0.774868
vt 0.489667 0.744746
vt 0.471236 0.710801
vt 0.083682 0.878774
vt 0.458849 0.674563
vt 0.080760 0.843911
vt 0.453243 0.637593
vt 0.550212 0.789397
vt 0.524683 0.765693
vt 0.502522 0.736848
vt 0.484911 0.704414
vt 0.472786 0.670112
vt 0.466805 0.635782
vt 0.306315 0.568580
vt 0.308817 0.528606
vt 0.312828 0.491158
vt 0.033428 0.960018
vt 0.318085 0.457447
vt 0.028351 0.927009
vt 0.024428 0.889857
vt 0.021873 0.849950
vt 0.020900 0.808674
vt 0.031028 0.808689
vt 0.042418 0.808690
vt 0.054603 0.808650
vt 0.067102 0.808513
vt 0.079384 0.808094
vt 0.455199 0.601333
vt 0.467781 0.602998
vt 0.481655 0.603023
vt 0.483388 0.630810
vt 0.490630 0.662507
vt 0.503016 0.695262
vt 0.520102 0.726729
vt 0.540822 0.754948
vt 0.563454 0.778270
vt 0.585805 0.794841
vt 0.578235 0.806426
vt 0.364695 0.573565
vt 0.572735 0.817803
vt 0.352457 0.571612
vt 0.339985 0.570320
vt 0.327816 0.569485
vt 0.316436 0.568953
vt 0.233109 0.529325
vt 0.237100 0.492203
vt 0.879151 0.754158
vt 0.242322 0.458786
vt 0.874118 0.721438
vt 0.870218 0.684610
vt 0.867670 0.645050
vt 0.244491 0.530373
vt 0.248478 0.493736
vt 0.890493 0.752189
vt 0.253665 0.460757
vt 0.885527 0.719904
vt 0.881644 0.683561
vt 0.879082 0.644518
vt 0.256680 0.532056
vt 0.260682 0.496215
vt 0.902656 0.748905
vt 0.265830 0.463960
vt 0.897801 0.717339
vt 0.893929 0.681794
vt 0.891320 0.643601
vt 0.269205 0.534723
vt 0.273258 0.500148
vt 0.915193 0.743682
vt 0.278362 0.469011
vt 0.910505 0.713208
vt 0.906633 0.678894
vt 0.903925 0.642047
vt 0.281578 0.538909
vt 0.747630 0.477760
vt 0.775577 0.502601
vt 0.799219 0.532728
vt 0.817650 0.566673
vt 0.919349 0.674217
vt 0.830040 0.602906
vt 0.916427 0.639354
vt 0.835648 0.639866
vt 0.738640 0.488194
vt 0.764164 0.511913
vt 0.786322 0.540768
vt 0.803933 0.573203
vt 0.816061 0.607495
vt 0.822047 0.641809
vt 0.220496 0.568580
vt 0.222999 0.528606
vt 0.227009 0.491158
vt 0.869095 0.755461
vt 0.232266 0.457447
vt 0.864018 0.722452
vt 0.860095 0.685300
vt 0.857540 0.645393
vt 0.856567 0.604117
vt 0.866695 0.604132
vt 0.878085 0.604133
vt 0.890270 0.604093
vt 0.902769 0.603956
vt 0.915051 0.603537
vt 0.833694 0.676120
vt 0.821074 0.674580
vt 0.807171 0.674655
vt 0.805431 0.646893
vt 0.798182 0.615219
vt 0.785791 0.582478
vt 0.768705 0.551011
vt 0.747990 0.522778
vt 0.725365 0.499432
vt 0.703021 0.482837
vt 0.710620 0.471153
vt 0.278876 0.573565
vt 0.716158 0.459649
vt 0.266639 0.571612
vt 0.254166 0.570320
vt 0.241998 0.569485
vt 0.230618 0.568953
vt 0.869956 0.523588
vt 0.873947 0.486466
vt 0.328122 0.759895
vt 0.879169 0.453049
vt 0.323089 0.727175
vt 0.319189 0.690347
vt 0.316642 0.650787
vt 0.881339 0.524636
vt 0.885325 0.487998
vt 0.339464 0.757926
vt 0.890512 0.455020
vt 0.334499 0.725641
vt 0.330616 0.689298
vt 0.328054 0.650255
vt 0.893528 0.526319
vt 0.897529 0.490478
vt 0.351627 0.754642
vt 0.902677 0.458223
vt 0.346772 0.723076
vt 0.342900 0.687531
vt 0.340292 0.649338
vt 0.906052 0.528986
vt 0.910105 0.494411
vt 0.364164 0.749419
vt 0.915209 0.463274
vt 0.359477 0.718945
vt 0.355605 0.684631
vt 0.352896 0.647784
vt 0.918425 0.533172
vt 0.805419 0.741915
vt 0.780582 0.769866
vt 0.750456 0.793512
vt 0.716511 0.811942
vt 0.368320 0.679954
vt 0.680276 0.824326
vt 0.365398 0.645091
vt 0.643312 0.829928
vt 0.795032 0.733009
vt 0.771318 0.758543
vt 0.742467 0.780707
vt 0.710031 0.798317
vt 0.675735 0.810438
vt 0.641415 0.816413
vt 0.857344 0.562843
vt 0.859846 0.522869
vt 0.863856 0.485421
vt 0.318066 0.761198
vt 0.869113 0.451710
vt 0.312989 0.728189
vt 0.309066 0.691037
vt 0.306511 0.651130
vt 0.305538 0.609854
vt 0.315666 0.609869
vt 0.327056 0.609870
vt 0.339241 0.609830
vt 0.351740 0.609693
vt 0.364022 0.609274
vt 0.607055 0.827969
vt 0.608638 0.815431
vt 0.608599 0.801593
vt 0.636370 0.799870
vt 0.668053 0.792636
vt 0.700799 0.780255
vt 0.732267 0.763170
vt 0.760494 0.742446
vt 0.783833 0.719807
vt 0.800419 0.697448
vt 0.812069 0.704983
vt 0.915723 0.567828
vt 0.823528 0.710439
vt 0.903486 0.565875
vt 0.891014 0.564583
vt 0.878845 0.563748
vt 0.867465 0.563216
s 1
usemtl Base
f 1/1/1 433/443/2 673/705/3 431/441/4
f 433/443/2 6/6/5 324/329/6 673/705/3
f 673/705/3 324/329/6 7/7/7 461/473/8
f 431/441/4 673/705/3 461/473/8 2/2/9
f 2/2/9 461/473/8 674/706/10 460/472/11
f 461/473/8 7/7/7 353/361/12 674/706/10
f 674/706/10 353/361/12 8/8/13 487/500/14
f 460/472/11 674/706/10 487/500/14 3/3/15
f 3/3/15 487/500/14 675/707/16 485/498/17
f 487/500/14 8/8/13 377/385/18 675/707/16
f 675/707/16 377/385/18 9/9/19 513/528/20
f 485/498/17 675/707/16 513/528/20 4/4/21
f 4/4/21 513/528/20 676/708/22 512/527/23
f 513/528/20 9/9/19 403/411/24 676/708/22
f 676/708/22 403/411/24 10/10/25 541/561/26
f 512/527/23 676/708/22 541/561/26 5/5/27
f 6/6/5 326/331/28 677/709/29 324/329/6
f 326/331/28 11/11/30 648/677/31 677/709/29
f 677/709/29 648/677/31 12/12/32 354/362/33
f 324/329/6 677/709/29 354/362/33 7/7/7
f 7/7/7 354/362/33 678/710/34 353/361/12
f 354/362/33 12/12/32 245/246/35 678/710/34
f 678/710/34 245/246/35 13/13/36 379/387/37
f 353/361/12 678/710/34 379/387/37 8/8/13
f 8/8/13 379/387/37 679/711/38 377/385/18
f 379/387/37 13/13/36 268/269/39 679/711/38
f 679/711/38 268/269/39 14/14/40 404/412/41
f 377/385/18 679/711/38 404/412/41 9/9/19
f 9/9/19 404/412/41 680/712/42 403/411/24
f 404/412/41 14/14/40 295/296/43 680/712/42
f 680/712/42 295/296/43 15/15/44 434/444/45
f 403/411/24 680/712/42 434/444/45 10/10/25
f 11/11/30 650/679/46 681/713/47 648/677/31
f 650/679/46 16/16/48 545/565/49 681/713/47
f 681/713/47 545/565/49 17/17/50 246/247/51
f 648/677/31 681/713/47 246/247/51 12/12/32
f 12/12/32 246/247/51 682/714/52 245/246/35
f 246/247/51 17/17/50 573/598/53 682/714/52
f 682/714/52 573/598/53 18/18/54 270/271/55
f 245/246/35 682/714/52 270/271/55 13/13/36
f 13/13/36 270/271/55 683/715/56 268/269/39
f 270/271/55 18/18/54 597/622/57 683/715/56
f 683/715/56 597/622/57 19/19/58 296/297/59
f 268/269/39 683/715/56 296/297/59 14/14/40
f 14/14/40 296/297/59 684/717/60 295/296/43
f 296/297/59 19/19/58 622/647/61 684/717/60
f 684/716/60 622/648/61 20/20/62 327/332/63
f 295/296/43 684/717/60 327/333/63 15/15/44
f 16/16/48 547/567/64 685/718/65 545/565/49
f 547/567/64 21/21/66 438/448/67 685/718/65
f 685/718/65 438/448/67 22/22/68 574/599/69
f 545/565/49 685/718/65 574/599/69 17/17/50
f 17/17/50 574/599/69 686/719/70 573/598/53
f 574/599/69 22/22/68 466/479/71 686/719/70
f 686/719/70 466/479/71 23/23/72 599/624/73
f 573/598/53 686/719/70 599/624/73 18/18/54
f 18/18/54 599/624/73 687/720/74 597/622/57
f 599/624/73 23/23/72 492/506/75 687/720/74
f 687/720/74 492/506/75 24/24/76 623/649/77
f 597/622/57 687/720/74 623/649/77 19/19/58
f 19/19/58 623/649/77 688/721/78 622/647/61
f 623/649/77 24/24/76 519/534/79 688/721/78
f 688/722/78 519/535/79 25/25/80 651/680/81
f 622/648/61 688/722/78 651/680/81 20/20/62
f 21/21/66 440/450/82 689/723/83 438/448/67
f 440/450/82 26/26/84 331/337/85 689/723/83
f 689/723/83 331/337/85 27/27/86 468/481/87
f 438/448/67 689/723/83 468/481/87 22/22/68
f 22/22/68 468/481/87 690/724/88 466/479/71
f 468/481/87 27/27/86 359/367/89 690/724/88
f 690/724/88 359/367/89 28/28/90 495/509/91
f 466/479/71 690/724/88 495/509/91 23/23/72
f 23/23/72 495/509/91 691/725/92 492/506/75
f 495/509/91 28/28/90 385/393/93 691/725/92
f 691/725/92 385/393/93 29/29/94 520/536/95
f 492/506/75 691/725/92 520/536/95 24/24/76
f 24/24/76 520/536/95 692/726/96 519/534/79
f 520/536/95 29/29/94 410/418/97 692/726/96
f 692/727/96 410/419/97 30/30/98 549/569/99
f 519/535/79 692/727/96 549/569/99 25/25/80
f 26/26/84 333/339/100 693/728/101 331/337/85
f 333/339/100 31/31/102 654/684/103 693/728/101
f 693/728/101 654/684/103 32/32/104 360/368/105
f 331/337/85 693/728/101 360/368/105 27/27/86
f 27/27/86 360/368/105 694/729/106 359/367/89
f 360/368/105 32/32/104 251/252/107 694/729/106
f 694/729/106 251/252/107 33/33/108 386/394/109
f 359/367/89 694/729/106 386/394/109 28/28/90
f 28/28/90 386/394/109 695/730/110 385/393/93
f 386/394/109 33/33/108 275/276/111 695/730/110
f 695/730/110 275/276/111 34/34/112 411/420/113
f 385/393/93 695/730/110 411/420/113 29/29/94
f 29/29/94 411/420/113 696/731/114 410/418/97
f 411/420/113 34/34/112 302/304/115 696/731/114
f 696/732/114 302/305/115 35/35/116 441/451/117
f 410/419/97 696/732/114 441/451/117 30/30/98
f 31/31/102 656/686/118 697/733/119 654/684/103
f 656/686/118 36/36/120 551/572/121 697/733/119
f 697/733/119 551/572/121 37/37/122 252/253/123
f 654/684/103 697/733/119 252/253/123 32/32/104
f 32/32/104 252/253/123 698/734/124 251/252/107
f 252/253/123 37/37/122 578/603/125 698/734/124
f 698/734/124 578/603/125 38/38/126 276/277/127
f 251/252/107 698/734/124 276/277/127 33/33/108
f 33/33/108 276/277/127 699/735/128 275/276/111
f 276/277/127 38/38/126 603/628/129 699/735/128
f 699/735/128 603/628/129 39/39/130 303/306/131
f 275/276/111 699/735/128 303/306/131 34/34/112
f 34/34/112 303/306/131 700/736/132 302/304/115
f 303/306/131 39/39/130 628/654/133 700/736/132
f 700/737/132 628/655/133 40/40/134 334/340/135
f 302/305/115 700/737/132 334/340/135 35/35/116
f 36/36/120 553/574/136 701/738/137 551/572/121
f 553/574/136 41/41/138 443/454/139 701/738/137
f 701/738/137 443/454/139 42/42/140 579/604/141
f 551/572/121 701/738/137 579/604/141 37/37/122
f 37/37/122 579/604/141 702/739/142 578/603/125
f 579/604/141 42/42/140 471/484/143 702/739/142
f 702/739/142 471/484/143 43/43/144 604/629/145
f 578/603/125 702/739/142 604/629/145 38/38/126
f 38/38/126 604/629/145 703/740/146 603/628/129
f 604/629/145 43/43/144 498/512/147 703/740/146
f 703/740/146 498/512/147 44/44/148 629/656/149
f 603/628/129 703/740/146 629/656/149 39/39/130
f 39/39/130 629/656/149 704/741/150 628/654/133
f 629/656/149 44/44/148 524/540/151 704/741/150
f 704/742/150 524/541/151 45/45/152 657/687/153
f 628/655/133 704/742/150 657/687/153 40/40/134
f 41/41/138 445/456/154 705/743/155 443/454/139
f 445/456/154 46/46/156 336/343/157 705/743/155
f 705/743/155 336/343/157 47/47/158 472/485/159
f 443/454/139 705/743/155 472/485/159 42/42/140
f 42/42/140 472/485/159 706/744/160 471/484/143
f 472/485/159 47/47/158 363/371/161 706/744/160
f 706/744/160 363/371/161 48/48/162 499/513/163
f 471/484/143 706/744/160 499/513/163 43/43/144
f 43/43/144 499/513/163 707/745/164 498/512/147
f 499/513/163 48/48/162 389/397/165 707/745/164
f 707/745/164 389/397/165 49/49/166 525/542/167
f 498/512/147 707/745/164 525/542/167 44/44/148
f 44/44/148 525/542/167 708/746/168 524/540/151
f 525/542/167 49/49/166 415/424/169 708/746/168
f 708/746/168 415/424/169 50/50/170 554/575/171
f 524/541/151 708/747/168 554/576/171 45/45/152
f 46/46/156 338/345/172 709/748/173 336/343/157
f 338/345/172 51/51/174 659/690/175 709/748/173
f 709/748/173 659/690/175 52/52/176 364/372/177
f 336/343/157 709/748/173 364/372/177 47/47/158
f 47/47/158 364/372/177 710/749/178 363/371/161
f 364/372/177 52/52/176 255/256/179 710/749/178
f 710/749/178 255/256/179 53/53/180 390/398/181
f 363/371/161 710/749/178 390/398/181 48/48/162
f 48/48/162 390/398/181 711/750/182 389/397/165
f 390/398/181 53/53/180 280/281/183 711/750/182
f 711/750/182 280/281/183 54/54/184 416/425/185
f 389/397/165 711/750/182 416/425/185 49/49/166
f 49/49/166 416/425/185 712/751/186 415/424/169
f 416/425/185 54/54/184 307/310/187 712/751/186
f 712/751/186 307/310/187 55/55/188 446/457/189
f 415/424/169 712/751/186 446/457/189 50/50/170
f 51/51/174 661/692/190 713/752/191 659/690/175
f 661/692/190 56/56/192 556/579/193 713/752/191
f 713/752/191 556/579/193 57/57/194 256/257/195
f 659/690/175 713/752/191 256/257/195 52/52/176
f 52/52/176 256/257/195 714/753/196 255/256/179
f 256/257/195 57/57/194 582/607/197 714/753/196
f 714/753/196 582/607/197 58/58/198 281/282/199
f 255/256/179 714/753/196 281/282/199 53/53/180
f 53/53/180 281/282/199 715/754/200 280/281/183
f 281/282/199 58/58/198 607/632/201 715/754/200
f 715/754/200 607/632/201 59/59/202 308/311/203
f 280/281/183 715/754/200 308/311/203 54/54/184
f 54/54/184 308/311/203 716/755/204 307/310/187
f 308/311/203 59/59/202 633/660/205 716/755/204
f 716/755/204 633/660/205 60/60/206 339/346/207
f 307/310/187 716/755/204 339/346/207 55/55/188
f 56/56/192 558/581/208 717/756/209 556/579/193
f 558/581/208 61/61/210 448/459/211 717/756/209
f 717/756/209 448/459/211 62/62/212 583/608/213
f 556/579/193 717/756/209 583/608/213 57/57/194
f 57/57/194 583/608/213 718/757/214 582/607/197
f 583/608/213 62/62/212 475/488/215 718/757/214
f 718/757/214 475/488/215 63/63/216 608/633/217
f 582/607/197 718/757/214 608/633/217 58/58/198
f 58/58/198 608/633/217 719/758/218 607/632/201
f 608/633/217 63/63/216 502/516/219 719/758/218
f 719/758/218 502/516/219 64/64/220 634/661/221
f 607/632/201 719/758/218 634/661/221 59/59/202
f 59/59/202 634/661/221 720/759/222 633/660/205
f 634/661/221 64/64/220 529/547/223 720/759/222
f 720/759/222 529/547/223 65/65/224 662/693/225
f 633/660/205 720/759/222 662/693/225 60/60/206
f 61/61/210 450/461/226 721/760/227 448/459/211
f 450/461/226 66/66/228 341/348/229 721/760/227
f 721/760/227 341/348/229 67/67/230 476/489/231
f 448/459/211 721/760/227 476/489/231 62/62/212
f 62/62/212 476/489/231 722/761/232 475/488/215
f 476/489/231 67/67/230 367/375/233 722/761/232
f 722/761/232 367/375/233 68/68/234 503/517/235
f 475/488/215 722/761/232 503/517/235 63/63/216
f 63/63/216 503/517/235 723/762/236 502/516/219
f 503/517/235 68/68/234 393/401/237 723/762/236
f 723/762/236 393/401/237 69/69/238 530/548/239
f 502/516/219 723/762/236 530/548/239 64/64/220
f 64/64/220 530/548/239 724/763/240 529/547/223
f 530/548/239 69/69/238 420/429/241 724/763/240
f 724/763/240 420/429/241 70/70/242 559/582/243
f 529/547/223 724/763/240 559/582/243 65/65/224
f 66/66/228 343/350/244 725/764/245 341/348/229
f 343/350/244 71/71/246 664/695/247 725/764/245
f 725/764/245 664/695/247 72/72/248 368/376/249
f 341/348/229 725/764/245 368/376/249 67/67/230
f 67/67/230 368/376/249 726/765/250 367/375/233
f 368/376/249 72/72/248 259/260/251 726/765/250
f 726/765/250 259/260/251 73/73/252 394/402/253
f 367/375/233 726/765/250 394/402/253 68/68/234
f 68/68/234 394/402/253 727/766/254 393/401/237
f 394/402/253 73/73/252 284/285/255 727/766/254
f 727/766/254 284/285/255 74/74/256 421/430/257
f 393/401/237 727/766/254 421/430/257 69/69/238
f 69/69/238 421/430/257 728/767/258 420/429/241
f 421/430/257 74/74/256 312/315/259 728/767/258
f 728/767/258 312/315/259 75/75/260 451/462/261
f 420/429/241 728/767/258 451/462/261 70/70/242
f 71/71/246 666/697/262 729/768/263 664/695/247
f 666/697/262 76/76/264 561/584/265 729/768/263
f 729/768/263 561/584/265 77/77/266 260/261/267
f 664/695/247 729/768/263 260/261/267 72/72/248
f 72/72/248 260/261/267 730/769/268 259/260/251
f 260/261/267 77/77/266 586/611/269 730/769/268
f 730/769/268 586/611/269 78/78/270 285/286/271
f 259/260/251 730/769/268 285/286/271 73/73/252
f 73/73/252 285/286/271 731/770/272 284/285/255
f 285/286/271 78/78/270 611/636/273 731/770/272
f 731/770/272 611/636/273 79/79/274 313/316/275
f 284/285/255 731/770/272 313/316/275 74/74/256
f 74/74/256 313/316/275 732/772/276 312/315/259
f 313/316/275 79/79/274 638/665/277 732/772/276
f 732/771/276 638/666/277 80/80/278 344/351/279
f 312/315/259 732/772/276 344/352/279 75/75/260
f 76/76/264 563/586/280 733/773/281 561/584/265
f 563/586/280 81/81/282 453/464/283 733/773/281
f 733/773/281 453/464/283 82/82/284 587/612/285
f 561/584/265 733/773/281 587/612/285 77/77/266
f 77/77/266 587/612/285 734/774/286 586/611/269
f 587/612/285 82/82/284 479/492/287 734/774/286
f 734/774/286 479/492/287 83/83/288 612/637/289
f 586/611/269 734/774/286 612/637/289 78/78/270
f 78/78/270 612/637/289 735/775/290 611/636/273
f 612/637/289 83/83/288 506/520/291 735/775/290
f 735/775/290 506/520/291 84/84/292 639/667/293
f 611/636/273 735/775/290 639/667/293 79/79/274
f 79/79/274 639/667/293 736/776/294 638/665/277
f 639/667/293 84/84/292 534/552/295 736/776/294
f 736/777/294 534/553/295 85/85/296 667/698/297
f 638/666/277 736/777/294 667/698/297 80/80/278
f 81/81/282 455/466/298 737/778/299 453/464/283
f 455/466/298 86/86/300 346/354/301 737/778/299
f 737/778/299 346/354/301 87/87/302 480/493/303
f 453/464/283 737/778/299 480/493/303 82/82/284
f 82/82/284 480/493/303 738/779/304 479/492/287
f 480/493/303 87/87/302 371/379/305 738/779/304
f 738/779/304 371/379/305 88/88/306 507/521/307
f 479/492/287 738/779/304 507/521/307 83/83/288
f 83/83/288 507/521/307 739/780/308 506/520/291
f 507/521/307 88/88/306 397/405/309 739/780/308
f 739/780/308 397/405/309 89/89/310 535/554/311
f 506/520/291 739/780/308 535/554/311 84/84/292
f 84/84/292 535/554/311 740/781/312 534/552/295
f 535/554/311 89/89/310 425/434/313 740/781/312
f 740/782/312 425/435/313 90/90/314 564/587/315
f 534/553/295 740/782/312 564/587/315 85/85/296
f 86/86/300 348/356/316 741/783/317 346/354/301
f 348/356/316 91/91/318 669/701/319 741/783/317
f 741/783/317 669/701/319 92/92/320 372/380/321
f 346/354/301 741/783/317 372/380/321 87/87/302
f 87/87/302 372/380/321 742/784/322 371/379/305
f 372/380/321 92/92/320 263/264/323 742/784/322
f 742/784/322 263/264/323 93/93/324 398/406/325
f 371/379/305 742/784/322 398/406/325 88/88/306
f 88/88/306 398/406/325 743/785/326 397/405/309
f 398/406/325 93/93/324 288/289/327 743/785/326
f 743/785/326 288/289/327 94/94/328 426/436/329
f 397/405/309 743/785/326 426/436/329 89/89/310
f 89/89/310 426/436/329 744/786/330 425/434/313
f 426/436/329 94/94/328 317/321/331 744/786/330
f 744/787/330 317/322/331 95/95/332 456/467/333
f 425/435/313 744/787/330 456/467/333 90/90/314
f 91/91/318 671/703/334 745/788/335 669/701/319
f 671/703/334 96/96/336 566/590/337 745/788/335
f 745/788/335 566/590/337 97/97/338 264/265/339
f 669/701/319 745/788/335 264/265/339 92/92/320
f 92/92/320 264/265/339 746/789/340 263/264/323
f 264/265/339 97/97/338 590/615/341 746/789/340
f 746/789/340 590/615/341 98/98/342 289/290/343
f 263/264/323 746/789/340 289/290/343 93/93/324
f 93/93/324 289/290/343 747/790/344 288/289/327
f 289/290/343 98/98/342 615/640/345 747/790/344
f 747/790/344 615/640/345 99/99/346 318/323/347
f 288/289/327 747/790/344 318/323/347 94/94/328
f 94/94/328 318/323/347 748/791/348 317/321/331
f 318/323/347 99/99/346 643/671/349 748/791/348
f 748/792/348 643/672/349 100/100/350 349/357/351
f 317/322/331 748/792/348 349/357/351 95/95/332
f 96/96/336 568/592/352 749/793/353 566/590/337
f 568/592/352 101/101/354 458/470/355 749/793/353
f 749/793/353 458/470/355 102/102/356 591/616/357
f 566/590/337 749/793/353 591/616/357 97/97/338
f 97/97/338 591/616/357 750/794/358 590/615/341
f 591/616/357 102/102/356 483/496/359 750/794/358
f 750/794/358 483/496/359 103/103/360 616/641/361
f 590/615/341 750/794/358 616/641/361 98/98/342
f 98/98/342 616/641/361 751/795/362 615/640/345
f 616/641/361 103/103/360 510/524/363 751/795/362
f 751/795/362 510/524/363 104/104/364 644/673/365
f 615/640/345 751/795/362 644/673/365 99/99/346
f 99/99/346 644/673/365 752/796/366 643/671/349
f 644/673/365 104/104/364 539/558/367 752/796/366
f 752/797/366 539/559/367 105/105/368 672/704/369
f 643/672/349 752/797/366 672/704/369 100/100/350
f 101/101/354 401/409/370 753/798/371 458/470/355
f 401/409/370 106/106/372 291/292/373 753/798/371
f 753/798/371 291/292/373 107/107/374 484/497/375
f 458/470/355 753/798/371 484/497/375 102/102/356
f 102/102/356 484/497/375 754/799/376 483/496/359
f 484/497/375 107/107/374 375/383/377 754/799/376
f 754/799/376 375/383/377 108/108/378 459/471/379
f 483/496/359 754/799/376 459/471/379 103/103/360
f 103/103/360 459/471/379 755/800/380 510/524/363
f 459/471/379 108/108/378 351/359/381 755/800/380
f 755/800/380 351/359/381 109/109/382 540/560/383
f 510/524/363 755/800/380 540/560/383 104/104/364
f 104/104/364 540/560/383 756/801/384 539/558/367
f 540/560/383 109/109/382 430/440/385 756/801/384
f 756/801/384 430/440/385 110/110/386 511/525/387
f 539/559/367 756/802/384 511/526/387 105/105/368
f 106/106/372 293/294/388 757/803/389 291/292/373
f 293/294/388 111/111/390 618/643/391 757/803/389
f 757/803/389 618/643/391 112/112/392 376/384/393
f 291/292/373 757/803/389 376/384/393 107/107/374
f 107/107/374 376/384/393 758/804/394 375/383/377
f 376/384/393 112/112/392 266/267/395 758/804/394
f 758/804/394 266/267/395 113/113/396 352/360/397
f 375/383/377 758/804/394 352/360/397 108/108/378
f 108/108/378 352/360/397 759/805/398 351/359/381
f 352/360/397 113/113/396 243/244/399 759/805/398
f 759/805/398 243/244/399 114/114/400 432/442/401
f 351/359/381 759/805/398 432/442/401 109/109/382
f 109/109/382 432/442/401 760/806/402 430/440/385
f 432/442/401 114/114/400 323/328/403 760/806/402
f 760/806/402 323/328/403 115/115/404 402/410/405
f 430/440/385 760/806/402 402/410/405 110/110/386
f 111/111/390 620/645/406 761/807/407 618/643/391
f 620/645/406 116/116/408 515/530/409 761/807/407
f 761/807/407 515/530/409 117/117/410 267/268/411
f 618/643/391 761/807/407 267/268/411 112/112/392
f 112/112/392 267/268/411 762/808/412 266/267/395
f 267/268/411 117/117/410 595/620/413 762/808/412
f 762/808/412 595/620/413 118/118/414 244/245/415
f 266/267/395 762/808/412 244/245/415 113/113/396
f 113/113/396 244/245/415 763/809/416 243/244/399
f 244/245/415 118/118/414 571/596/417 763/809/416
f 763/809/416 571/596/417 119/119/418 325/330/419
f 243/244/399 763/809/416 325/330/419 114/114/400
f 114/114/400 325/330/419 764/810/420 323/328/403
f 325/330/419 119/119/418 647/676/421 764/810/420
f 764/810/420 647/676/421 120/120/422 294/295/423
f 323/328/403 764/810/420 294/295/423 115/115/404
f 116/116/408 517/532/424 765/811/425 515/530/409
f 517/532/424 121/121/426 406/414/427 765/811/425
f 765/811/425 406/414/427 122/122/428 596/621/429
f 515/530/409 765/811/425 596/621/429 117/117/410
f 117/117/410 596/621/429 766/812/430 595/620/413
f 596/621/429 122/122/428 490/504/431 766/812/430
f 766/812/430 490/504/431 123/123/432 572/597/433
f 595/620/413 766/812/430 572/597/433 118/118/414
f 118/118/414 572/597/433 767/813/434 571/596/417
f 572/597/433 123/123/432 464/477/435 767/813/434
f 767/813/434 464/477/435 124/124/436 649/678/437
f 571/596/417 767/813/434 649/678/437 119/119/418
f 119/119/418 649/678/437 768/814/438 647/676/421
f 649/678/437 124/124/436 544/564/439 768/814/438
f 768/814/438 544/564/439 125/125/440 621/646/441
f 647/676/421 768/814/438 621/646/441 120/120/422
f 121/121/426 408/416/442 769/815/443 406/414/427
f 408/416/442 126/126/444 298/299/445 769/815/443
f 769/815/443 298/299/445 127/127/446 491/505/447
f 406/414/427 769/815/443 491/505/447 122/122/428
f 122/122/428 491/505/447 770/816/448 490/504/431
f 491/505/447 127/127/446 382/390/449 770/816/448
f 770/816/448 382/390/449 128/128/450 465/478/451
f 490/504/431 770/816/448 465/478/451 123/123/432
f 123/123/432 465/478/451 771/817/452 464/477/435
f 465/478/451 128/128/450 357/365/453 771/817/452
f 771/817/452 357/365/453 129/129/454 546/566/455
f 464/477/435 771/817/452 546/566/455 124/124/436
f 124/124/436 546/566/455 772/818/456 544/564/439
f 546/566/455 129/129/454 437/447/457 772/818/456
f 772/818/456 437/447/457 130/130/458 518/533/459
f 544/564/439 772/818/456 518/533/459 125/125/440
f 126/126/444 300/301/460 773/819/461 298/299/445
f 300/301/460 131/131/462 625/651/463 773/819/461
f 773/819/461 625/651/463 132/132/464 384/392/465
f 298/299/445 773/819/461 384/392/465 127/127/446
f 127/127/446 384/392/465 774/820/466 382/390/449
f 384/392/465 132/132/464 273/274/467 774/820/466
f 774/820/466 273/274/467 133/133/468 358/366/469
f 382/390/449 774/820/466 358/366/469 128/128/450
f 128/128/450 358/366/469 775/821/470 357/365/453
f 358/366/469 133/133/468 249/250/471 775/821/470
f 775/821/470 249/250/471 134/134/472 439/449/473
f 357/365/453 775/821/470 439/449/473 129/129/454
f 129/129/454 439/449/473 776/822/474 437/447/457
f 439/449/473 134/134/472 330/336/475 776/822/474
f 776/822/474 330/336/475 135/135/476 409/417/477
f 437/447/457 776/822/474 409/417/477 130/130/458
f 131/131/462 626/652/478 777/823/479 625/651/463
f 626/652/478 136/136/480 521/537/481 777/823/479
f 777/823/479 521/537/481 137/137/482 274/275/483
f 625/651/463 777/823/479 274/275/483 132/132/464
f 132/132/464 274/275/483 778/824/484 273/274/467
f 274/275/483 137/137/482 601/626/485 778/824/484
f 778/824/484 601/626/485 138/138/486 250/251/487
f 273/274/467 778/824/484 250/251/487 133/133/468
f 133/133/468 250/251/487 779/825/488 249/250/471
f 250/251/487 138/138/486 576/601/489 779/825/488
f 779/825/488 576/601/489 139/139/490 332/338/491
f 249/250/471 779/825/488 332/338/491 134/134/472
f 134/134/472 332/338/491 780/827/492 330/336/475
f 332/338/491 139/139/490 653/682/493 780/827/492
f 780/826/492 653/683/493 140/140/494 301/302/495
f 330/336/475 780/827/492 301/303/495 135/135/476
f 136/136/480 522/538/496 781/828/497 521/537/481
f 522/538/496 141/141/498 412/421/499 781/828/497
f 781/828/497 412/421/499 142/142/500 602/627/501
f 521/537/481 781/828/497 602/627/501 137/137/482
f 137/137/482 602/627/501 782/829/502 601/626/485
f 602/627/501 142/142/500 496/510/503 782/829/502
f 782/829/502 496/510/503 143/143/504 577/602/505
f 601/626/485 782/829/502 577/602/505 138/138/486
f 138/138/486 577/602/505 783/830/506 576/601/489
f 577/602/505 143/143/504 469/482/507 783/830/506
f 783/830/506 469/482/507 144/144/508 655/685/509
f 576/601/489 783/830/506 655/685/509 139/139/490
f 139/139/490 655/685/509 784/831/510 653/682/493
f 655/685/509 144/144/508 550/570/511 784/831/510
f 784/832/510 550/571/511 145/145/512 627/653/513
f 653/683/493 784/832/510 627/653/513 140/140/494
f 141/141/498 413/422/514 785/833/515 412/421/499
f 413/422/514 146/146/516 304/307/517 785/833/515
f 785/833/515 304/307/517 147/147/518 497/511/519
f 412/421/499 785/833/515 497/511/519 142/142/500
f 142/142/500 497/511/519 786/834/520 496/510/503
f 497/511/519 147/147/518 387/395/521 786/834/520
f 786/834/520 387/395/521 148/148/522 470/483/523
f 496/510/503 786/834/520 470/483/523 143/143/504
f 143/143/504 470/483/523 787/835/524 469/482/507
f 470/483/523 148/148/522 361/369/525 787/835/524
f 787/835/524 361/369/525 149/149/526 552/573/527
f 469/482/507 787/835/524 552/573/527 144/144/508
f 144/144/508 552/573/527 788/836/528 550/570/511
f 552/573/527 149/149/526 442/452/529 788/836/528
f 788/837/528 442/453/529 150/150/530 523/539/531
f 550/571/511 788/837/528 523/539/531 145/145/512
f 146/146/516 305/308/532 789/838/533 304/307/517
f 305/308/532 151/151/534 630/657/535 789/838/533
f 789/838/533 630/657/535 152/152/536 388/396/537
f 304/307/517 789/838/533 388/396/537 147/147/518
f 147/147/518 388/396/537 790/839/538 387/395/521
f 388/396/537 152/152/536 277/278/539 790/839/538
f 790/839/538 277/278/539 153/153/540 362/370/541
f 387/395/521 790/839/538 362/370/541 148/148/522
f 148/148/522 362/370/541 791/840/542 361/369/525
f 362/370/541 153/153/540 253/254/543 791/840/542
f 791/840/542 253/254/543 154/154/544 444/455/545
f 361/369/525 791/840/542 444/455/545 149/149/526
f 149/149/526 444/455/545 792/841/546 442/452/529
f 444/455/545 154/154/544 335/341/547 792/841/546
f 792/842/546 335/342/547 155/155/548 414/423/549
f 442/453/529 792/842/546 414/423/549 150/150/530
f 151/151/534 631/658/550 793/843/551 630/657/535
f 631/658/550 156/156/552 526/543/553 793/843/551
f 793/843/551 526/543/553 157/157/554 279/280/555
f 630/657/535 793/843/551 279/280/555 152/152/536
f 152/152/536 279/280/555 794/844/556 277/278/539
f 279/280/555 157/157/554 605/630/557 794/844/556
f 794/844/556 605/630/557 158/158/558 254/255/559
f 277/278/539 794/844/556 254/255/559 153/153/540
f 153/153/540 254/255/559 795/845/560 253/254/543
f 254/255/559 158/158/558 580/605/561 795/845/560
f 795/845/560 580/605/561 159/159/562 337/344/563
f 253/254/543 795/845/560 337/344/563 154/154/544
f 154/154/544 337/344/563 796/846/564 335/341/547
f 337/344/563 159/159/562 658/688/565 796/846/564
f 796/847/564 658/689/565 160/160/566 306/309/567
f 335/342/547 796/847/564 306/309/567 155/155/548
f 156/156/552 527/544/568 797/848/569 526/543/553
f 527/544/568 161/161/570 417/426/571 797/848/569
f 797/848/569 417/426/571 162/162/572 606/631/573
f 526/543/553 797/848/569 606/631/573 157/157/554
f 157/157/554 606/631/573 798/849/574 605/630/557
f 606/631/573 162/162/572 500/514/575 798/849/574
f 798/849/574 500/514/575 163/163/576 581/606/577
f 605/630/557 798/849/574 581/606/577 158/158/558
f 158/158/558 581/606/577 799/850/578 580/605/561
f 581/606/577 163/163/576 473/486/579 799/850/578
f 799/850/578 473/486/579 164/164/580 660/691/581
f 580/605/561 799/850/578 660/691/581 159/159/562
f 159/159/562 660/691/581 800/851/582 658/688/565
f 660/691/581 164/164/580 555/577/583 800/851/582
f 800/852/582 555/578/583 165/165/584 632/659/585
f 658/689/565 800/852/582 632/659/585 160/160/566
f 161/161/570 418/427/586 801/853/587 417/426/571
f 418/427/586 166/166/588 309/312/589 801/853/587
f 801/853/587 309/312/589 167/167/590 501/515/591
f 417/426/571 801/853/587 501/515/591 162/162/572
f 162/162/572 501/515/591 802/854/592 500/514/575
f 501/515/591 167/167/590 391/399/593 802/854/592
f 802/854/592 391/399/593 168/168/594 474/487/595
f 500/514/575 802/854/592 474/487/595 163/163/576
f 163/163/576 474/487/595 803/855/596 473/486/579
f 474/487/595 168/168/594 365/373/597 803/855/596
f 803/855/596 365/373/597 169/169/598 557/580/599
f 473/486/579 803/855/596 557/580/599 164/164/580
f 164/164/580 557/580/599 804/856/600 555/577/583
f 557/580/599 169/169/598 447/458/601 804/856/600
f 804/856/600 447/458/601 170/170/602 528/545/603
f 555/578/583 804/857/600 528/546/603 165/165/584
f 166/166/588 310/313/604 805/858/605 309/312/589
f 310/313/604 171/171/606 635/662/607 805/858/605
f 805/858/605 635/662/607 172/172/608 392/400/609
f 309/312/589 805/858/605 392/400/609 167/167/590
f 167/167/590 392/400/609 806/859/610 391/399/593
f 392/400/609 172/172/608 282/283/611 806/859/610
f 806/859/610 282/283/611 173/173/612 366/374/613
f 391/399/593 806/859/610 366/374/613 168/168/594
f 168/168/594 366/374/613 807/860/614 365/373/597
f 366/374/613 173/173/612 257/258/615 807/860/614
f 807/860/614 257/258/615 174/174/616 449/460/617
f 365/373/597 807/860/614 449/460/617 169/169/598
f 169/169/598 449/460/617 808/861/618 447/458/601
f 449/460/617 174/174/616 340/347/619 808/861/618
f 808/861/618 340/347/619 175/175/620 419/428/621
f 447/458/601 808/861/618 419/428/621 170/170/602
f 171/171/606 636/663/622 809/862/623 635/662/607
f 636/663/622 176/176/624 531/549/625 809/862/623
f 809/862/623 531/549/625 177/177/626 283/284/627
f 635/662/607 809/862/623 283/284/627 172/172/608
f 172/172/608 283/284/627 810/863/628 282/283/611
f 283/284/627 177/177/626 609/634/629 810/863/628
f 810/863/628 609/634/629 178/178/630 258/259/631
f 282/283/611 810/863/628 258/259/631 173/173/612
f 173/173/612 258/259/631 811/864/632 257/258/615
f 258/259/631 178/178/630 584/609/633 811/864/632
f 811/864/632 584/609/633 179/179/634 342/349/635
f 257/258/615 811/864/632 342/349/635 174/174/616
f 174/174/616 342/349/635 812/865/636 340/347/619
f 342/349/635 179/179/634 663/694/637 812/865/636
f 812/865/636 663/694/637 180/180/638 311/314/639
f 340/347/619 812/865/636 311/314/639 175/175/620
f 176/176/624 532/550/640 813/866/641 531/549/625
f 532/550/640 181/181/642 422/431/643 813/866/641
f 813/866/641 422/431/643 182/182/644 610/635/645
f 531/549/625 813/866/641 610/635/645 177/177/626
f 177/177/626 610/635/645 814/867/646 609/634/629
f 610/635/645 182/182/644 504/518/647 814/867/646
f 814/867/646 504/518/647 183/183/648 585/610/649
f 609/634/629 814/867/646 585/610/649 178/178/630
f 178/178/630 585/610/649 815/868/650 584/609/633
f 585/610/649 183/183/648 477/490/651 815/868/650
f 815/868/650 477/490/651 184/184/652 665/696/653
f 584/609/633 815/868/650 665/696/653 179/179/634
f 179/179/634 665/696/653 816/869/654 663/694/637
f 665/696/653 184/184/652 560/583/655 816/869/654
f 816/869/654 560/583/655 185/185/656 637/664/657
f 663/694/637 816/869/654 637/664/657 180/180/638
f 181/181/642 423/432/658 817/870/659 422/431/643
f 423/432/658 186/186/660 314/317/661 817/870/659
f 817/870/659 314/317/661 187/187/662 505/519/663
f 422/431/643 817/870/659 505/519/663 182/182/644
f 182/182/644 505/519/663 818/871/664 504/518/647
f 505/519/663 187/187/662 395/403/665 818/871/664
f 818/871/664 395/403/665 188/188/666 478/491/667
f 504/518/647 818/871/664 478/491/667 183/183/648
f 183/183/648 478/491/667 819/872/668 477/490/651
f 478/491/667 188/188/666 369/377/669 819/872/668
f 819/872/668 369/377/669 189/189/670 562/585/671
f 477/490/651 819/872/668 562/585/671 184/184/652
f 184/184/652 562/585/671 820/873/672 560/583/655
f 562/585/671 189/189/670 452/463/673 820/873/672
f 820/873/672 452/463/673 190/190/674 533/551/675
f 560/583/655 820/873/672 533/551/675 185/185/656
f 186/186/660 315/318/676 821/874/677 314/317/661
f 315/318/676 191/191/678 640/668/679 821/874/677
f 821/874/677 640/668/679 192/192/680 396/404/681
f 314/317/661 821/874/677 396/404/681 187/187/662
f 187/187/662 396/404/681 822/875/682 395/403/665
f 396/404/681 192/192/680 286/287/683 822/875/682
f 822/875/682 286/287/683 193/193/684 370/378/685
f 395/403/665 822/875/682 370/378/685 188/188/666
f 188/188/666 370/378/685 823/876/686 369/377/669
f 370/378/685 193/193/684 261/262/687 823/876/686
f 823/876/686 261/262/687 194/194/688 454/465/689
f 369/377/669 823/876/686 454/465/689 189/189/670
f 189/189/670 454/465/689 824/877/690 452/463/673
f 454/465/689 194/194/688 345/353/691 824/877/690
f 824/877/690 345/353/691 195/195/692 424/433/693
f 452/463/673 824/877/690 424/433/693 190/190/674
f 191/191/678 641/669/694 825/878/695 640/668/679
f 641/669/694 196/196/696 536/555/697 825/878/695
f 825/878/695 536/555/697 197/197/698 287/288/699
f 640/668/679 825/878/695 287/288/699 192/192/680
f 192/192/680 287/288/699 826/879/700 286/287/683
f 287/288/699 197/197/698 613/638/701 826/879/700
f 826/879/700 613/638/701 198/198/702 262/263/703
f 286/287/683 826/879/700 262/263/703 193/193/684
f 193/193/684 262/263/703 827/880/704 261/262/687
f 262/263/703 198/198/702 588/613/705 827/880/704
f 827/880/704 588/613/705 199/199/706 347/355/707
f 261/262/687 827/880/704 347/355/707 194/194/688
f 194/194/688 347/355/707 828/882/708 345/353/691
f 347/355/707 199/199/706 668/699/709 828/882/708
f 828/881/708 668/700/709 200/200/710 316/319/711
f 345/353/691 828/882/708 316/320/711 195/195/692
f 196/196/696 537/556/712 829/883/713 536/555/697
f 537/556/712 201/201/714 427/437/715 829/883/713
f 829/883/713 427/437/715 202/202/716 614/639/717
f 536/555/697 829/883/713 614/639/717 197/197/698
f 197/197/698 614/639/717 830/884/718 613/638/701
f 614/639/717 202/202/716 508/522/719 830/884/718
f 830/884/718 508/522/719 203/203/720 589/614/721
f 613/638/701 830/884/718 589/614/721 198/198/702
f 198/198/702 589/614/721 831/885/722 588/613/705
f 589/614/721 203/203/720 481/494/723 831/885/722
f 831/885/722 481/494/723 204/204/724 670/702/725
f 588/613/705 831/885/722 670/702/725 199/199/706
f 199/199/706 670/702/725 832/886/726 668/699/709
f 670/702/725 204/204/724 565/588/727 832/886/726
f 832/887/726 565/589/727 205/205/728 642/670/729
f 668/700/709 832/887/726 642/670/729 200/200/710
f 201/201/714 428/438/730 833/888/731 427/437/715
f 428/438/730 206/206/732 319/324/733 833/888/731
f 833/888/731 319/324/733 207/207/734 509/523/735
f 427/437/715 833/888/731 509/523/735 202/202/716
f 202/202/716 509/523/735 834/889/736 508/522/719
f 509/523/735 207/207/734 399/407/737 834/889/736
f 834/889/736 399/407/737 208/208/738 482/495/739
f 508/522/719 834/889/736 482/495/739 203/203/720
f 203/203/720 482/495/739 835/890/740 481/494/723
f 482/495/739 208/208/738 373/381/741 835/890/740
f 835/890/740 373/381/741 209/209/742 567/591/743
f 481/494/723 835/890/740 567/591/743 204/204/724
f 204/204/724 567/591/743 836/891/744 565/588/727
f 567/591/743 209/209/742 457/468/745 836/891/744
f 836/892/744 457/469/745 210/210/746 538/557/747
f 565/589/727 836/892/744 538/557/747 205/205/728
f 206/206/732 320/325/748 837/893/749 319/324/733
f 320/325/748 211/211/750 592/617/751 837/893/749
f 837/893/749 592/617/751 212/212/752 400/408/753
f 319/324/733 837/893/749 400/408/753 207/207/734
f 207/207/734 400/408/753 838/894/754 399/407/737
f 400/408/753 212/212/752 290/291/755 838/894/754
f 838/894/754 290/291/755 213/213/756 429/439/757
f 399/407/737 838/894/754 429/439/757 208/208/738
f 208/208/738 429/439/757 839/895/758 373/381/741
f 429/439/757 213/213/756 321/326/759 839/895/758
f 839/895/758 321/326/759 214/214/760 350/358/761
f 373/381/741 839/895/758 350/358/761 209/209/742
f 209/209/742 350/358/761 840/896/762 457/468/745
f 350/358/761 214/214/760 241/241/763 840/896/762
f 840/897/762 241/242/763 215/215/764 374/382/765
f 457/469/745 840/897/762 374/382/765 210/210/746
f 211/211/750 593/618/766 841/898/767 592/617/751
f 593/618/766 216/216/768 486/499/769 841/898/767
f 841/898/767 486/499/769 217/217/770 292/293/771
f 592/617/751 841/898/767 292/293/771 212/212/752
f 212/212/752 292/293/771 842/899/772 290/291/755
f 292/293/771 217/217/770 617/642/773 842/899/772
f 842/899/772 617/642/773 218/218/774 322/327/775
f 290/291/755 842/899/772 322/327/775 213/213/756
f 213/213/756 322/327/775 843/900/776 321/326/759
f 322/327/775 218/218/774 645/674/777 843/900/776
f 843/900/776 645/674/777 219/219/778 242/243/779
f 321/326/759 843/900/776 242/243/779 214/214/760
f 214/214/760 242/243/779 844/901/780 241/241/763
f 242/243/779 219/219/778 569/593/781 844/901/780
f 844/902/780 569/594/781 220/220/782 265/266/783
f 241/242/763 844/902/780 265/266/783 215/215/764
f 216/216/768 488/501/784 845/903/785 486/499/769
f 488/501/784 221/221/786 378/386/787 845/903/785
f 845/903/785 378/386/787 222/222/788 619/644/789
f 486/499/769 845/903/785 619/644/789 217/217/770
f 217/217/770 619/644/789 846/904/790 617/642/773
f 619/644/789 222/222/788 514/529/791 846/904/790
f 846/904/790 514/529/791 223/223/792 646/675/793
f 617/642/773 846/904/790 646/675/793 218/218/774
f 218/218/774 646/675/793 847/905/794 645/674/777
f 646/675/793 223/223/792 542/562/795 847/905/794
f 847/905/794 542/562/795 224/224/796 570/595/797
f 645/674/777 847/905/794 570/595/797 219/219/778
f 219/219/778 570/595/797 848/906/798 569/593/781
f 570/595/797 224/224/796 462/474/799 848/906/798
f 848/907/798 462/475/799 225/225/800 594/619/801
f 569/594/781 848/907/798 594/619/801 220/220/782
f 221/221/786 380/388/802 849/908/803 378/386/787
f 380/388/802 226/226/804 269/270/805 849/908/803
f 849/908/803 269/270/805 227/227/806 516/531/807
f 378/386/787 849/908/803 516/531/807 222/222/788
f 222/222/788 516/531/807 850/909/808 514/529/791
f 516/531/807 227/227/806 405/413/809 850/909/808
f 850/909/808 405/413/809 228/228/810 543/563/811
f 514/529/791 850/909/808 543/563/811 223/223/792
f 223/223/792 543/563/811 851/910/812 542/562/795
f 543/563/811 228/228/810 435/445/813 851/910/812
f 851/910/812 435/445/813 229/229/814 463/476/815
f 542/562/795 851/910/812 463/476/815 224/224/796
f 224/224/796 463/476/815 852/911/816 462/474/799
f 463/476/815 229/229/814 355/363/817 852/911/816
f 852/911/816 355/363/817 230/230/818 489/502/819
f 462/475/799 852/912/816 489/503/819 225/225/800
f 226/226/804 271/272/820 853/913/821 269/270/805
f 271/272/820 231/231/822 598/623/823 853/913/821
f 853/913/821 598/623/823 232/232/824 407/415/825
f 269/270/805 853/913/821 407/415/825 227/227/806
f 227/227/806 407/415/825 854/914/826 405/413/809
f 407/415/825 232/232/824 297/298/827 854/914/826
f 854/914/826 297/298/827 233/233/828 436/446/829
f 405/413/809 854/914/826 436/446/829 228/228/810
f 228/228/810 436/446/829 855/915/830 435/445/813
f 436/446/829 233/233/828 328/334/831 855/915/830
f 855/915/830 328/334/831 234/234/832 356/364/833
f 435/445/813 855/915/830 356/364/833 229/229/814
f 229/229/814 356/364/833 856/916/834 355/363/817
f 356/364/833 234/234/832 247/248/835 856/916/834
f 856/916/834 247/248/835 235/235/836 381/389/837
f 355/363/817 856/916/834 381/389/837 230/230/818
f 231/231/822 600/625/838 857/917/839 598/623/823
f 600/625/838 236/236/840 493/507/841 857/917/839
f 857/917/839 493/507/841 237/237/842 299/300/843
f 598/623/823 857/917/839 299/300/843 232/232/824
f 232/232/824 299/300/843 858/918/844 297/298/827
f 299/300/843 237/237/842 624/650/845 858/918/844
f 858/918/844 624/650/845 238/238/846 329/335/847
f 297/298/827 858/918/844 329/335/847 233/233/828
f 233/233/828 329/335/847 859/919/848 328/334/831
f 329/335/847 238/238/846 652/681/849 859/919/848
f 859/919/848 652/681/849 239/239/850 248/249/851
f 328/334/831 859/919/848 248/249/851 234/234/832
f 234/234/832 248/249/851 860/920/852 247/248/835
f 248/249/851 239/239/850 575/600/853 860/920/852
f 860/920/852 575/600/853 240/240/854 272/273/855
f 247/248/835 860/920/852 272/273/855 235/235/836
f 236/236/840 383/391/856 861/921/857 493/507/841
f 383/391/856 1/1/1 431/441/4 861/921/857
f 861/921/857 431/441/4 2/2/9 278/279/858
f 493/507/841 861/921/857 278/279/858 237/237/842
f 237/237/842 278/279/858 862/922/859 624/650/845
f 278/279/858 2/2/9 460/472/11 862/922/859
f 862/922/859 460/472/11 3/3/15 548/568/860
f 624/650/845 862/922/859 548/568/860 238/238/846
f 238/238/846 548/568/860 863/923/861 652/681/849
f 548/568/860 3/3/15 485/498/17 863/923/861
f 863/923/861 485/498/17 4/4/21 467/480/862
f 652/681/849 863/923/861 467/480/862 239/239/850
f 239/239/850 467/480/862 864/924/863 575/600/853
f 467/480/862 4/4/21 512/527/23 864/924/863
f 864/924/863 512/527/23 5/5/27 494/508/864
f 575/600/853 864/924/863 494/508/864 240/240/854
f 1077/1145/865 1987/2149/866 3555/3905/867 1993/2156/868
f 1987/2149/866 1078/1146/869 1994/2157/870 3555/3905/867
f 3555/3905/867 1994/2157/870 1085/1153/871 2000/2163/872
f 1993/2156/868 3555/3905/867 2000/2163/872 1084/1152/873
f 1078/1146/869 1988/2150/874 3556/3906/875 1994/2157/870
f 1988/2150/874 1079/1147/876 1995/2158/877 3556/3906/875
f 3556/3906/875 1995/2158/877 1086/1154/878 2001/2164/879
f 1994/2157/870 3556/3906/875 2001/2164/879 1085/1153/871
f 1079/1147/876 1989/2152/880 3557/3908/881 1995/2158/877
f 1989/2151/880 1080/1148/882 1996/2159/883 3557/3907/881
f 3557/3907/881 1996/2159/883 1087/1155/884 2002/2166/885
f 1995/2158/877 3557/3908/881 2002/2165/885 1086/1154/878
f 1080/1148/882 1990/2153/886 3558/3909/887 1996/2159/883
f 1990/2153/886 1081/1149/888 1997/2160/889 3558/3909/887
f 3558/3909/887 1997/2160/889 1088/1156/890 2003/2167/891
f 1996/2159/883 3558/3909/887 2003/2167/891 1087/1155/884
f 1081/1149/888 1991/2154/892 3559/3910/893 1997/2160/889
f 1991/2154/892 1082/1150/894 1998/2161/895 3559/3910/893
f 3559/3910/893 1998/2161/895 1089/1157/896 2004/2168/897
f 1997/2160/889 3559/3910/893 2004/2168/897 1088/1156/890
f 1082/1150/894 1992/2155/898 3560/3911/899 1998/2161/895
f 1992/2155/898 1083/1151/900 1999/2162/901 3560/3911/899
f 3560/3911/899 1999/2162/901 1090/1158/902 2005/2169/903
f 1998/2161/895 3560/3911/899 2005/2169/903 1089/1157/896
f 1084/1152/873 2000/2163/872 3561/3912/904 2006/2170/905
f 2000/2163/872 1085/1153/871 2007/2171/906 3561/3912/904
f 3561/3912/904 2007/2171/906 1092/1161/907 2013/2177/908
f 2006/2170/905 3561/3912/904 2013/2177/908 1091/1160/909
f 1085/1153/871 2001/2164/879 3562/3913/910 2007/2171/906
f 2001/2164/879 1086/1154/878 2008/2172/911 3562/3913/910
f 3562/3913/910 2008/2172/911 1093/1163/912 2014/2179/913
f 2007/2171/906 3562/3913/910 2014/2179/913 1092/1161/907
f 1086/1154/878 2002/2165/885 3563/3915/914 2008/2172/911
f 2002/2166/885 1087/1155/884 2009/2173/915 3563/3914/914
f 3563/3914/914 2009/2173/915 1094/1165/916 2015/2181/917
f 2008/2172/911 3563/3915/914 2015/2182/917 1093/1163/912
f 1087/1155/884 2003/2167/891 3564/3916/918 2009/2173/915
f 2003/2167/891 1088/1156/890 2010/2174/919 3564/3916/918
f 3564/3916/918 2010/2174/919 1095/1167/920 2016/2184/921
f 2009/2173/915 3564/3916/918 2016/2184/921 1094/1165/916
f 1088/1156/890 2004/2168/897 3565/3917/922 2010/2174/919
f 2004/2168/897 1089/1157/896 2011/2175/923 3565/3917/922
f 3565/3917/922 2011/2175/923 1096/1169/924 2017/2186/925
f 2010/2174/919 3565/3917/922 2017/2186/925 1095/1167/920
f 1089/1157/896 2005/2169/903 3566/3918/926 2011/2175/923
f 2005/2169/903 1090/1158/902 2012/2176/927 3566/3918/926
f 3566/3918/926 2012/2176/927 1097/1171/928 2018/2188/929
f 2011/2175/923 3566/3918/926 2018/2188/929 1096/1169/924
f 1091/1159/909 2013/2178/908 3567/3919/930 2019/2190/931
f 2013/2178/908 1092/1162/907 2020/2191/932 3567/3919/930
f 3567/3919/930 2020/2191/932 1099/1174/933 2026/2197/934
f 2019/2190/931 3567/3919/930 2026/2197/934 1098/1173/935
f 1092/1162/907 2014/2180/913 3568/3920/936 2020/2191/932
f 2014/2180/913 1093/1164/912 2021/2192/937 3568/3920/936
f 3568/3920/936 2021/2192/937 1100/1175/938 2027/2198/939
f 2020/2191/932 3568/3920/936 2027/2198/939 1099/1174/933
f 1093/1164/912 2015/2183/917 3569/3921/940 2021/2192/937
f 2015/2183/917 1094/1166/916 2022/2193/941 3569/3921/940
f 3569/3921/940 2022/2193/941 1101/1176/942 2028/2199/943
f 2021/2192/937 3569/3921/940 2028/2199/943 1100/1175/938
f 1094/1166/916 2016/2185/921 3570/3922/944 2022/2193/941
f 2016/2185/921 1095/1168/920 2023/2194/945 3570/3922/944
f 3570/3922/944 2023/2194/945 1102/1177/946 2029/2200/947
f 2022/2193/941 3570/3922/944 2029/2200/947 1101/1176/942
f 1095/1168/920 2017/2187/925 3571/3923/948 2023/2194/945
f 2017/2187/925 1096/1170/924 2024/2195/949 3571/3923/948
f 3571/3923/948 2024/2195/949 1103/1178/950 2030/2201/951
f 2023/2194/945 3571/3923/948 2030/2201/951 1102/1177/946
f 1096/1170/924 2018/2189/929 3572/3924/952 2024/2195/949
f 2018/2189/929 1097/1172/928 2025/2196/953 3572/3924/952
f 3572/3924/952 2025/2196/953 1104/1179/954 2031/2202/955
f 2024/2195/949 3572/3924/952 2031/2202/955 1103/1178/950
f 1098/1173/935 2026/2197/934 3573/3925/956 2032/2203/957
f 2026/2197/934 1099/1174/933 2033/2204/958 3573/3925/956
f 3573/3925/956 2033/2204/958 1106/1182/959 2039/2210/960
f 2032/2203/957 3573/3925/956 2039/2210/960 1105/1181/961
f 1099/1174/933 2027/2198/939 3574/3926/962 2033/2204/958
f 2027/2198/939 1100/1175/938 2034/2205/963 3574/3926/962
f 3574/3926/962 2034/2205/963 1107/1185/964 2040/2212/965
f 2033/2204/958 3574/3926/962 2040/2212/965 1106/1182/959
f 1100/1175/938 2028/2199/943 3575/3927/966 2034/2205/963
f 2028/2199/943 1101/1176/942 2035/2206/967 3575/3927/966
f 3575/3927/966 2035/2206/967 1108/1186/968 2041/2214/969
f 2034/2205/963 3575/3927/966 2041/2214/969 1107/1185/964
f 1101/1176/942 2029/2200/947 3576/3928/970 2035/2206/967
f 2029/2200/947 1102/1177/946 2036/2207/971 3576/3928/970
f 3576/3928/970 2036/2207/971 1109/1188/972 2042/2215/973
f 2035/2206/967 3576/3928/970 2042/2215/973 1108/1186/968
f 1102/1177/946 2030/2201/951 3577/3929/974 2036/2207/971
f 2030/2201/951 1103/1178/950 2037/2208/975 3577/3929/974
f 3577/3929/974 2037/2208/975 1110/1190/976 2043/2217/977
f 2036/2207/971 3577/3929/974 2043/2217/977 1109/1188/972
f 1103/1178/950 2031/2202/955 3578/3930/978 2037/2208/975
f 2031/2202/955 1104/1179/954 2038/2209/979 3578/3930/978
f 3578/3930/978 2038/2209/979 1111/1192/980 2044/2219/981
f 2037/2208/975 3578/3930/978 2044/2219/981 1110/1190/976
f 1105/1180/961 2039/2211/960 3579/3931/982 2045/2221/983
f 2039/2211/960 1106/1183/959 2046/2222/984 3579/3931/982
f 3579/3931/982 2046/2222/984 1113/1195/985 2052/2230/986
f 2045/2221/983 3579/3931/982 2052/2230/986 1112/1194/987
f 1106/1183/959 2040/2213/965 3580/3932/988 2046/2222/984
f 2040/2213/965 1107/1184/964 2047/2224/989 3580/3932/988
f 3580/3932/988 2047/2224/989 1114/1196/990 2053/2231/991
f 2046/2222/984 3580/3932/988 2053/2231/991 1113/1195/985
f 1107/1185/964 2041/2214/969 3581/3933/992 2047/2223/989
f 2041/2214/969 1108/1186/968 2048/2225/993 3581/3933/992
f 3581/3934/992 2048/2226/993 1115/1197/994 2054/2233/995
f 2047/2224/989 3581/3935/992 2054/2232/995 1114/1196/990
f 1108/1187/968 2042/2216/973 3582/3936/996 2048/2226/993
f 2042/2216/973 1109/1189/972 2049/2227/997 3582/3936/996
f 3582/3936/996 2049/2227/997 1116/1198/998 2055/2234/999
f 2048/2226/993 3582/3936/996 2055/2234/999 1115/1197/994
f 1109/1189/972 2043/2218/977 3583/3937/1000 2049/2227/997
f 2043/2218/977 1110/1191/976 2050/2228/1001 3583/3937/1000
f 3583/3937/1000 2050/2228/1001 1117/1199/1002 2056/2235/1003
f 2049/2227/997 3583/3937/1000 2056/2235/1003 1116/1198/998
f 1110/1191/976 2044/2220/981 3584/3938/1004 2050/2228/1001
f 2044/2220/981 1111/1193/980 2051/2229/1005 3584/3938/1004
f 3584/3938/1004 2051/2229/1005 1118/1200/1006 2057/2236/1007
f 2050/2228/1001 3584/3938/1004 2057/2236/1007 1117/1199/1002
f 1112/1194/987 2052/2230/986 3585/3939/1008 2058/2237/1009
f 2052/2230/986 1113/1195/985 2059/2238/1010 3585/3939/1008
f 3585/3939/1008 2059/2238/1010 1120/1202/1011 2065/2244/1012
f 2058/2237/1009 3585/3939/1008 2065/2244/1012 1119/1201/1013
f 1113/1195/985 2053/2231/991 3586/3940/1014 2059/2238/1010
f 2053/2231/991 1114/1196/990 2060/2239/1015 3586/3940/1014
f 3586/3940/1014 2060/2239/1015 1121/1203/1016 2066/2245/1017
f 2059/2238/1010 3586/3940/1014 2066/2245/1017 1120/1202/1011
f 1114/1196/990 2054/2232/995 3587/3942/1018 2060/2239/1015
f 2054/2233/995 1115/1197/994 2061/2240/1019 3587/3941/1018
f 3587/3941/1018 2061/2240/1019 1122/1204/1020 2067/2247/1021
f 2060/2239/1015 3587/3942/1018 2067/2246/1021 1121/1203/1016
f 1115/1197/994 2055/2234/999 3588/3943/1022 2061/2240/1019
f 2055/2234/999 1116/1198/998 2062/2241/1023 3588/3943/1022
f 3588/3943/1022 2062/2241/1023 1123/1205/1024 2068/2248/1025
f 2061/2240/1019 3588/3943/1022 2068/2248/1025 1122/1204/1020
f 1116/1198/998 2056/2235/1003 3589/3944/1026 2062/2241/1023
f 2056/2235/1003 1117/1199/1002 2063/2242/1027 3589/3944/1026
f 3589/3944/1026 2063/2242/1027 1124/1206/1028 2069/2249/1029
f 2062/2241/1023 3589/3944/1026 2069/2249/1029 1123/1205/1024
f 1117/1199/1002 2057/2236/1007 3590/3945/1030 2063/2242/1027
f 2057/2236/1007 1118/1200/1006 2064/2243/1031 3590/3945/1030
f 3590/3945/1030 2064/2243/1031 1125/1207/1032 2070/2250/1033
f 2063/2242/1027 3590/3945/1030 2070/2250/1033 1124/1206/1028
f 871/931/1034 1818/1969/1035 3591/3946/1036 1906/2064/1037
f 1818/1969/1035 929/989/1038 2071/2251/1039 3591/3946/1036
f 3591/3946/1036 2071/2251/1039 1077/1145/865 2098/2282/1040
f 1906/2064/1037 3591/3946/1036 2098/2282/1040 1006/1070/1041
f 929/989/1038 1817/1968/1042 3592/3947/1043 2071/2251/1039
f 1817/1968/1042 928/988/1044 2072/2252/1045 3592/3947/1043
f 3592/3947/1043 2072/2252/1045 1078/1146/869 1987/2149/866
f 2071/2251/1039 3592/3947/1043 1987/2149/866 1077/1145/865
f 928/988/1044 1816/1967/1046 3593/3948/1047 2072/2252/1045
f 1816/1967/1046 927/987/1048 2073/2253/1049 3593/3948/1047
f 3593/3948/1047 2073/2253/1049 1079/1147/876 1988/2150/874
f 2072/2252/1045 3593/3948/1047 1988/2150/874 1078/1146/869
f 927/987/1048 1815/1966/1050 3594/3950/1051 2073/2253/1049
f 1815/1965/1050 926/986/1052 2074/2254/1053 3594/3949/1051
f 3594/3949/1051 2074/2254/1053 1080/1148/882 1989/2151/880
f 2073/2253/1049 3594/3950/1051 1989/2152/880 1079/1147/876
f 926/986/1052 1814/1964/1054 3595/3951/1055 2074/2254/1053
f 1814/1964/1054 925/985/1056 2075/2255/1057 3595/3951/1055
f 3595/3951/1055 2075/2255/1057 1081/1149/888 1990/2153/886
f 2074/2254/1053 3595/3951/1055 1990/2153/886 1080/1148/882
f 925/985/1056 1813/1963/1058 3596/3952/1059 2075/2255/1057
f 1813/1963/1058 924/984/1060 2076/2256/1061 3596/3952/1059
f 3596/3952/1059 2076/2256/1061 1082/1150/894 1991/2154/892
f 2075/2255/1057 3596/3952/1059 1991/2154/892 1081/1149/888
f 924/984/1060 1812/1962/1062 3597/3953/1063 2076/2256/1061
f 1812/1962/1062 923/983/1064 2077/2257/1065 3597/3953/1063
f 3597/3953/1063 2077/2257/1065 1083/1151/900 1992/2155/898
f 2076/2256/1061 3597/3953/1063 1992/2155/898 1082/1150/894
f 923/983/1064 1811/1961/1066 3598/3954/1067 2077/2257/1065
f 1811/1961/1066 867/927/1068 1891/2049/1069 3598/3954/1067
f 3598/3954/1067 1891/2049/1069 993/1053/1070 2078/2258/1071
f 2077/2257/1065 3598/3954/1067 2078/2258/1071 1083/1151/900
f 1083/1151/900 2078/2258/1071 3599/3955/1072 1999/2162/901
f 2078/2258/1071 993/1053/1070 1892/2050/1073 3599/3955/1072
f 3599/3955/1072 1892/2050/1073 994/1054/1074 2079/2259/1075
f 1999/2162/901 3599/3955/1072 2079/2259/1075 1090/1158/902
f 1090/1158/902 2079/2259/1075 3600/3956/1076 2012/2176/927
f 2079/2259/1075 994/1054/1074 1893/2051/1077 3600/3956/1076
f 3600/3956/1076 1893/2051/1077 995/1056/1078 2080/2260/1079
f 2012/2176/927 3600/3956/1076 2080/2260/1079 1097/1171/928
f 1097/1172/928 2080/2261/1079 3601/3957/1080 2025/2196/953
f 2080/2261/1079 995/1055/1078 1894/2052/1081 3601/3957/1080
f 3601/3957/1080 1894/2052/1081 996/1057/1082 2081/2262/1083
f 2025/2196/953 3601/3957/1080 2081/2262/1083 1104/1179/954
f 1104/1179/954 2081/2262/1083 3602/3958/1084 2038/2209/979
f 2081/2262/1083 996/1057/1082 1895/2053/1085 3602/3958/1084
f 3602/3958/1084 1895/2053/1085 997/1059/1086 2082/2263/1087
f 2038/2209/979 3602/3958/1084 2082/2263/1087 1111/1192/980
f 1111/1193/980 2082/2264/1087 3603/3959/1088 2051/2229/1005
f 2082/2264/1087 997/1058/1086 1896/2054/1089 3603/3959/1088
f 3603/3959/1088 1896/2054/1089 998/1060/1090 2083/2265/1091
f 2051/2229/1005 3603/3959/1088 2083/2265/1091 1118/1200/1006
f 1118/1200/1006 2083/2265/1091 3604/3960/1092 2064/2243/1031
f 2083/2265/1091 998/1060/1090 1897/2055/1093 3604/3960/1092
f 3604/3960/1092 1897/2055/1093 999/1061/1094 2084/2266/1095
f 2064/2243/1031 3604/3960/1092 2084/2266/1095 1125/1207/1032
f 1125/1207/1032 2084/2266/1095 3605/3961/1096 2085/2267/1097
f 2084/2266/1095 999/1061/1094 1898/2056/1098 3605/3961/1096
f 3605/3961/1096 1898/2056/1098 873/933/1099 1859/2013/1100
f 2085/2267/1097 3605/3961/1096 1859/2013/1100 965/1025/1101
f 1124/1206/1028 2070/2250/1033 3606/3962/1102 2086/2268/1103
f 2070/2250/1033 1125/1207/1032 2085/2267/1097 3606/3962/1102
f 3606/3962/1102 2085/2267/1097 965/1025/1101 1860/2014/1104
f 2086/2268/1103 3606/3962/1102 1860/2014/1104 966/1026/1105
f 1123/1205/1024 2069/2249/1029 3607/3963/1106 2087/2269/1107
f 2069/2249/1029 1124/1206/1028 2086/2268/1103 3607/3963/1106
f 3607/3963/1106 2086/2268/1103 966/1026/1105 1861/2015/1108
f 2087/2269/1107 3607/3963/1106 1861/2015/1108 967/1027/1109
f 1122/1204/1020 2068/2248/1025 3608/3964/1110 2088/2270/1111
f 2068/2248/1025 1123/1205/1024 2087/2269/1107 3608/3964/1110
f 3608/3964/1110 2087/2269/1107 967/1027/1109 1862/2016/1112
f 2088/2270/1111 3608/3964/1110 1862/2016/1112 968/1028/1113
f 1121/1203/1016 2067/2246/1021 3609/3966/1114 2089/2271/1115
f 2067/2247/1021 1122/1204/1020 2088/2270/1111 3609/3965/1114
f 3609/3965/1114 2088/2270/1111 968/1028/1113 1863/2018/1116
f 2089/2271/1115 3609/3966/1114 1863/2017/1116 969/1029/1117
f 1120/1202/1011 2066/2245/1017 3610/3967/1118 2090/2272/1119
f 2066/2245/1017 1121/1203/1016 2089/2271/1115 3610/3967/1118
f 3610/3967/1118 2089/2271/1115 969/1029/1117 1864/2019/1120
f 2090/2272/1119 3610/3967/1118 1864/2019/1120 970/1030/1121
f 1119/1201/1013 2065/2244/1012 3611/3968/1122 2091/2273/1123
f 2065/2244/1012 1120/1202/1011 2090/2272/1119 3611/3968/1122
f 3611/3968/1122 2090/2272/1119 970/1030/1121 1865/2020/1124
f 2091/2273/1123 3611/3968/1122 1865/2020/1124 971/1031/1125
f 1000/1062/1126 2092/2274/1127 3612/3969/1128 1899/2057/1129
f 2092/2274/1127 1119/1201/1013 2091/2273/1123 3612/3969/1128
f 3612/3969/1128 2091/2273/1123 971/1031/1125 1866/2021/1130
f 1899/2057/1129 3612/3969/1128 1866/2021/1130 874/934/1131
f 1001/1063/1132 2093/2275/1133 3613/3970/1134 1900/2058/1135
f 2093/2275/1133 1112/1194/987 2058/2237/1009 3613/3970/1134
f 3613/3970/1134 2058/2237/1009 1119/1201/1013 2092/2274/1127
f 1900/2058/1135 3613/3970/1134 2092/2274/1127 1000/1062/1126
f 1002/1065/1136 2094/2276/1137 3614/3971/1138 1901/2059/1139
f 2094/2276/1137 1105/1180/961 2045/2221/983 3614/3971/1138
f 3614/3971/1138 2045/2221/983 1112/1194/987 2093/2275/1133
f 1901/2059/1139 3614/3971/1138 2093/2275/1133 1001/1063/1132
f 1003/1066/1140 2095/2278/1141 3615/3972/1142 1902/2060/1143
f 2095/2278/1141 1098/1173/935 2032/2203/957 3615/3972/1142
f 3615/3972/1142 2032/2203/957 1105/1181/961 2094/2277/1137
f 1902/2060/1143 3615/3972/1142 2094/2277/1137 1002/1064/1136
f 1004/1068/1144 2096/2279/1145 3616/3973/1146 1903/2061/1147
f 2096/2279/1145 1091/1159/909 2019/2190/931 3616/3973/1146
f 3616/3973/1146 2019/2190/931 1098/1173/935 2095/2278/1141
f 1903/2061/1147 3616/3973/1146 2095/2278/1141 1003/1066/1140
f 1005/1069/1148 2097/2281/1149 3617/3974/1150 1904/2062/1151
f 2097/2281/1149 1084/1152/873 2006/2170/905 3617/3974/1150
f 3617/3974/1150 2006/2170/905 1091/1160/909 2096/2280/1145
f 1904/2062/1151 3617/3974/1150 2096/2280/1145 1004/1067/1144
f 1006/1070/1041 2098/2282/1040 3618/3975/1152 1905/2063/1153
f 2098/2282/1040 1077/1145/865 1993/2156/868 3618/3975/1152
f 3618/3975/1152 1993/2156/868 1084/1152/873 2097/2281/1149
f 1905/2063/1153 3618/3975/1152 2097/2281/1149 1005/1069/1148
f 1126/1208/1154 2099/2283/1155 3619/3976/1156 2105/2290/1157
f 2099/2283/1155 1127/1209/1158 2106/2291/1159 3619/3976/1156
f 3619/3976/1156 2106/2291/1159 1134/1216/1160 2112/2297/1161
f 2105/2290/1157 3619/3976/1156 2112/2297/1161 1133/1215/1162
f 1127/1209/1158 2100/2284/1163 3620/3977/1164 2106/2291/1159
f 2100/2284/1163 1128/1210/1165 2107/2292/1166 3620/3977/1164
f 3620/3977/1164 2107/2292/1166 1135/1217/1167 2113/2298/1168
f 2106/2291/1159 3620/3977/1164 2113/2298/1168 1134/1216/1160
f 1128/1210/1165 2101/2286/1169 3621/3979/1170 2107/2292/1166
f 2101/2285/1169 1129/1211/1171 2108/2293/1172 3621/3978/1170
f 3621/3978/1170 2108/2293/1172 1136/1218/1173 2114/2300/1174
f 2107/2292/1166 3621/3979/1170 2114/2299/1174 1135/1217/1167
f 1129/1211/1171 2102/2287/1175 3622/3980/1176 2108/2293/1172
f 2102/2287/1175 1130/1212/1177 2109/2294/1178 3622/3980/1176
f 3622/3980/1176 2109/2294/1178 1137/1219/1179 2115/2301/1180
f 2108/2293/1172 3622/3980/1176 2115/2301/1180 1136/1218/1173
f 1130/1212/1177 2103/2288/1181 3623/3981/1182 2109/2294/1178
f 2103/2288/1181 1131/1213/1183 2110/2295/1184 3623/3981/1182
f 3623/3981/1182 2110/2295/1184 1138/1220/1185 2116/2302/1186
f 2109/2294/1178 3623/3981/1182 2116/2302/1186 1137/1219/1179
f 1131/1213/1183 2104/2289/1187 3624/3982/1188 2110/2295/1184
f 2104/2289/1187 1132/1214/1189 2111/2296/1190 3624/3982/1188
f 3624/3982/1188 2111/2296/1190 1139/1221/1191 2117/2303/1192
f 2110/2295/1184 3624/3982/1188 2117/2303/1192 1138/1220/1185
f 1133/1215/1162 2112/2297/1161 3625/3983/1193 2118/2304/1194
f 2112/2297/1161 1134/1216/1160 2119/2305/1195 3625/3983/1193
f 3625/3983/1193 2119/2305/1195 1141/1223/1196 2125/2311/1197
f 2118/2304/1194 3625/3983/1193 2125/2311/1197 1140/1222/1198
f 1134/1216/1160 2113/2298/1168 3626/3984/1199 2119/2305/1195
f 2113/2298/1168 1135/1217/1167 2120/2306/1200 3626/3984/1199
f 3626/3984/1199 2120/2306/1200 1142/1224/1201 2126/2312/1202
f 2119/2305/1195 3626/3984/1199 2126/2312/1202 1141/1223/1196
f 1135/1217/1167 2114/2299/1174 3627/3986/1203 2120/2306/1200
f 2114/2300/1174 1136/1218/1173 2121/2307/1204 3627/3985/1203
f 3627/3985/1203 2121/2307/1204 1143/1225/1205 2127/2314/1206
f 2120/2306/1200 3627/3986/1203 2127/2313/1206 1142/1224/1201
f 1136/1218/1173 2115/2301/1180 3628/3987/1207 2121/2307/1204
f 2115/2301/1180 1137/1219/1179 2122/2308/1208 3628/3987/1207
f 3628/3987/1207 2122/2308/1208 1144/1226/1209 2128/2315/1210
f 2121/2307/1204 3628/3987/1207 2128/2315/1210 1143/1225/1205
f 1137/1219/1179 2116/2302/1186 3629/3988/1211 2122/2308/1208
f 2116/2302/1186 1138/1220/1185 2123/2309/1212 3629/3988/1211
f 3629/3988/1211 2123/2309/1212 1145/1227/1213 2129/2316/1214
f 2122/2308/1208 3629/3988/1211 2129/2316/1214 1144/1226/1209
f 1138/1220/1185 2117/2303/1192 3630/3989/1215 2123/2309/1212
f 2117/2303/1192 1139/1221/1191 2124/2310/1216 3630/3989/1215
f 3630/3989/1215 2124/2310/1216 1146/1228/1217 2130/2317/1218
f 2123/2309/1212 3630/3989/1215 2130/2317/1218 1145/1227/1213
f 1140/1222/1198 2125/2311/1197 3631/3990/1219 2131/2318/1220
f 2125/2311/1197 1141/1223/1196 2132/2319/1221 3631/3990/1219
f 3631/3990/1219 2132/2319/1221 1148/1230/1222 2138/2326/1223
f 2131/2318/1220 3631/3990/1219 2138/2326/1223 1147/1229/1224
f 1141/1223/1196 2126/2312/1202 3632/3991/1225 2132/2319/1221
f 2126/2312/1202 1142/1224/1201 2133/2320/1226 3632/3991/1225
f 3632/3991/1225 2133/2320/1226 1149/1231/1227 2139/2327/1228
f 2132/2319/1221 3632/3991/1225 2139/2327/1228 1148/1230/1222
f 1142/1224/1201 2127/2313/1206 3633/3993/1229 2133/2320/1226
f 2127/2314/1206 1143/1225/1205 2134/2322/1230 3633/3992/1229
f 3633/3993/1229 2134/2321/1230 1150/1232/1231 2140/2328/1232
f 2133/2320/1226 3633/3993/1229 2140/2328/1232 1149/1231/1227
f 1143/1225/1205 2128/2315/1210 3634/3994/1233 2134/2322/1230
f 2128/2315/1210 1144/1226/1209 2135/2323/1234 3634/3994/1233
f 3634/3994/1233 2135/2323/1234 1151/1234/1235 2141/2329/1236
f 2134/2322/1230 3634/3994/1233 2141/2329/1236 1150/1233/1231
f 1144/1226/1209 2129/2316/1214 3635/3995/1237 2135/2323/1234
f 2129/2316/1214 1145/1227/1213 2136/2324/1238 3635/3995/1237
f 3635/3995/1237 2136/2324/1238 1152/1235/1239 2142/2330/1240
f 2135/2323/1234 3635/3995/1237 2142/2330/1240 1151/1234/1235
f 1145/1227/1213 2130/2317/1218 3636/3996/1241 2136/2324/1238
f 2130/2317/1218 1146/1228/1217 2137/2325/1242 3636/3996/1241
f 3636/3996/1241 2137/2325/1242 1153/1236/1243 2143/2331/1244
f 2136/2324/1238 3636/3996/1241 2143/2331/1244 1152/1235/1239
f 1147/1229/1224 2138/2326/1223 3637/3997/1245 2144/2332/1246
f 2138/2326/1223 1148/1230/1222 2145/2333/1247 3637/3997/1245
f 3637/3997/1245 2145/2333/1247 1155/1238/1248 2151/2344/1249
f 2144/2332/1246 3637/3997/1245 2151/2344/1249 1154/1237/1250
f 1148/1230/1222 2139/2327/1228 3638/3998/1251 2145/2333/1247
f 2139/2327/1228 1149/1231/1227 2146/2334/1252 3638/3998/1251
f 3638/3998/1251 2146/2334/1252 1156/1239/1253 2152/2345/1254
f 2145/2333/1247 3638/3998/1251 2152/2345/1254 1155/1238/1248
f 1149/1231/1227 2140/2328/1232 3639/3999/1255 2146/2334/1252
f 2140/2328/1232 1150/1232/1231 2147/2335/1256 3639/3999/1255
f 3639/3999/1255 2147/2335/1256 1157/1240/1257 2153/2346/1258
f 2146/2334/1252 3639/3999/1255 2153/2346/1258 1156/1239/1253
f 1150/1233/1231 2141/2329/1236 3640/4000/1259 2147/2336/1256
f 2141/2329/1236 1151/1234/1235 2148/2338/1260 3640/4000/1259
f 3640/4001/1259 2148/2339/1260 1158/1242/1261 2154/2347/1262
f 2147/2337/1256 3640/4001/1259 2154/2347/1262 1157/1241/1257
f 1151/1234/1235 2142/2330/1240 3641/4002/1263 2148/2338/1260
f 2142/2330/1240 1152/1235/1239 2149/2340/1264 3641/4002/1263
f 3641/4003/1263 2149/2341/1264 1159/1243/1265 2155/2348/1266
f 2148/2339/1260 3641/4003/1263 2155/2348/1266 1158/1242/1261
f 1152/1235/1239 2143/2331/1244 3642/4004/1267 2149/2340/1264
f 2143/2331/1244 1153/1236/1243 2150/2342/1268 3642/4004/1267
f 3642/4005/1267 2150/2343/1268 1160/1244/1269 2156/2349/1270
f 2149/2341/1264 3642/4005/1267 2156/2349/1270 1159/1243/1265
f 1154/1237/1250 2151/2344/1249 3643/4006/1271 2157/2350/1272
f 2151/2344/1249 1155/1238/1248 2158/2351/1273 3643/4006/1271
f 3643/4006/1271 2158/2351/1273 1162/1246/1274 2164/2358/1275
f 2157/2350/1272 3643/4006/1271 2164/2358/1275 1161/1245/1276
f 1155/1238/1248 2152/2345/1254 3644/4007/1277 2158/2351/1273
f 2152/2345/1254 1156/1239/1253 2159/2352/1278 3644/4007/1277
f 3644/4007/1277 2159/2352/1278 1163/1247/1279 2165/2359/1280
f 2158/2351/1273 3644/4007/1277 2165/2359/1280 1162/1246/1274
f 1156/1239/1253 2153/2346/1258 3645/4009/1281 2159/2352/1278
f 2153/2346/1258 1157/1240/1257 2160/2353/1282 3645/4009/1281
f 3645/4008/1281 2160/2354/1282 1164/1248/1283 2166/2361/1284
f 2159/2352/1278 3645/4009/1281 2166/2360/1284 1163/1247/1279
f 1157/1241/1257 2154/2347/1262 3646/4010/1285 2160/2354/1282
f 2154/2347/1262 1158/1242/1261 2161/2355/1286 3646/4010/1285
f 3646/4010/1285 2161/2355/1286 1165/1249/1287 2167/2362/1288
f 2160/2354/1282 3646/4010/1285 2167/2362/1288 1164/1248/1283
f 1158/1242/1261 2155/2348/1266 3647/4011/1289 2161/2355/1286
f 2155/2348/1266 1159/1243/1265 2162/2356/1290 3647/4011/1289
f 3647/4011/1289 2162/2356/1290 1166/1250/1291 2168/2363/1292
f 2161/2355/1286 3647/4011/1289 2168/2363/1292 1165/1249/1287
f 1159/1243/1265 2156/2349/1270 3648/4012/1293 2162/2356/1290
f 2156/2349/1270 1160/1244/1269 2163/2357/1294 3648/4012/1293
f 3648/4012/1293 2163/2357/1294 1167/1251/1295 2169/2364/1296
f 2162/2356/1290 3648/4012/1293 2169/2364/1296 1166/1250/1291
f 1161/1245/1276 2164/2358/1275 3649/4013/1297 2170/2365/1298
f 2164/2358/1275 1162/1246/1274 2171/2366/1299 3649/4013/1297
f 3649/4013/1297 2171/2366/1299 1169/1253/1300 2177/2372/1301
f 2170/2365/1298 3649/4013/1297 2177/2372/1301 1168/1252/1302
f 1162/1246/1274 2165/2359/1280 3650/4014/1303 2171/2366/1299
f 2165/2359/1280 1163/1247/1279 2172/2367/1304 3650/4014/1303
f 3650/4014/1303 2172/2367/1304 1170/1254/1305 2178/2373/1306
f 2171/2366/1299 3650/4014/1303 2178/2373/1306 1169/1253/1300
f 1163/1247/1279 2166/2360/1284 3651/4016/1307 2172/2367/1304
f 2166/2361/1284 1164/1248/1283 2173/2368/1308 3651/4015/1307
f 3651/4015/1307 2173/2368/1308 1171/1255/1309 2179/2375/1310
f 2172/2367/1304 3651/4016/1307 2179/2374/1310 1170/1254/1305
f 1164/1248/1283 2167/2362/1288 3652/4017/1311 2173/2368/1308
f 2167/2362/1288 1165/1249/1287 2174/2369/1312 3652/4017/1311
f 3652/4017/1311 2174/2369/1312 1172/1256/1313 2180/2376/1314
f 2173/2368/1308 3652/4017/1311 2180/2376/1314 1171/1255/1309
f 1165/1249/1287 2168/2363/1292 3653/4018/1315 2174/2369/1312
f 2168/2363/1292 1166/1250/1291 2175/2370/1316 3653/4018/1315
f 3653/4018/1315 2175/2370/1316 1173/1257/1317 2181/2377/1318
f 2174/2369/1312 3653/4018/1315 2181/2377/1318 1172/1256/1313
f 1166/1250/1291 2169/2364/1296 3654/4019/1319 2175/2370/1316
f 2169/2364/1296 1167/1251/1295 2176/2371/1320 3654/4019/1319
f 3654/4019/1319 2176/2371/1320 1174/1258/1321 2182/2378/1322
f 2175/2370/1316 3654/4019/1319 2182/2378/1322 1173/1257/1317
f 868/928/1323 1802/1951/1324 3655/4020/1325 1834/1986/1326
f 1802/1951/1324 915/975/1327 2183/2379/1328 3655/4020/1325
f 3655/4020/1325 2183/2379/1328 1126/1208/1154 2210/2406/1329
f 1834/1986/1326 3655/4020/1325 2210/2406/1329 943/1003/1330
f 915/975/1327 1801/1950/1331 3656/4021/1332 2183/2379/1328
f 1801/1950/1331 914/974/1333 2184/2380/1334 3656/4021/1332
f 3656/4021/1332 2184/2380/1334 1127/1209/1158 2099/2283/1155
f 2183/2379/1328 3656/4021/1332 2099/2283/1155 1126/1208/1154
f 914/974/1333 1800/1949/1335 3657/4022/1336 2184/2380/1334
f 1800/1949/1335 913/973/1337 2185/2381/1338 3657/4022/1336
f 3657/4022/1336 2185/2381/1338 1128/1210/1165 2100/2284/1163
f 2184/2380/1334 3657/4022/1336 2100/2284/1163 1127/1209/1158
f 913/973/1337 1799/1948/1339 3658/4024/1340 2185/2381/1338
f 1799/1947/1339 912/972/1341 2186/2382/1342 3658/4023/1340
f 3658/4023/1340 2186/2382/1342 1129/1211/1171 2101/2285/1169
f 2185/2381/1338 3658/4024/1340 2101/2286/1169 1128/1210/1165
f 912/972/1341 1798/1946/1343 3659/4025/1344 2186/2382/1342
f 1798/1946/1343 911/971/1345 2187/2383/1346 3659/4025/1344
f 3659/4025/1344 2187/2383/1346 1130/1212/1177 2102/2287/1175
f 2186/2382/1342 3659/4025/1344 2102/2287/1175 1129/1211/1171
f 911/971/1345 1797/1945/1347 3660/4026/1348 2187/2383/1346
f 1797/1945/1347 910/970/1349 2188/2384/1350 3660/4026/1348
f 3660/4026/1348 2188/2384/1350 1131/1213/1183 2103/2288/1181
f 2187/2383/1346 3660/4026/1348 2103/2288/1181 1130/1212/1177
f 910/970/1349 1796/1944/1351 3661/4027/1352 2188/2384/1350
f 1796/1944/1351 909/969/1353 2189/2385/1354 3661/4027/1352
f 3661/4027/1352 2189/2385/1354 1132/1214/1189 2104/2289/1187
f 2188/2384/1350 3661/4027/1352 2104/2289/1187 1131/1213/1183
f 909/969/1353 1795/1943/1355 3662/4028/1356 2189/2385/1354
f 1795/1943/1355 867/927/1068 1811/1961/1066 3662/4028/1356
f 3662/4028/1356 1811/1961/1066 923/983/1064 2190/2386/1357
f 2189/2385/1354 3662/4028/1356 2190/2386/1357 1132/1214/1189
f 1132/1214/1189 2190/2386/1357 3663/4029/1358 2111/2296/1190
f 2190/2386/1357 923/983/1064 1812/1962/1062 3663/4029/1358
f 3663/4029/1358 1812/1962/1062 924/984/1060 2191/2387/1359
f 2111/2296/1190 3663/4029/1358 2191/2387/1359 1139/1221/1191
f 1139/1221/1191 2191/2387/1359 3664/4030/1360 2124/2310/1216
f 2191/2387/1359 924/984/1060 1813/1963/1058 3664/4030/1360
f 3664/4030/1360 1813/1963/1058 925/985/1056 2192/2388/1361
f 2124/2310/1216 3664/4030/1360 2192/2388/1361 1146/1228/1217
f 1146/1228/1217 2192/2388/1361 3665/4031/1362 2137/2325/1242
f 2192/2388/1361 925/985/1056 1814/1964/1054 3665/4031/1362
f 3665/4031/1362 1814/1964/1054 926/986/1052 2193/2389/1363
f 2137/2325/1242 3665/4031/1362 2193/2389/1363 1153/1236/1243
f 1153/1236/1243 2193/2389/1363 3666/4032/1364 2150/2342/1268
f 2193/2389/1363 926/986/1052 1815/1965/1050 3666/4032/1364
f 3666/4033/1364 1815/1966/1050 927/987/1048 2194/2390/1365
f 2150/2343/1268 3666/4033/1364 2194/2390/1365 1160/1244/1269
f 1160/1244/1269 2194/2390/1365 3667/4034/1366 2163/2357/1294
f 2194/2390/1365 927/987/1048 1816/1967/1046 3667/4034/1366
f 3667/4034/1366 1816/1967/1046 928/988/1044 2195/2391/1367
f 2163/2357/1294 3667/4034/1366 2195/2391/1367 1167/1251/1295
f 1167/1251/1295 2195/2391/1367 3668/4035/1368 2176/2371/1320
f 2195/2391/1367 928/988/1044 1817/1968/1042 3668/4035/1368
f 3668/4035/1368 1817/1968/1042 929/989/1038 2196/2392/1369
f 2176/2371/1320 3668/4035/1368 2196/2392/1369 1174/1258/1321
f 1174/1258/1321 2196/2392/1369 3669/4036/1370 2197/2393/1371
f 2196/2392/1369 929/989/1038 1818/1969/1035 3669/4036/1370
f 3669/4036/1370 1818/1969/1035 871/931/1034 1794/1942/1372
f 2197/2393/1371 3669/4036/1370 1794/1942/1372 908/968/1373
f 1173/1257/1317 2182/2378/1322 3670/4037/1374 2198/2394/1375
f 2182/2378/1322 1174/1258/1321 2197/2393/1371 3670/4037/1374
f 3670/4037/1374 2197/2393/1371 908/968/1373 1793/1941/1376
f 2198/2394/1375 3670/4037/1374 1793/1941/1376 907/967/1377
f 1172/1256/1313 2181/2377/1318 3671/4038/1378 2199/2395/1379
f 2181/2377/1318 1173/1257/1317 2198/2394/1375 3671/4038/1378
f 3671/4038/1378 2198/2394/1375 907/967/1377 1792/1940/1380
f 2199/2395/1379 3671/4038/1378 1792/1940/1380 906/966/1381
f 1171/1255/1309 2180/2376/1314 3672/4039/1382 2200/2396/1383
f 2180/2376/1314 1172/1256/1313 2199/2395/1379 3672/4039/1382
f 3672/4039/1382 2199/2395/1379 906/966/1381 1791/1939/1384
f 2200/2396/1383 3672/4039/1382 1791/1939/1384 905/965/1385
f 1170/1254/1305 2179/2374/1310 3673/4041/1386 2201/2397/1387
f 2179/2375/1310 1171/1255/1309 2200/2396/1383 3673/4040/1386
f 3673/4040/1386 2200/2396/1383 905/965/1385 1790/1938/1388
f 2201/2397/1387 3673/4041/1386 1790/1937/1388 904/964/1389
f 1169/1253/1300 2178/2373/1306 3674/4042/1390 2202/2398/1391
f 2178/2373/1306 1170/1254/1305 2201/2397/1387 3674/4042/1390
f 3674/4042/1390 2201/2397/1387 904/964/1389 1789/1936/1392
f 2202/2398/1391 3674/4042/1390 1789/1936/1392 903/963/1393
f 1168/1252/1302 2177/2372/1301 3675/4043/1394 2203/2399/1395
f 2177/2372/1301 1169/1253/1300 2202/2398/1391 3675/4043/1394
f 3675/4043/1394 2202/2398/1391 903/963/1393 1788/1935/1396
f 2203/2399/1395 3675/4043/1394 1788/1935/1396 902/962/1397
f 937/997/1398 2204/2400/1399 3676/4044/1400 1827/1979/1401
f 2204/2400/1399 1168/1252/1302 2203/2399/1395 3676/4044/1400
f 3676/4044/1400 2203/2399/1395 902/962/1397 1787/1934/1402
f 1827/1979/1401 3676/4044/1400 1787/1934/1402 872/932/1403
f 938/998/1404 2205/2401/1405 3677/4045/1406 1828/1980/1407
f 2205/2401/1405 1161/1245/1276 2170/2365/1298 3677/4045/1406
f 3677/4045/1406 2170/2365/1298 1168/1252/1302 2204/2400/1399
f 1828/1980/1407 3677/4045/1406 2204/2400/1399 937/997/1398
f 939/999/1408 2206/2402/1409 3678/4046/1410 1829/1981/1411
f 2206/2402/1409 1154/1237/1250 2157/2350/1272 3678/4046/1410
f 3678/4046/1410 2157/2350/1272 1161/1245/1276 2205/2401/1405
f 1829/1981/1411 3678/4046/1410 2205/2401/1405 938/998/1404
f 940/1000/1412 2207/2403/1413 3679/4047/1414 1830/1982/1415
f 2207/2403/1413 1147/1229/1224 2144/2332/1246 3679/4047/1414
f 3679/4047/1414 2144/2332/1246 1154/1237/1250 2206/2402/1409
f 1830/1982/1415 3679/4047/1414 2206/2402/1409 939/999/1408
f 941/1001/1416 2208/2404/1417 3680/4048/1418 1831/1983/1419
f 2208/2404/1417 1140/1222/1198 2131/2318/1220 3680/4048/1418
f 3680/4048/1418 2131/2318/1220 1147/1229/1224 2207/2403/1413
f 1831/1983/1419 3680/4048/1418 2207/2403/1413 940/1000/1412
f 942/1002/1420 2209/2405/1421 3681/4049/1422 1832/1984/1423
f 2209/2405/1421 1133/1215/1162 2118/2304/1194 3681/4049/1422
f 3681/4049/1422 2118/2304/1194 1140/1222/1198 2208/2404/1417
f 1832/1984/1423 3681/4049/1422 2208/2404/1417 941/1001/1416
f 943/1003/1330 2210/2406/1329 3682/4050/1424 1833/1985/1425
f 2210/2406/1329 1126/1208/1154 2105/2290/1157 3682/4050/1424
f 3682/4050/1424 2105/2290/1157 1133/1215/1162 2209/2405/1421
f 1833/1985/1425 3682/4050/1424 2209/2405/1421 942/1002/1420
f 1175/1259/1426 2211/2407/1427 3683/4051/1428 2217/2414/1429
f 2211/2407/1427 1176/1260/1430 2218/2415/1431 3683/4051/1428
f 3683/4051/1428 2218/2415/1431 1183/1267/1432 2224/2421/1433
f 2217/2414/1429 3683/4051/1428 2224/2421/1433 1182/1266/1434
f 1176/1260/1430 2212/2408/1435 3684/4052/1436 2218/2415/1431
f 2212/2408/1435 1177/1261/1437 2219/2416/1438 3684/4052/1436
f 3684/4052/1436 2219/2416/1438 1184/1268/1439 2225/2422/1440
f 2218/2415/1431 3684/4052/1436 2225/2422/1440 1183/1267/1432
f 1177/1261/1437 2213/2410/1441 3685/4054/1442 2219/2416/1438
f 2213/2409/1441 1178/1262/1443 2220/2417/1444 3685/4053/1442
f 3685/4053/1442 2220/2417/1444 1185/1269/1445 2226/2424/1446
f 2219/2416/1438 3685/4054/1442 2226/2423/1446 1184/1268/1439
f 1178/1262/1443 2214/2411/1447 3686/4055/1448 2220/2417/1444
f 2214/2411/1447 1179/1263/1449 2221/2418/1450 3686/4055/1448
f 3686/4055/1448 2221/2418/1450 1186/1270/1451 2227/2425/1452
f 2220/2417/1444 3686/4055/1448 2227/2425/1452 1185/1269/1445
f 1179/1263/1449 2215/2412/1453 3687/4056/1454 2221/2418/1450
f 2215/2412/1453 1180/1264/1455 2222/2419/1456 3687/4056/1454
f 3687/4056/1454 2222/2419/1456 1187/1271/1457 2228/2426/1458
f 2221/2418/1450 3687/4056/1454 2228/2426/1458 1186/1270/1451
f 1180/1264/1455 2216/2413/1459 3688/4057/1460 2222/2419/1456
f 2216/2413/1459 1181/1265/1461 2223/2420/1462 3688/4057/1460
f 3688/4057/1460 2223/2420/1462 1188/1272/1463 2229/2427/1464
f 2222/2419/1456 3688/4057/1460 2229/2427/1464 1187/1271/1457
f 1182/1266/1434 2224/2421/1433 3689/4058/1465 2230/2428/1466
f 2224/2421/1433 1183/1267/1432 2231/2429/1467 3689/4058/1465
f 3689/4058/1465 2231/2429/1467 1190/1274/1468 2237/2435/1469
f 2230/2428/1466 3689/4058/1465 2237/2435/1469 1189/1273/1470
f 1183/1267/1432 2225/2422/1440 3690/4059/1471 2231/2429/1467
f 2225/2422/1440 1184/1268/1439 2232/2430/1472 3690/4059/1471
f 3690/4059/1471 2232/2430/1472 1191/1275/1473 2238/2436/1474
f 2231/2429/1467 3690/4059/1471 2238/2436/1474 1190/1274/1468
f 1184/1268/1439 2226/2423/1446 3691/4061/1475 2232/2430/1472
f 2226/2424/1446 1185/1269/1445 2233/2431/1476 3691/4060/1475
f 3691/4060/1475 2233/2431/1476 1192/1276/1477 2239/2438/1478
f 2232/2430/1472 3691/4061/1475 2239/2437/1478 1191/1275/1473
f 1185/1269/1445 2227/2425/1452 3692/4062/1479 2233/2431/1476
f 2227/2425/1452 1186/1270/1451 2234/2432/1480 3692/4062/1479
f 3692/4062/1479 2234/2432/1480 1193/1277/1481 2240/2439/1482
f 2233/2431/1476 3692/4062/1479 2240/2439/1482 1192/1276/1477
f 1186/1270/1451 2228/2426/1458 3693/4063/1483 2234/2432/1480
f 2228/2426/1458 1187/1271/1457 2235/2433/1484 3693/4063/1483
f 3693/4063/1483 2235/2433/1484 1194/1278/1485 2241/2440/1486
f 2234/2432/1480 3693/4063/1483 2241/2440/1486 1193/1277/1481
f 1187/1271/1457 2229/2427/1464 3694/4064/1487 2235/2433/1484
f 2229/2427/1464 1188/1272/1463 2236/2434/1488 3694/4064/1487
f 3694/4064/1487 2236/2434/1488 1195/1279/1489 2242/2441/1490
f 2235/2433/1484 3694/4064/1487 2242/2441/1490 1194/1278/1485
f 1189/1273/1470 2237/2435/1469 3695/4065/1491 2243/2442/1492
f 2237/2435/1469 1190/1274/1468 2244/2443/1493 3695/4065/1491
f 3695/4065/1491 2244/2443/1493 1197/1281/1494 2250/2450/1495
f 2243/2442/1492 3695/4065/1491 2250/2450/1495 1196/1280/1496
f 1190/1274/1468 2238/2436/1474 3696/4066/1497 2244/2443/1493
f 2238/2436/1474 1191/1275/1473 2245/2444/1498 3696/4066/1497
f 3696/4066/1497 2245/2444/1498 1198/1282/1499 2251/2451/1500
f 2244/2443/1493 3696/4066/1497 2251/2451/1500 1197/1281/1494
f 1191/1275/1473 2239/2437/1478 3697/4068/1501 2245/2444/1498
f 2239/2438/1478 1192/1276/1477 2246/2446/1502 3697/4067/1501
f 3697/4068/1501 2246/2445/1502 1199/1283/1503 2252/2452/1504
f 2245/2444/1498 3697/4068/1501 2252/2452/1504 1198/1282/1499
f 1192/1276/1477 2240/2439/1482 3698/4069/1505 2246/2446/1502
f 2240/2439/1482 1193/1277/1481 2247/2447/1506 3698/4069/1505
f 3698/4069/1505 2247/2447/1506 1200/1285/1507 2253/2453/1508
f 2246/2446/1502 3698/4069/1505 2253/2453/1508 1199/1284/1503
f 1193/1277/1481 2241/2440/1486 3699/4070/1509 2247/2447/1506
f 2241/2440/1486 1194/1278/1485 2248/2448/1510 3699/4070/1509
f 3699/4070/1509 2248/2448/1510 1201/1286/1511 2254/2454/1512
f 2247/2447/1506 3699/4070/1509 2254/2454/1512 1200/1285/1507
f 1194/1278/1485 2242/2441/1490 3700/4071/1513 2248/2448/1510
f 2242/2441/1490 1195/1279/1489 2249/2449/1514 3700/4071/1513
f 3700/4071/1513 2249/2449/1514 1202/1287/1515 2255/2455/1516
f 2248/2448/1510 3700/4071/1513 2255/2455/1516 1201/1286/1511
f 1196/1280/1496 2250/2450/1495 3701/4072/1517 2256/2456/1518
f 2250/2450/1495 1197/1281/1494 2257/2457/1519 3701/4072/1517
f 3701/4072/1517 2257/2457/1519 1204/1289/1520 2263/2468/1521
f 2256/2456/1518 3701/4072/1517 2263/2468/1521 1203/1288/1522
f 1197/1281/1494 2251/2451/1500 3702/4073/1523 2257/2457/1519
f 2251/2451/1500 1198/1282/1499 2258/2458/1524 3702/4073/1523
f 3702/4073/1523 2258/2458/1524 1205/1290/1525 2264/2469/1526
f 2257/2457/1519 3702/4073/1523 2264/2469/1526 1204/1289/1520
f 1198/1282/1499 2252/2452/1504 3703/4074/1527 2258/2458/1524
f 2252/2452/1504 1199/1283/1503 2259/2459/1528 3703/4074/1527
f 3703/4074/1527 2259/2459/1528 1206/1291/1529 2265/2470/1530
f 2258/2458/1524 3703/4074/1527 2265/2470/1530 1205/1290/1525
f 1199/1284/1503 2253/2453/1508 3704/4075/1531 2259/2460/1528
f 2253/2453/1508 1200/1285/1507 2260/2462/1532 3704/4075/1531
f 3704/4076/1531 2260/2463/1532 1207/1293/1533 2266/2471/1534
f 2259/2461/1528 3704/4076/1531 2266/2471/1534 1206/1292/1529
f 1200/1285/1507 2254/2454/1512 3705/4077/1535 2260/2462/1532
f 2254/2454/1512 1201/1286/1511 2261/2464/1536 3705/4077/1535
f 3705/4078/1535 2261/2465/1536 1208/1294/1537 2267/2472/1538
f 2260/2463/1532 3705/4078/1535 2267/2472/1538 1207/1293/1533
f 1201/1286/1511 2255/2455/1516 3706/4079/1539 2261/2464/1536
f 2255/2455/1516 1202/1287/1515 2262/2466/1540 3706/4079/1539
f 3706/4080/1539 2262/2467/1540 1209/1295/1541 2268/2473/1542
f 2261/2465/1536 3706/4080/1539 2268/2473/1542 1208/1294/1537
f 1203/1288/1522 2263/2468/1521 3707/4081/1543 2269/2474/1544
f 2263/2468/1521 1204/1289/1520 2270/2475/1545 3707/4081/1543
f 3707/4081/1543 2270/2475/1545 1211/1297/1546 2276/2482/1547
f 2269/2474/1544 3707/4081/1543 2276/2482/1547 1210/1296/1548
f 1204/1289/1520 2264/2469/1526 3708/4082/1549 2270/2475/1545
f 2264/2469/1526 1205/1290/1525 2271/2476/1550 3708/4082/1549
f 3708/4082/1549 2271/2476/1550 1212/1298/1551 2277/2483/1552
f 2270/2475/1545 3708/4082/1549 2277/2483/1552 1211/1297/1546
f 1205/1290/1525 2265/2470/1530 3709/4084/1553 2271/2476/1550
f 2265/2470/1530 1206/1291/1529 2272/2477/1554 3709/4084/1553
f 3709/4083/1553 2272/2478/1554 1213/1299/1555 2278/2485/1556
f 2271/2476/1550 3709/4084/1553 2278/2484/1556 1212/1298/1551
f 1206/1292/1529 2266/2471/1534 3710/4085/1557 2272/2478/1554
f 2266/2471/1534 1207/1293/1533 2273/2479/1558 3710/4085/1557
f 3710/4085/1557 2273/2479/1558 1214/1300/1559 2279/2486/1560
f 2272/2478/1554 3710/4085/1557 2279/2486/1560 1213/1299/1555
f 1207/1293/1533 2267/2472/1538 3711/4086/1561 2273/2479/1558
f 2267/2472/1538 1208/1294/1537 2274/2480/1562 3711/4086/1561
f 3711/4086/1561 2274/2480/1562 1215/1301/1563 2280/2487/1564
f 2273/2479/1558 3711/4086/1561 2280/2487/1564 1214/1300/1559
f 1208/1294/1537 2268/2473/1542 3712/4087/1565 2274/2480/1562
f 2268/2473/1542 1209/1295/1541 2275/2481/1566 3712/4087/1565
f 3712/4087/1565 2275/2481/1566 1216/1302/1567 2281/2488/1568
f 2274/2480/1562 3712/4087/1565 2281/2488/1568 1215/1301/1563
f 1210/1296/1548 2276/2482/1547 3713/4088/1569 2282/2489/1570
f 2276/2482/1547 1211/1297/1546 2283/2490/1571 3713/4088/1569
f 3713/4088/1569 2283/2490/1571 1218/1304/1572 2289/2496/1573
f 2282/2489/1570 3713/4088/1569 2289/2496/1573 1217/1303/1574
f 1211/1297/1546 2277/2483/1552 3714/4089/1575 2283/2490/1571
f 2277/2483/1552 1212/1298/1551 2284/2491/1576 3714/4089/1575
f 3714/4089/1575 2284/2491/1576 1219/1305/1577 2290/2497/1578
f 2283/2490/1571 3714/4089/1575 2290/2497/1578 1218/1304/1572
f 1212/1298/1551 2278/2484/1556 3715/4091/1579 2284/2491/1576
f 2278/2485/1556 1213/1299/1555 2285/2492/1580 3715/4090/1579
f 3715/4090/1579 2285/2492/1580 1220/1306/1581 2291/2499/1582
f 2284/2491/1576 3715/4091/1579 2291/2498/1582 1219/1305/1577
f 1213/1299/1555 2279/2486/1560 3716/4092/1583 2285/2492/1580
f 2279/2486/1560 1214/1300/1559 2286/2493/1584 3716/4092/1583
f 3716/4092/1583 2286/2493/1584 1221/1307/1585 2292/2500/1586
f 2285/2492/1580 3716/4092/1583 2292/2500/1586 1220/1306/1581
f 1214/1300/1559 2280/2487/1564 3717/4093/1587 2286/2493/1584
f 2280/2487/1564 1215/1301/1563 2287/2494/1588 3717/4093/1587
f 3717/4093/1587 2287/2494/1588 1222/1308/1589 2293/2501/1590
f 2286/2493/1584 3717/4093/1587 2293/2501/1590 1221/1307/1585
f 1215/1301/1563 2281/2488/1568 3718/4094/1591 2287/2494/1588
f 2281/2488/1568 1216/1302/1567 2288/2495/1592 3718/4094/1591
f 3718/4094/1591 2288/2495/1592 1223/1309/1593 2294/2502/1594
f 2287/2494/1588 3718/4094/1591 2294/2502/1594 1222/1308/1589
f 872/932/1403 1787/1934/1402 3719/4095/1595 1770/1916/1596
f 1787/1934/1402 902/962/1397 2295/2503/1597 3719/4095/1595
f 3719/4095/1595 2295/2503/1597 1175/1259/1426 2322/2530/1598
f 1770/1916/1596 3719/4095/1595 2322/2530/1598 887/947/1599
f 902/962/1397 1788/1935/1396 3720/4096/1600 2295/2503/1597
f 1788/1935/1396 903/963/1393 2296/2504/1601 3720/4096/1600
f 3720/4096/1600 2296/2504/1601 1176/1260/1430 2211/2407/1427
f 2295/2503/1597 3720/4096/1600 2211/2407/1427 1175/1259/1426
f 903/963/1393 1789/1936/1392 3721/4097/1602 2296/2504/1601
f 1789/1936/1392 904/964/1389 2297/2505/1603 3721/4097/1602
f 3721/4097/1602 2297/2505/1603 1177/1261/1437 2212/2408/1435
f 2296/2504/1601 3721/4097/1602 2212/2408/1435 1176/1260/1430
f 904/964/1389 1790/1937/1388 3722/4099/1604 2297/2505/1603
f 1790/1938/1388 905/965/1385 2298/2506/1605 3722/4098/1604
f 3722/4098/1604 2298/2506/1605 1178/1262/1443 2213/2409/1441
f 2297/2505/1603 3722/4099/1604 2213/2410/1441 1177/1261/1437
f 905/965/1385 1791/1939/1384 3723/4100/1606 2298/2506/1605
f 1791/1939/1384 906/966/1381 2299/2507/1607 3723/4100/1606
f 3723/4100/1606 2299/2507/1607 1179/1263/1449 2214/2411/1447
f 2298/2506/1605 3723/4100/1606 2214/2411/1447 1178/1262/1443
f 906/966/1381 1792/1940/1380 3724/4101/1608 2299/2507/1607
f 1792/1940/1380 907/967/1377 2300/2508/1609 3724/4101/1608
f 3724/4101/1608 2300/2508/1609 1180/1264/1455 2215/2412/1453
f 2299/2507/1607 3724/4101/1608 2215/2412/1453 1179/1263/1449
f 907/967/1377 1793/1941/1376 3725/4102/1610 2300/2508/1609
f 1793/1941/1376 908/968/1373 2301/2509/1611 3725/4102/1610
f 3725/4102/1610 2301/2509/1611 1181/1265/1461 2216/2413/1459
f 2300/2508/1609 3725/4102/1610 2216/2413/1459 1180/1264/1455
f 908/968/1373 1794/1942/1372 3726/4103/1612 2301/2509/1611
f 1794/1942/1372 871/931/1034 1835/1987/1613 3726/4103/1612
f 3726/4103/1612 1835/1987/1613 944/1004/1614 2302/2510/1615
f 2301/2509/1611 3726/4103/1612 2302/2510/1615 1181/1265/1461
f 1181/1265/1461 2302/2510/1615 3727/4104/1616 2223/2420/1462
f 2302/2510/1615 944/1004/1614 1836/1988/1617 3727/4104/1616
f 3727/4104/1616 1836/1988/1617 945/1005/1618 2303/2511/1619
f 2223/2420/1462 3727/4104/1616 2303/2511/1619 1188/1272/1463
f 1188/1272/1463 2303/2511/1619 3728/4105/1620 2236/2434/1488
f 2303/2511/1619 945/1005/1618 1837/1989/1621 3728/4105/1620
f 3728/4105/1620 1837/1989/1621 946/1006/1622 2304/2512/1623
f 2236/2434/1488 3728/4105/1620 2304/2512/1623 1195/1279/1489
f 1195/1279/1489 2304/2512/1623 3729/4106/1624 2249/2449/1514
f 2304/2512/1623 946/1006/1622 1838/1990/1625 3729/4106/1624
f 3729/4106/1624 1838/1990/1625 947/1007/1626 2305/2513/1627
f 2249/2449/1514 3729/4106/1624 2305/2513/1627 1202/1287/1515
f 1202/1287/1515 2305/2513/1627 3730/4107/1628 2262/2466/1540
f 2305/2513/1627 947/1007/1626 1839/1992/1629 3730/4107/1628
f 3730/4108/1628 1839/1991/1629 948/1008/1630 2306/2514/1631
f 2262/2467/1540 3730/4108/1628 2306/2514/1631 1209/1295/1541
f 1209/1295/1541 2306/2514/1631 3731/4109/1632 2275/2481/1566
f 2306/2514/1631 948/1008/1630 1840/1993/1633 3731/4109/1632
f 3731/4109/1632 1840/1993/1633 949/1009/1634 2307/2515/1635
f 2275/2481/1566 3731/4109/1632 2307/2515/1635 1216/1302/1567
f 1216/1302/1567 2307/2515/1635 3732/4110/1636 2288/2495/1592
f 2307/2515/1635 949/1009/1634 1841/1994/1637 3732/4110/1636
f 3732/4110/1636 1841/1994/1637 950/1010/1638 2308/2516/1639
f 2288/2495/1592 3732/4110/1636 2308/2516/1639 1223/1309/1593
f 1223/1309/1593 2308/2516/1639 3733/4111/1640 2309/2517/1641
f 2308/2516/1639 950/1010/1638 1842/1995/1642 3733/4111/1640
f 3733/4111/1640 1842/1995/1642 869/929/1643 1803/1952/1644
f 2309/2517/1641 3733/4111/1640 1803/1952/1644 916/976/1645
f 1222/1308/1589 2294/2502/1594 3734/4112/1646 2310/2518/1647
f 2294/2502/1594 1223/1309/1593 2309/2517/1641 3734/4112/1646
f 3734/4112/1646 2309/2517/1641 916/976/1645 1804/1953/1648
f 2310/2518/1647 3734/4112/1646 1804/1953/1648 917/977/1649
f 1221/1307/1585 2293/2501/1590 3735/4113/1650 2311/2519/1651
f 2293/2501/1590 1222/1308/1589 2310/2518/1647 3735/4113/1650
f 3735/4113/1650 2310/2518/1647 917/977/1649 1805/1954/1652
f 2311/2519/1651 3735/4113/1650 1805/1954/1652 918/978/1653
f 1220/1306/1581 2292/2500/1586 3736/4114/1654 2312/2520/1655
f 2292/2500/1586 1221/1307/1585 2311/2519/1651 3736/4114/1654
f 3736/4114/1654 2311/2519/1651 918/978/1653 1806/1955/1656
f 2312/2520/1655 3736/4114/1654 1806/1955/1656 919/979/1657
f 1219/1305/1577 2291/2498/1582 3737/4116/1658 2313/2521/1659
f 2291/2499/1582 1220/1306/1581 2312/2520/1655 3737/4115/1658
f 3737/4115/1658 2312/2520/1655 919/979/1657 1807/1957/1660
f 2313/2521/1659 3737/4116/1658 1807/1956/1660 920/980/1661
f 1218/1304/1572 2290/2497/1578 3738/4117/1662 2314/2522/1663
f 2290/2497/1578 1219/1305/1577 2313/2521/1659 3738/4117/1662
f 3738/4117/1662 2313/2521/1659 920/980/1661 1808/1958/1664
f 2314/2522/1663 3738/4117/1662 1808/1958/1664 921/981/1665
f 1217/1303/1574 2289/2496/1573 3739/4118/1666 2315/2523/1667
f 2289/2496/1573 1218/1304/1572 2314/2522/1663 3739/4118/1666
f 3739/4118/1666 2314/2522/1663 921/981/1665 1809/1959/1668
f 2315/2523/1667 3739/4118/1666 1809/1959/1668 922/982/1669
f 881/941/1670 2316/2524/1671 3740/4119/1672 1763/1909/1673
f 2316/2524/1671 1217/1303/1574 2315/2523/1667 3740/4119/1672
f 3740/4119/1672 2315/2523/1667 922/982/1669 1810/1960/1674
f 1763/1909/1673 3740/4119/1672 1810/1960/1674 870/930/1675
f 882/942/1676 2317/2525/1677 3741/4120/1678 1764/1910/1679
f 2317/2525/1677 1210/1296/1548 2282/2489/1570 3741/4120/1678
f 3741/4120/1678 2282/2489/1570 1217/1303/1574 2316/2524/1671
f 1764/1910/1679 3741/4120/1678 2316/2524/1671 881/941/1670
f 883/943/1680 2318/2526/1681 3742/4121/1682 1765/1911/1683
f 2318/2526/1681 1203/1288/1522 2269/2474/1544 3742/4121/1682
f 3742/4121/1682 2269/2474/1544 1210/1296/1548 2317/2525/1677
f 1765/1911/1683 3742/4121/1682 2317/2525/1677 882/942/1676
f 884/944/1684 2319/2527/1685 3743/4122/1686 1766/1912/1687
f 2319/2527/1685 1196/1280/1496 2256/2456/1518 3743/4122/1686
f 3743/4122/1686 2256/2456/1518 1203/1288/1522 2318/2526/1681
f 1766/1912/1687 3743/4122/1686 2318/2526/1681 883/943/1680
f 885/945/1688 2320/2528/1689 3744/4123/1690 1767/1913/1691
f 2320/2528/1689 1189/1273/1470 2243/2442/1492 3744/4123/1690
f 3744/4123/1690 2243/2442/1492 1196/1280/1496 2319/2527/1685
f 1767/1913/1691 3744/4123/1690 2319/2527/1685 884/944/1684
f 886/946/1692 2321/2529/1693 3745/4124/1694 1768/1914/1695
f 2321/2529/1693 1182/1266/1434 2230/2428/1466 3745/4124/1694
f 3745/4124/1694 2230/2428/1466 1189/1273/1470 2320/2528/1689
f 1768/1914/1695 3745/4124/1694 2320/2528/1689 885/945/1688
f 887/947/1599 2322/2530/1598 3746/4125/1696 1769/1915/1697
f 2322/2530/1598 1175/1259/1426 2217/2414/1429 3746/4125/1696
f 3746/4125/1696 2217/2414/1429 1182/1266/1434 2321/2529/1693
f 1769/1915/1697 3746/4125/1696 2321/2529/1693 886/946/1692
f 1224/1310/1698 2323/2531/1699 3747/4126/1700 2329/2537/1701
f 2323/2531/1699 1225/1311/1702 2330/2538/1703 3747/4126/1700
f 3747/4126/1700 2330/2538/1703 1232/1318/1704 2336/2544/1705
f 2329/2537/1701 3747/4126/1700 2336/2544/1705 1231/1317/1706
f 1225/1311/1702 2324/2532/1707 3748/4127/1708 2330/2538/1703
f 2324/2532/1707 1226/1312/1709 2331/2539/1710 3748/4127/1708
f 3748/4127/1708 2331/2539/1710 1233/1319/1711 2337/2545/1712
f 2330/2538/1703 3748/4127/1708 2337/2545/1712 1232/1318/1704
f 1226/1312/1709 2325/2533/1713 3749/4128/1714 2331/2539/1710
f 2325/2533/1713 1227/1313/1715 2332/2540/1716 3749/4128/1714
f 3749/4128/1714 2332/2540/1716 1234/1320/1717 2338/2546/1718
f 2331/2539/1710 3749/4128/1714 2338/2546/1718 1233/1319/1711
f 1227/1313/1715 2326/2534/1719 3750/4129/1720 2332/2540/1716
f 2326/2534/1719 1228/1314/1721 2333/2541/1722 3750/4129/1720
f 3750/4129/1720 2333/2541/1722 1235/1321/1723 2339/2547/1724
f 2332/2540/1716 3750/4129/1720 2339/2547/1724 1234/1320/1717
f 1228/1314/1721 2327/2535/1725 3751/4130/1726 2333/2541/1722
f 2327/2535/1725 1229/1315/1727 2334/2542/1728 3751/4130/1726
f 3751/4130/1726 2334/2542/1728 1236/1322/1729 2340/2548/1730
f 2333/2541/1722 3751/4130/1726 2340/2548/1730 1235/1321/1723
f 1229/1315/1727 2328/2536/1731 3752/4131/1732 2334/2542/1728
f 2328/2536/1731 1230/1316/1733 2335/2543/1734 3752/4131/1732
f 3752/4131/1732 2335/2543/1734 1237/1323/1735 2341/2549/1736
f 2334/2542/1728 3752/4131/1732 2341/2549/1736 1236/1322/1729
f 1231/1317/1706 2336/2544/1705 3753/4132/1737 2342/2550/1738
f 2336/2544/1705 1232/1318/1704 2343/2551/1739 3753/4132/1737
f 3753/4132/1737 2343/2551/1739 1239/1325/1740 2349/2557/1741
f 2342/2550/1738 3753/4132/1737 2349/2557/1741 1238/1324/1742
f 1232/1318/1704 2337/2545/1712 3754/4133/1743 2343/2551/1739
f 2337/2545/1712 1233/1319/1711 2344/2552/1744 3754/4133/1743
f 3754/4133/1743 2344/2552/1744 1240/1326/1745 2350/2558/1746
f 2343/2551/1739 3754/4133/1743 2350/2558/1746 1239/1325/1740
f 1233/1319/1711 2338/2546/1718 3755/4134/1747 2344/2552/1744
f 2338/2546/1718 1234/1320/1717 2345/2553/1748 3755/4134/1747
f 3755/4134/1747 2345/2553/1748 1241/1327/1749 2351/2559/1750
f 2344/2552/1744 3755/4134/1747 2351/2559/1750 1240/1326/1745
f 1234/1320/1717 2339/2547/1724 3756/4135/1751 2345/2553/1748
f 2339/2547/1724 1235/1321/1723 2346/2554/1752 3756/4135/1751
f 3756/4135/1751 2346/2554/1752 1242/1328/1753 2352/2560/1754
f 2345/2553/1748 3756/4135/1751 2352/2560/1754 1241/1327/1749
f 1235/1321/1723 2340/2548/1730 3757/4136/1755 2346/2554/1752
f 2340/2548/1730 1236/1322/1729 2347/2555/1756 3757/4136/1755
f 3757/4136/1755 2347/2555/1756 1243/1329/1757 2353/2561/1758
f 2346/2554/1752 3757/4136/1755 2353/2561/1758 1242/1328/1753
f 1236/1322/1729 2341/2549/1736 3758/4137/1759 2347/2555/1756
f 2341/2549/1736 1237/1323/1735 2348/2556/1760 3758/4137/1759
f 3758/4137/1759 2348/2556/1760 1244/1330/1761 2354/2562/1762
f 2347/2555/1756 3758/4137/1759 2354/2562/1762 1243/1329/1757
f 1238/1324/1742 2349/2557/1741 3759/4138/1763 2355/2563/1764
f 2349/2557/1741 1239/1325/1740 2356/2564/1765 3759/4138/1763
f 3759/4138/1763 2356/2564/1765 1246/1332/1766 2362/2570/1767
f 2355/2563/1764 3759/4138/1763 2362/2570/1767 1245/1331/1768
f 1239/1325/1740 2350/2558/1746 3760/4139/1769 2356/2564/1765
f 2350/2558/1746 1240/1326/1745 2357/2565/1770 3760/4139/1769
f 3760/4139/1769 2357/2565/1770 1247/1333/1771 2363/2571/1772
f 2356/2564/1765 3760/4139/1769 2363/2571/1772 1246/1332/1766
f 1240/1326/1745 2351/2559/1750 3761/4140/1773 2357/2565/1770
f 2351/2559/1750 1241/1327/1749 2358/2566/1774 3761/4140/1773
f 3761/4140/1773 2358/2566/1774 1248/1334/1775 2364/2572/1776
f 2357/2565/1770 3761/4140/1773 2364/2572/1776 1247/1333/1771
f 1241/1327/1749 2352/2560/1754 3762/4141/1777 2358/2566/1774
f 2352/2560/1754 1242/1328/1753 2359/2567/1778 3762/4141/1777
f 3762/4141/1777 2359/2567/1778 1249/1335/1779 2365/2573/1780
f 2358/2566/1774 3762/4141/1777 2365/2573/1780 1248/1334/1775
f 1242/1328/1753 2353/2561/1758 3763/4142/1781 2359/2567/1778
f 2353/2561/1758 1243/1329/1757 2360/2568/1782 3763/4142/1781
f 3763/4142/1781 2360/2568/1782 1250/1336/1783 2366/2574/1784
f 2359/2567/1778 3763/4142/1781 2366/2574/1784 1249/1335/1779
f 1243/1329/1757 2354/2562/1762 3764/4143/1785 2360/2568/1782
f 2354/2562/1762 1244/1330/1761 2361/2569/1786 3764/4143/1785
f 3764/4143/1785 2361/2569/1786 1251/1337/1787 2367/2575/1788
f 2360/2568/1782 3764/4143/1785 2367/2575/1788 1250/1336/1783
f 1245/1331/1768 2362/2570/1767 3765/4144/1789 2368/2576/1790
f 2362/2570/1767 1246/1332/1766 2369/2577/1791 3765/4144/1789
f 3765/4144/1789 2369/2577/1791 1253/1339/1792 2375/2583/1793
f 2368/2576/1790 3765/4144/1789 2375/2583/1793 1252/1338/1794
f 1246/1332/1766 2363/2571/1772 3766/4145/1795 2369/2577/1791
f 2363/2571/1772 1247/1333/1771 2370/2578/1796 3766/4145/1795
f 3766/4145/1795 2370/2578/1796 1254/1340/1797 2376/2584/1798
f 2369/2577/1791 3766/4145/1795 2376/2584/1798 1253/1339/1792
f 1247/1333/1771 2364/2572/1776 3767/4146/1799 2370/2578/1796
f 2364/2572/1776 1248/1334/1775 2371/2579/1800 3767/4146/1799
f 3767/4146/1799 2371/2579/1800 1255/1341/1801 2377/2585/1802
f 2370/2578/1796 3767/4146/1799 2377/2585/1802 1254/1340/1797
f 1248/1334/1775 2365/2573/1780 3768/4147/1803 2371/2579/1800
f 2365/2573/1780 1249/1335/1779 2372/2580/1804 3768/4147/1803
f 3768/4147/1803 2372/2580/1804 1256/1342/1805 2378/2586/1806
f 2371/2579/1800 3768/4147/1803 2378/2586/1806 1255/1341/1801
f 1249/1335/1779 2366/2574/1784 3769/4148/1807 2372/2580/1804
f 2366/2574/1784 1250/1336/1783 2373/2581/1808 3769/4148/1807
f 3769/4148/1807 2373/2581/1808 1257/1343/1809 2379/2587/1810
f 2372/2580/1804 3769/4148/1807 2379/2587/1810 1256/1342/1805
f 1250/1336/1783 2367/2575/1788 3770/4149/1811 2373/2581/1808
f 2367/2575/1788 1251/1337/1787 2374/2582/1812 3770/4149/1811
f 3770/4149/1811 2374/2582/1812 1258/1344/1813 2380/2588/1814
f 2373/2581/1808 3770/4149/1811 2380/2588/1814 1257/1343/1809
f 1252/1338/1794 2375/2583/1793 3771/4150/1815 2381/2589/1816
f 2375/2583/1793 1253/1339/1792 2382/2590/1817 3771/4150/1815
f 3771/4150/1815 2382/2590/1817 1260/1346/1818 2388/2596/1819
f 2381/2589/1816 3771/4150/1815 2388/2596/1819 1259/1345/1820
f 1253/1339/1792 2376/2584/1798 3772/4151/1821 2382/2590/1817
f 2376/2584/1798 1254/1340/1797 2383/2591/1822 3772/4151/1821
f 3772/4151/1821 2383/2591/1822 1261/1347/1823 2389/2597/1824
f 2382/2590/1817 3772/4151/1821 2389/2597/1824 1260/1346/1818
f 1254/1340/1797 2377/2585/1802 3773/4152/1825 2383/2591/1822
f 2377/2585/1802 1255/1341/1801 2384/2592/1826 3773/4152/1825
f 3773/4152/1825 2384/2592/1826 1262/1348/1827 2390/2598/1828
f 2383/2591/1822 3773/4152/1825 2390/2598/1828 1261/1347/1823
f 1255/1341/1801 2378/2586/1806 3774/4153/1829 2384/2592/1826
f 2378/2586/1806 1256/1342/1805 2385/2593/1830 3774/4153/1829
f 3774/4153/1829 2385/2593/1830 1263/1349/1831 2391/2599/1832
f 2384/2592/1826 3774/4153/1829 2391/2599/1832 1262/1348/1827
f 1256/1342/1805 2379/2587/1810 3775/4154/1833 2385/2593/1830
f 2379/2587/1810 1257/1343/1809 2386/2594/1834 3775/4154/1833
f 3775/4154/1833 2386/2594/1834 1264/1350/1835 2392/2600/1836
f 2385/2593/1830 3775/4154/1833 2392/2600/1836 1263/1349/1831
f 1257/1343/1809 2380/2588/1814 3776/4155/1837 2386/2594/1834
f 2380/2588/1814 1258/1344/1813 2387/2595/1838 3776/4155/1837
f 3776/4155/1837 2387/2595/1838 1265/1351/1839 2393/2601/1840
f 2386/2594/1834 3776/4155/1837 2393/2601/1840 1264/1350/1835
f 1259/1345/1820 2388/2596/1819 3777/4156/1841 2394/2602/1842
f 2388/2596/1819 1260/1346/1818 2395/2603/1843 3777/4156/1841
f 3777/4156/1841 2395/2603/1843 1267/1353/1844 2401/2609/1845
f 2394/2602/1842 3777/4156/1841 2401/2609/1845 1266/1352/1846
f 1260/1346/1818 2389/2597/1824 3778/4157/1847 2395/2603/1843
f 2389/2597/1824 1261/1347/1823 2396/2604/1848 3778/4157/1847
f 3778/4157/1847 2396/2604/1848 1268/1354/1849 2402/2610/1850
f 2395/2603/1843 3778/4157/1847 2402/2610/1850 1267/1353/1844
f 1261/1347/1823 2390/2598/1828 3779/4158/1851 2396/2604/1848
f 2390/2598/1828 1262/1348/1827 2397/2605/1852 3779/4158/1851
f 3779/4158/1851 2397/2605/1852 1269/1355/1853 2403/2611/1854
f 2396/2604/1848 3779/4158/1851 2403/2611/1854 1268/1354/1849
f 1262/1348/1827 2391/2599/1832 3780/4159/1855 2397/2605/1852
f 2391/2599/1832 1263/1349/1831 2398/2606/1856 3780/4159/1855
f 3780/4159/1855 2398/2606/1856 1270/1356/1857 2404/2612/1858
f 2397/2605/1852 3780/4159/1855 2404/2612/1858 1269/1355/1853
f 1263/1349/1831 2392/2600/1836 3781/4160/1859 2398/2606/1856
f 2392/2600/1836 1264/1350/1835 2399/2607/1860 3781/4160/1859
f 3781/4160/1859 2399/2607/1860 1271/1357/1861 2405/2613/1862
f 2398/2606/1856 3781/4160/1859 2405/2613/1862 1270/1356/1857
f 1264/1350/1835 2393/2601/1840 3782/4161/1863 2399/2607/1860
f 2393/2601/1840 1265/1351/1839 2400/2608/1864 3782/4161/1863
f 3782/4161/1863 2400/2608/1864 1272/1358/1865 2406/2614/1866
f 2399/2607/1860 3782/4161/1863 2406/2614/1866 1271/1357/1861
f 870/930/1675 1778/1924/1867 3783/4162/1868 1763/1909/1673
f 1778/1924/1867 894/954/1869 2407/2615/1870 3783/4162/1868
f 3783/4162/1868 2407/2615/1870 1224/1310/1698 2434/2642/1871
f 1763/1909/1673 3783/4162/1868 2434/2642/1871 881/941/1670
f 894/954/1869 1777/1923/1872 3784/4163/1873 2407/2615/1870
f 1777/1923/1872 893/953/1874 2408/2616/1875 3784/4163/1873
f 3784/4163/1873 2408/2616/1875 1225/1311/1702 2323/2531/1699
f 2407/2615/1870 3784/4163/1873 2323/2531/1699 1224/1310/1698
f 893/953/1874 1776/1922/1876 3785/4164/1877 2408/2616/1875
f 1776/1922/1876 892/952/1878 2409/2617/1879 3785/4164/1877
f 3785/4164/1877 2409/2617/1879 1226/1312/1709 2324/2532/1707
f 2408/2616/1875 3785/4164/1877 2324/2532/1707 1225/1311/1702
f 892/952/1878 1775/1921/1880 3786/4165/1881 2409/2617/1879
f 1775/1921/1880 891/951/1882 2410/2618/1883 3786/4165/1881
f 3786/4165/1881 2410/2618/1883 1227/1313/1715 2325/2533/1713
f 2409/2617/1879 3786/4165/1881 2325/2533/1713 1226/1312/1709
f 891/951/1882 1774/1920/1884 3787/4166/1885 2410/2618/1883
f 1774/1920/1884 890/950/1886 2411/2619/1887 3787/4166/1885
f 3787/4166/1885 2411/2619/1887 1228/1314/1721 2326/2534/1719
f 2410/2618/1883 3787/4166/1885 2326/2534/1719 1227/1313/1715
f 890/950/1886 1773/1919/1888 3788/4167/1889 2411/2619/1887
f 1773/1919/1888 889/949/1890 2412/2620/1891 3788/4167/1889
f 3788/4167/1889 2412/2620/1891 1229/1315/1727 2327/2535/1725
f 2411/2619/1887 3788/4167/1889 2327/2535/1725 1228/1314/1721
f 889/949/1890 1772/1918/1892 3789/4168/1893 2412/2620/1891
f 1772/1918/1892 888/948/1894 2413/2621/1895 3789/4168/1893
f 3789/4168/1893 2413/2621/1895 1230/1316/1733 2328/2536/1731
f 2412/2620/1891 3789/4168/1893 2328/2536/1731 1229/1315/1727
f 888/948/1894 1771/1917/1896 3790/4169/1897 2413/2621/1895
f 1771/1917/1896 866/926/1898 1858/2012/1899 3790/4169/1897
f 3790/4169/1897 1858/2012/1899 964/1024/1900 2414/2622/1901
f 2413/2621/1895 3790/4169/1897 2414/2622/1901 1230/1316/1733
f 1230/1316/1733 2414/2622/1901 3791/4170/1902 2335/2543/1734
f 2414/2622/1901 964/1024/1900 1857/2011/1903 3791/4170/1902
f 3791/4170/1902 1857/2011/1903 963/1023/1904 2415/2623/1905
f 2335/2543/1734 3791/4170/1902 2415/2623/1905 1237/1323/1735
f 1237/1323/1735 2415/2623/1905 3792/4171/1906 2348/2556/1760
f 2415/2623/1905 963/1023/1904 1856/2010/1907 3792/4171/1906
f 3792/4171/1906 1856/2010/1907 962/1022/1908 2416/2624/1909
f 2348/2556/1760 3792/4171/1906 2416/2624/1909 1244/1330/1761
f 1244/1330/1761 2416/2624/1909 3793/4172/1910 2361/2569/1786
f 2416/2624/1909 962/1022/1908 1855/2009/1911 3793/4172/1910
f 3793/4172/1910 1855/2009/1911 961/1021/1912 2417/2625/1913
f 2361/2569/1786 3793/4172/1910 2417/2625/1913 1251/1337/1787
f 1251/1337/1787 2417/2625/1913 3794/4173/1914 2374/2582/1812
f 2417/2625/1913 961/1021/1912 1854/2008/1915 3794/4173/1914
f 3794/4173/1914 1854/2008/1915 960/1020/1916 2418/2626/1917
f 2374/2582/1812 3794/4173/1914 2418/2626/1917 1258/1344/1813
f 1258/1344/1813 2418/2626/1917 3795/4174/1918 2387/2595/1838
f 2418/2626/1917 960/1020/1916 1853/2007/1919 3795/4174/1918
f 3795/4174/1918 1853/2007/1919 959/1019/1920 2419/2627/1921
f 2387/2595/1838 3795/4174/1918 2419/2627/1921 1265/1351/1839
f 1265/1351/1839 2419/2627/1921 3796/4175/1922 2400/2608/1864
f 2419/2627/1921 959/1019/1920 1852/2006/1923 3796/4175/1922
f 3796/4175/1922 1852/2006/1923 958/1018/1924 2420/2628/1925
f 2400/2608/1864 3796/4175/1922 2420/2628/1925 1272/1358/1865
f 1272/1358/1865 2420/2628/1925 3797/4176/1926 2421/2629/1927
f 2420/2628/1925 958/1018/1924 1851/2005/1928 3797/4176/1926
f 3797/4176/1926 1851/2005/1928 868/928/1323 1834/1986/1326
f 2421/2629/1927 3797/4176/1926 1834/1986/1326 943/1003/1330
f 1271/1357/1861 2406/2614/1866 3798/4177/1929 2422/2630/1930
f 2406/2614/1866 1272/1358/1865 2421/2629/1927 3798/4177/1929
f 3798/4177/1929 2421/2629/1927 943/1003/1330 1833/1985/1425
f 2422/2630/1930 3798/4177/1929 1833/1985/1425 942/1002/1420
f 1270/1356/1857 2405/2613/1862 3799/4178/1931 2423/2631/1932
f 2405/2613/1862 1271/1357/1861 2422/2630/1930 3799/4178/1931
f 3799/4178/1931 2422/2630/1930 942/1002/1420 1832/1984/1423
f 2423/2631/1932 3799/4178/1931 1832/1984/1423 941/1001/1416
f 1269/1355/1853 2404/2612/1858 3800/4179/1933 2424/2632/1934
f 2404/2612/1858 1270/1356/1857 2423/2631/1932 3800/4179/1933
f 3800/4179/1933 2423/2631/1932 941/1001/1416 1831/1983/1419
f 2424/2632/1934 3800/4179/1933 1831/1983/1419 940/1000/1412
f 1268/1354/1849 2403/2611/1854 3801/4180/1935 2425/2633/1936
f 2403/2611/1854 1269/1355/1853 2424/2632/1934 3801/4180/1935
f 3801/4180/1935 2424/2632/1934 940/1000/1412 1830/1982/1415
f 2425/2633/1936 3801/4180/1935 1830/1982/1415 939/999/1408
f 1267/1353/1844 2402/2610/1850 3802/4181/1937 2426/2634/1938
f 2402/2610/1850 1268/1354/1849 2425/2633/1936 3802/4181/1937
f 3802/4181/1937 2425/2633/1936 939/999/1408 1829/1981/1411
f 2426/2634/1938 3802/4181/1937 1829/1981/1411 938/998/1404
f 1266/1352/1846 2401/2609/1845 3803/4182/1939 2427/2635/1940
f 2401/2609/1845 1267/1353/1844 2426/2634/1938 3803/4182/1939
f 3803/4182/1939 2426/2634/1938 938/998/1404 1828/1980/1407
f 2427/2635/1940 3803/4182/1939 1828/1980/1407 937/997/1398
f 887/947/1599 2428/2636/1941 3804/4183/1942 1770/1916/1596
f 2428/2636/1941 1266/1352/1846 2427/2635/1940 3804/4183/1942
f 3804/4183/1942 2427/2635/1940 937/997/1398 1827/1979/1401
f 1770/1916/1596 3804/4183/1942 1827/1979/1401 872/932/1403
f 886/946/1692 2429/2637/1943 3805/4184/1944 1769/1915/1697
f 2429/2637/1943 1259/1345/1820 2394/2602/1842 3805/4184/1944
f 3805/4184/1944 2394/2602/1842 1266/1352/1846 2428/2636/1941
f 1769/1915/1697 3805/4184/1944 2428/2636/1941 887/947/1599
f 885/945/1688 2430/2638/1945 3806/4185/1946 1768/1914/1695
f 2430/2638/1945 1252/1338/1794 2381/2589/1816 3806/4185/1946
f 3806/4185/1946 2381/2589/1816 1259/1345/1820 2429/2637/1943
f 1768/1914/1695 3806/4185/1946 2429/2637/1943 886/946/1692
f 884/944/1684 2431/2639/1947 3807/4186/1948 1767/1913/1691
f 2431/2639/1947 1245/1331/1768 2368/2576/1790 3807/4186/1948
f 3807/4186/1948 2368/2576/1790 1252/1338/1794 2430/2638/1945
f 1767/1913/1691 3807/4186/1948 2430/2638/1945 885/945/1688
f 883/943/1680 2432/2640/1949 3808/4187/1950 1766/1912/1687
f 2432/2640/1949 1238/1324/1742 2355/2563/1764 3808/4187/1950
f 3808/4187/1950 2355/2563/1764 1245/1331/1768 2431/2639/1947
f 1766/1912/1687 3808/4187/1950 2431/2639/1947 884/944/1684
f 882/942/1676 2433/2641/1951 3809/4188/1952 1765/1911/1683
f 2433/2641/1951 1231/1317/1706 2342/2550/1738 3809/4188/1952
f 3809/4188/1952 2342/2550/1738 1238/1324/1742 2432/2640/1949
f 1765/1911/1683 3809/4188/1952 2432/2640/1949 883/943/1680
f 881/941/1670 2434/2642/1871 3810/4189/1953 1764/1910/1679
f 2434/2642/1871 1224/1310/1698 2329/2537/1701 3810/4189/1953
f 3810/4189/1953 2329/2537/1701 1231/1317/1706 2433/2641/1951
f 1764/1910/1679 3810/4189/1953 2433/2641/1951 882/942/1676
f 1273/1359/1954 2435/2643/1955 3811/4190/1956 2441/2650/1957
f 2435/2643/1955 1274/1360/1958 2442/2651/1959 3811/4190/1956
f 3811/4190/1956 2442/2651/1959 1281/1367/1960 2448/2657/1961
f 2441/2650/1957 3811/4190/1956 2448/2657/1961 1280/1366/1962
f 1274/1360/1958 2436/2644/1963 3812/4191/1964 2442/2651/1959
f 2436/2644/1963 1275/1361/1965 2443/2652/1966 3812/4191/1964
f 3812/4191/1964 2443/2652/1966 1282/1368/1967 2449/2658/1968
f 2442/2651/1959 3812/4191/1964 2449/2658/1968 1281/1367/1960
f 1275/1361/1965 2437/2646/1969 3813/4193/1970 2443/2652/1966
f 2437/2645/1969 1276/1362/1971 2444/2653/1972 3813/4192/1970
f 3813/4192/1970 2444/2653/1972 1283/1369/1973 2450/2660/1974
f 2443/2652/1966 3813/4193/1970 2450/2659/1974 1282/1368/1967
f 1276/1362/1971 2438/2647/1975 3814/4194/1976 2444/2653/1972
f 2438/2647/1975 1277/1363/1977 2445/2654/1978 3814/4194/1976
f 3814/4194/1976 2445/2654/1978 1284/1370/1979 2451/2661/1980
f 2444/2653/1972 3814/4194/1976 2451/2661/1980 1283/1369/1973
f 1277/1363/1977 2439/2648/1981 3815/4195/1982 2445/2654/1978
f 2439/2648/1981 1278/1364/1983 2446/2655/1984 3815/4195/1982
f 3815/4195/1982 2446/2655/1984 1285/1371/1985 2452/2662/1986
f 2445/2654/1978 3815/4195/1982 2452/2662/1986 1284/1370/1979
f 1278/1364/1983 2440/2649/1987 3816/4196/1988 2446/2655/1984
f 2440/2649/1987 1279/1365/1989 2447/2656/1990 3816/4196/1988
f 3816/4196/1988 2447/2656/1990 1286/1372/1991 2453/2663/1992
f 2446/2655/1984 3816/4196/1988 2453/2663/1992 1285/1371/1985
f 1280/1366/1962 2448/2657/1961 3817/4197/1993 2454/2664/1994
f 2448/2657/1961 1281/1367/1960 2455/2665/1995 3817/4197/1993
f 3817/4197/1993 2455/2665/1995 1288/1374/1996 2461/2671/1997
f 2454/2664/1994 3817/4197/1993 2461/2671/1997 1287/1373/1998
f 1281/1367/1960 2449/2658/1968 3818/4198/1999 2455/2665/1995
f 2449/2658/1968 1282/1368/1967 2456/2666/2000 3818/4198/1999
f 3818/4198/1999 2456/2666/2000 1289/1375/2001 2462/2672/2002
f 2455/2665/1995 3818/4198/1999 2462/2672/2002 1288/1374/1996
f 1282/1368/1967 2450/2659/1974 3819/4200/2003 2456/2666/2000
f 2450/2660/1974 1283/1369/1973 2457/2667/2004 3819/4199/2003
f 3819/4199/2003 2457/2667/2004 1290/1376/2005 2463/2674/2006
f 2456/2666/2000 3819/4200/2003 2463/2673/2006 1289/1375/2001
f 1283/1369/1973 2451/2661/1980 3820/4201/2007 2457/2667/2004
f 2451/2661/1980 1284/1370/1979 2458/2668/2008 3820/4201/2007
f 3820/4201/2007 2458/2668/2008 1291/1377/2009 2464/2675/2010
f 2457/2667/2004 3820/4201/2007 2464/2675/2010 1290/1376/2005
f 1284/1370/1979 2452/2662/1986 3821/4202/2011 2458/2668/2008
f 2452/2662/1986 1285/1371/1985 2459/2669/2012 3821/4202/2011
f 3821/4202/2011 2459/2669/2012 1292/1378/2013 2465/2676/2014
f 2458/2668/2008 3821/4202/2011 2465/2676/2014 1291/1377/2009
f 1285/1371/1985 2453/2663/1992 3822/4203/2015 2459/2669/2012
f 2453/2663/1992 1286/1372/1991 2460/2670/2016 3822/4203/2015
f 3822/4203/2015 2460/2670/2016 1293/1379/2017 2466/2677/2018
f 2459/2669/2012 3822/4203/2015 2466/2677/2018 1292/1378/2013
f 1287/1373/1998 2461/2671/1997 3823/4204/2019 2467/2678/2020
f 2461/2671/1997 1288/1374/1996 2468/2679/2021 3823/4204/2019
f 3823/4204/2019 2468/2679/2021 1295/1381/2022 2474/2686/2023
f 2467/2678/2020 3823/4204/2019 2474/2686/2023 1294/1380/2024
f 1288/1374/1996 2462/2672/2002 3824/4205/2025 2468/2679/2021
f 2462/2672/2002 1289/1375/2001 2469/2680/2026 3824/4205/2025
f 3824/4205/2025 2469/2680/2026 1296/1382/2027 2475/2687/2028
f 2468/2679/2021 3824/4205/2025 2475/2687/2028 1295/1381/2022
f 1289/1375/2001 2463/2673/2006 3825/4207/2029 2469/2680/2026
f 2463/2674/2006 1290/1376/2005 2470/2682/2030 3825/4206/2029
f 3825/4207/2029 2470/2681/2030 1297/1383/2031 2476/2688/2032
f 2469/2680/2026 3825/4207/2029 2476/2688/2032 1296/1382/2027
f 1290/1376/2005 2464/2675/2010 3826/4208/2033 2470/2682/2030
f 2464/2675/2010 1291/1377/2009 2471/2683/2034 3826/4208/2033
f 3826/4208/2033 2471/2683/2034 1298/1385/2035 2477/2689/2036
f 2470/2682/2030 3826/4208/2033 2477/2689/2036 1297/1384/2031
f 1291/1377/2009 2465/2676/2014 3827/4209/2037 2471/2683/2034
f 2465/2676/2014 1292/1378/2013 2472/2684/2038 3827/4209/2037
f 3827/4209/2037 2472/2684/2038 1299/1386/2039 2478/2690/2040
f 2471/2683/2034 3827/4209/2037 2478/2690/2040 1298/1385/2035
f 1292/1378/2013 2466/2677/2018 3828/4210/2041 2472/2684/2038
f 2466/2677/2018 1293/1379/2017 2473/2685/2042 3828/4210/2041
f 3828/4210/2041 2473/2685/2042 1300/1387/2043 2479/2691/2044
f 2472/2684/2038 3828/4210/2041 2479/2691/2044 1299/1386/2039
f 1294/1380/2024 2474/2686/2023 3829/4211/2045 2480/2692/2046
f 2474/2686/2023 1295/1381/2022 2481/2693/2047 3829/4211/2045
f 3829/4211/2045 2481/2693/2047 1302/1389/2048 2487/2704/2049
f 2480/2692/2046 3829/4211/2045 2487/2704/2049 1301/1388/2050
f 1295/1381/2022 2475/2687/2028 3830/4212/2051 2481/2693/2047
f 2475/2687/2028 1296/1382/2027 2482/2694/2052 3830/4212/2051
f 3830/4212/2051 2482/2694/2052 1303/1390/2053 2488/2705/2054
f 2481/2693/2047 3830/4212/2051 2488/2705/2054 1302/1389/2048
f 1296/1382/2027 2476/2688/2032 3831/4213/2055 2482/2694/2052
f 2476/2688/2032 1297/1383/2031 2483/2695/2056 3831/4213/2055
f 3831/4213/2055 2483/2695/2056 1304/1391/2057 2489/2706/2058
f 2482/2694/2052 3831/4213/2055 2489/2706/2058 1303/1390/2053
f 1297/1384/2031 2477/2689/2036 3832/4214/2059 2483/2696/2056
f 2477/2689/2036 1298/1385/2035 2484/2698/2060 3832/4214/2059
f 3832/4215/2059 2484/2699/2060 1305/1393/2061 2490/2707/2062
f 2483/2697/2056 3832/4215/2059 2490/2707/2062 1304/1392/2057
f 1298/1385/2035 2478/2690/2040 3833/4216/2063 2484/2698/2060
f 2478/2690/2040 1299/1386/2039 2485/2700/2064 3833/4216/2063
f 3833/4217/2063 2485/2701/2064 1306/1394/2065 2491/2708/2066
f 2484/2699/2060 3833/4217/2063 2491/2708/2066 1305/1393/2061
f 1299/1386/2039 2479/2691/2044 3834/4218/2067 2485/2700/2064
f 2479/2691/2044 1300/1387/2043 2486/2702/2068 3834/4218/2067
f 3834/4219/2067 2486/2703/2068 1307/1395/2069 2492/2709/2070
f 2485/2701/2064 3834/4219/2067 2492/2709/2070 1306/1394/2065
f 1301/1388/2050 2487/2704/2049 3835/4220/2071 2493/2710/2072
f 2487/2704/2049 1302/1389/2048 2494/2711/2073 3835/4220/2071
f 3835/4220/2071 2494/2711/2073 1309/1397/2074 2500/2718/2075
f 2493/2710/2072 3835/4220/2071 2500/2718/2075 1308/1396/2076
f 1302/1389/2048 2488/2705/2054 3836/4221/2077 2494/2711/2073
f 2488/2705/2054 1303/1390/2053 2495/2712/2078 3836/4221/2077
f 3836/4221/2077 2495/2712/2078 1310/1398/2079 2501/2719/2080
f 2494/2711/2073 3836/4221/2077 2501/2719/2080 1309/1397/2074
f 1303/1390/2053 2489/2706/2058 3837/4223/2081 2495/2712/2078
f 2489/2706/2058 1304/1391/2057 2496/2713/2082 3837/4223/2081
f 3837/4222/2081 2496/2714/2082 1311/1399/2083 2502/2721/2084
f 2495/2712/2078 3837/4223/2081 2502/2720/2084 1310/1398/2079
f 1304/1392/2057 2490/2707/2062 3838/4224/2085 2496/2714/2082
f 2490/2707/2062 1305/1393/2061 2497/2715/2086 3838/4224/2085
f 3838/4224/2085 2497/2715/2086 1312/1400/2087 2503/2722/2088
f 2496/2714/2082 3838/4224/2085 2503/2722/2088 1311/1399/2083
f 1305/1393/2061 2491/2708/2066 3839/4225/2089 2497/2715/2086
f 2491/2708/2066 1306/1394/2065 2498/2716/2090 3839/4225/2089
f 3839/4225/2089 2498/2716/2090 1313/1401/2091 2504/2723/2092
f 2497/2715/2086 3839/4225/2089 2504/2723/2092 1312/1400/2087
f 1306/1394/2065 2492/2709/2070 3840/4226/2093 2498/2716/2090
f 2492/2709/2070 1307/1395/2069 2499/2717/2094 3840/4226/2093
f 3840/4226/2093 2499/2717/2094 1314/1402/2095 2505/2724/2096
f 2498/2716/2090 3840/4226/2093 2505/2724/2096 1313/1401/2091
f 1308/1396/2076 2500/2718/2075 3841/4227/2097 2506/2725/2098
f 2500/2718/2075 1309/1397/2074 2507/2726/2099 3841/4227/2097
f 3841/4227/2097 2507/2726/2099 1316/1404/2100 2513/2732/2101
f 2506/2725/2098 3841/4227/2097 2513/2732/2101 1315/1403/2102
f 1309/1397/2074 2501/2719/2080 3842/4228/2103 2507/2726/2099
f 2501/2719/2080 1310/1398/2079 2508/2727/2104 3842/4228/2103
f 3842/4228/2103 2508/2727/2104 1317/1405/2105 2514/2733/2106
f 2507/2726/2099 3842/4228/2103 2514/2733/2106 1316/1404/2100
f 1310/1398/2079 2502/2720/2084 3843/4230/2107 2508/2727/2104
f 2502/2721/2084 1311/1399/2083 2509/2728/2108 3843/4229/2107
f 3843/4229/2107 2509/2728/2108 1318/1406/2109 2515/2735/2110
f 2508/2727/2104 3843/4230/2107 2515/2734/2110 1317/1405/2105
f 1311/1399/2083 2503/2722/2088 3844/4231/2111 2509/2728/2108
f 2503/2722/2088 1312/1400/2087 2510/2729/2112 3844/4231/2111
f 3844/4231/2111 2510/2729/2112 1319/1407/2113 2516/2736/2114
f 2509/2728/2108 3844/4231/2111 2516/2736/2114 1318/1406/2109
f 1312/1400/2087 2504/2723/2092 3845/4232/2115 2510/2729/2112
f 2504/2723/2092 1313/1401/2091 2511/2730/2116 3845/4232/2115
f 3845/4232/2115 2511/2730/2116 1320/1408/2117 2517/2737/2118
f 2510/2729/2112 3845/4232/2115 2517/2737/2118 1319/1407/2113
f 1313/1401/2091 2505/2724/2096 3846/4233/2119 2511/2730/2116
f 2505/2724/2096 1314/1402/2095 2512/2731/2120 3846/4233/2119
f 3846/4233/2119 2512/2731/2120 1321/1409/2121 2518/2738/2122
f 2511/2730/2116 3846/4233/2119 2518/2738/2122 1320/1408/2117
f 866/926/1898 1786/1933/2123 3847/4234/2124 1858/2012/1899
f 1786/1933/2123 901/961/2125 2519/2739/2126 3847/4234/2124
f 3847/4234/2124 2519/2739/2126 1273/1359/1954 2546/2766/2127
f 1858/2012/1899 3847/4234/2124 2546/2766/2127 964/1024/1900
f 901/961/2125 1785/1932/2128 3848/4235/2129 2519/2739/2126
f 1785/1932/2128 900/960/2130 2520/2740/2131 3848/4235/2129
f 3848/4235/2129 2520/2740/2131 1274/1360/1958 2435/2643/1955
f 2519/2739/2126 3848/4235/2129 2435/2643/1955 1273/1359/1954
f 900/960/2130 1784/1931/2132 3849/4236/2133 2520/2740/2131
f 1784/1931/2132 899/959/2134 2521/2741/2135 3849/4236/2133
f 3849/4236/2133 2521/2741/2135 1275/1361/1965 2436/2644/1963
f 2520/2740/2131 3849/4236/2133 2436/2644/1963 1274/1360/1958
f 899/959/2134 1783/1930/2136 3850/4238/2137 2521/2741/2135
f 1783/1929/2136 898/958/2138 2522/2742/2139 3850/4237/2137
f 3850/4237/2137 2522/2742/2139 1276/1362/1971 2437/2645/1969
f 2521/2741/2135 3850/4238/2137 2437/2646/1969 1275/1361/1965
f 898/958/2138 1782/1928/2140 3851/4239/2141 2522/2742/2139
f 1782/1928/2140 897/957/2142 2523/2743/2143 3851/4239/2141
f 3851/4239/2141 2523/2743/2143 1277/1363/1977 2438/2647/1975
f 2522/2742/2139 3851/4239/2141 2438/2647/1975 1276/1362/1971
f 897/957/2142 1781/1927/2144 3852/4240/2145 2523/2743/2143
f 1781/1927/2144 896/956/2146 2524/2744/2147 3852/4240/2145
f 3852/4240/2145 2524/2744/2147 1278/1364/1983 2439/2648/1981
f 2523/2743/2143 3852/4240/2145 2439/2648/1981 1277/1363/1977
f 896/956/2146 1780/1926/2148 3853/4241/2149 2524/2744/2147
f 1780/1926/2148 895/955/2150 2525/2745/2151 3853/4241/2149
f 3853/4241/2149 2525/2745/2151 1279/1365/1989 2440/2649/1987
f 2524/2744/2147 3853/4241/2149 2440/2649/1987 1278/1364/1983
f 895/955/2150 1779/1925/2152 3854/4242/2153 2525/2745/2151
f 1779/1925/2152 865/925/2154 1819/1970/2155 3854/4242/2153
f 3854/4242/2153 1819/1970/2155 930/990/2156 2526/2746/2157
f 2525/2745/2151 3854/4242/2153 2526/2746/2157 1279/1365/1989
f 1279/1365/1989 2526/2746/2157 3855/4243/2158 2447/2656/1990
f 2526/2746/2157 930/990/2156 1820/1971/2159 3855/4243/2158
f 3855/4243/2158 1820/1971/2159 931/991/2160 2527/2747/2161
f 2447/2656/1990 3855/4243/2158 2527/2747/2161 1286/1372/1991
f 1286/1372/1991 2527/2747/2161 3856/4244/2162 2460/2670/2016
f 2527/2747/2161 931/991/2160 1821/1972/2163 3856/4244/2162
f 3856/4244/2162 1821/1972/2163 932/992/2164 2528/2748/2165
f 2460/2670/2016 3856/4244/2162 2528/2748/2165 1293/1379/2017
f 1293/1379/2017 2528/2748/2165 3857/4245/2166 2473/2685/2042
f 2528/2748/2165 932/992/2164 1822/1973/2167 3857/4245/2166
f 3857/4245/2166 1822/1973/2167 933/993/2168 2529/2749/2169
f 2473/2685/2042 3857/4245/2166 2529/2749/2169 1300/1387/2043
f 1300/1387/2043 2529/2749/2169 3858/4246/2170 2486/2702/2068
f 2529/2749/2169 933/993/2168 1823/1975/2171 3858/4246/2170
f 3858/4247/2170 1823/1974/2171 934/994/2172 2530/2750/2173
f 2486/2703/2068 3858/4247/2170 2530/2750/2173 1307/1395/2069
f 1307/1395/2069 2530/2750/2173 3859/4248/2174 2499/2717/2094
f 2530/2750/2173 934/994/2172 1824/1976/2175 3859/4248/2174
f 3859/4248/2174 1824/1976/2175 935/995/2176 2531/2751/2177
f 2499/2717/2094 3859/4248/2174 2531/2751/2177 1314/1402/2095
f 1314/1402/2095 2531/2751/2177 3860/4249/2178 2512/2731/2120
f 2531/2751/2177 935/995/2176 1825/1977/2179 3860/4249/2178
f 3860/4249/2178 1825/1977/2179 936/996/2180 2532/2752/2181
f 2512/2731/2120 3860/4249/2178 2532/2752/2181 1321/1409/2121
f 1321/1409/2121 2532/2752/2181 3861/4250/2182 2533/2753/2183
f 2532/2752/2181 936/996/2180 1826/1978/2184 3861/4250/2182
f 3861/4250/2182 1826/1978/2184 867/927/1068 1795/1943/1355
f 2533/2753/2183 3861/4250/2182 1795/1943/1355 909/969/1353
f 1320/1408/2117 2518/2738/2122 3862/4251/2185 2534/2754/2186
f 2518/2738/2122 1321/1409/2121 2533/2753/2183 3862/4251/2185
f 3862/4251/2185 2533/2753/2183 909/969/1353 1796/1944/1351
f 2534/2754/2186 3862/4251/2185 1796/1944/1351 910/970/1349
f 1319/1407/2113 2517/2737/2118 3863/4252/2187 2535/2755/2188
f 2517/2737/2118 1320/1408/2117 2534/2754/2186 3863/4252/2187
f 3863/4252/2187 2534/2754/2186 910/970/1349 1797/1945/1347
f 2535/2755/2188 3863/4252/2187 1797/1945/1347 911/971/1345
f 1318/1406/2109 2516/2736/2114 3864/4253/2189 2536/2756/2190
f 2516/2736/2114 1319/1407/2113 2535/2755/2188 3864/4253/2189
f 3864/4253/2189 2535/2755/2188 911/971/1345 1798/1946/1343
f 2536/2756/2190 3864/4253/2189 1798/1946/1343 912/972/1341
f 1317/1405/2105 2515/2734/2110 3865/4255/2191 2537/2757/2192
f 2515/2735/2110 1318/1406/2109 2536/2756/2190 3865/4254/2191
f 3865/4254/2191 2536/2756/2190 912/972/1341 1799/1947/1339
f 2537/2757/2192 3865/4255/2191 1799/1948/1339 913/973/1337
f 1316/1404/2100 2514/2733/2106 3866/4256/2193 2538/2758/2194
f 2514/2733/2106 1317/1405/2105 2537/2757/2192 3866/4256/2193
f 3866/4256/2193 2537/2757/2192 913/973/1337 1800/1949/1335
f 2538/2758/2194 3866/4256/2193 1800/1949/1335 914/974/1333
f 1315/1403/2102 2513/2732/2101 3867/4257/2195 2539/2759/2196
f 2513/2732/2101 1316/1404/2100 2538/2758/2194 3867/4257/2195
f 3867/4257/2195 2538/2758/2194 914/974/1333 1801/1950/1331
f 2539/2759/2196 3867/4257/2195 1801/1950/1331 915/975/1327
f 958/1018/1924 2540/2760/2197 3868/4258/2198 1851/2005/1928
f 2540/2760/2197 1315/1403/2102 2539/2759/2196 3868/4258/2198
f 3868/4258/2198 2539/2759/2196 915/975/1327 1802/1951/1324
f 1851/2005/1928 3868/4258/2198 1802/1951/1324 868/928/1323
f 959/1019/1920 2541/2761/2199 3869/4259/2200 1852/2006/1923
f 2541/2761/2199 1308/1396/2076 2506/2725/2098 3869/4259/2200
f 3869/4259/2200 2506/2725/2098 1315/1403/2102 2540/2760/2197
f 1852/2006/1923 3869/4259/2200 2540/2760/2197 958/1018/1924
f 960/1020/1916 2542/2762/2201 3870/4260/2202 1853/2007/1919
f 2542/2762/2201 1301/1388/2050 2493/2710/2072 3870/4260/2202
f 3870/4260/2202 2493/2710/2072 1308/1396/2076 2541/2761/2199
f 1853/2007/1919 3870/4260/2202 2541/2761/2199 959/1019/1920
f 961/1021/1912 2543/2763/2203 3871/4261/2204 1854/2008/1915
f 2543/2763/2203 1294/1380/2024 2480/2692/2046 3871/4261/2204
f 3871/4261/2204 2480/2692/2046 1301/1388/2050 2542/2762/2201
f 1854/2008/1915 3871/4261/2204 2542/2762/2201 960/1020/1916
f 962/1022/1908 2544/2764/2205 3872/4262/2206 1855/2009/1911
f 2544/2764/2205 1287/1373/1998 2467/2678/2020 3872/4262/2206
f 3872/4262/2206 2467/2678/2020 1294/1380/2024 2543/2763/2203
f 1855/2009/1911 3872/4262/2206 2543/2763/2203 961/1021/1912
f 963/1023/1904 2545/2765/2207 3873/4263/2208 1856/2010/1907
f 2545/2765/2207 1280/1366/1962 2454/2664/1994 3873/4263/2208
f 3873/4263/2208 2454/2664/1994 1287/1373/1998 2544/2764/2205
f 1856/2010/1907 3873/4263/2208 2544/2764/2205 962/1022/1908
f 964/1024/1900 2546/2766/2127 3874/4264/2209 1857/2011/1903
f 2546/2766/2127 1273/1359/1954 2441/2650/1957 3874/4264/2209
f 3874/4264/2209 2441/2650/1957 1280/1366/1962 2545/2765/2207
f 1857/2011/1903 3874/4264/2209 2545/2765/2207 963/1023/1904
f 1322/1410/2210 2547/2767/2211 3875/4265/2212 2553/2774/2213
f 2547/2767/2211 1323/1411/2214 2554/2775/2215 3875/4265/2212
f 3875/4265/2212 2554/2775/2215 1330/1418/2216 2560/2781/2217
f 2553/2774/2213 3875/4265/2212 2560/2781/2217 1329/1417/2218
f 1323/1411/2214 2548/2768/2219 3876/4266/2220 2554/2775/2215
f 2548/2768/2219 1324/1412/2221 2555/2776/2222 3876/4266/2220
f 3876/4266/2220 2555/2776/2222 1331/1419/2223 2561/2782/2224
f 2554/2775/2215 3876/4266/2220 2561/2782/2224 1330/1418/2216
f 1324/1412/2221 2549/2770/2225 3877/4268/2226 2555/2776/2222
f 2549/2769/2225 1325/1413/2227 2556/2777/2228 3877/4267/2226
f 3877/4267/2226 2556/2777/2228 1332/1420/2229 2562/2784/2230
f 2555/2776/2222 3877/4268/2226 2562/2783/2230 1331/1419/2223
f 1325/1413/2227 2550/2771/2231 3878/4269/2232 2556/2777/2228
f 2550/2771/2231 1326/1414/2233 2557/2778/2234 3878/4269/2232
f 3878/4269/2232 2557/2778/2234 1333/1421/2235 2563/2785/2236
f 2556/2777/2228 3878/4269/2232 2563/2785/2236 1332/1420/2229
f 1326/1414/2233 2551/2772/2237 3879/4270/2238 2557/2778/2234
f 2551/2772/2237 1327/1415/2239 2558/2779/2240 3879/4270/2238
f 3879/4270/2238 2558/2779/2240 1334/1422/2241 2564/2786/2242
f 2557/2778/2234 3879/4270/2238 2564/2786/2242 1333/1421/2235
f 1327/1415/2239 2552/2773/2243 3880/4271/2244 2558/2779/2240
f 2552/2773/2243 1328/1416/2245 2559/2780/2246 3880/4271/2244
f 3880/4271/2244 2559/2780/2246 1335/1423/2247 2565/2787/2248
f 2558/2779/2240 3880/4271/2244 2565/2787/2248 1334/1422/2241
f 1329/1417/2218 2560/2781/2217 3881/4272/2249 2566/2788/2250
f 2560/2781/2217 1330/1418/2216 2567/2789/2251 3881/4272/2249
f 3881/4272/2249 2567/2789/2251 1337/1425/2252 2573/2795/2253
f 2566/2788/2250 3881/4272/2249 2573/2795/2253 1336/1424/2254
f 1330/1418/2216 2561/2782/2224 3882/4273/2255 2567/2789/2251
f 2561/2782/2224 1331/1419/2223 2568/2790/2256 3882/4273/2255
f 3882/4273/2255 2568/2790/2256 1338/1426/2257 2574/2796/2258
f 2567/2789/2251 3882/4273/2255 2574/2796/2258 1337/1425/2252
f 1331/1419/2223 2562/2783/2230 3883/4275/2259 2568/2790/2256
f 2562/2784/2230 1332/1420/2229 2569/2791/2260 3883/4274/2259
f 3883/4274/2259 2569/2791/2260 1339/1427/2261 2575/2798/2262
f 2568/2790/2256 3883/4275/2259 2575/2797/2262 1338/1426/2257
f 1332/1420/2229 2563/2785/2236 3884/4276/2263 2569/2791/2260
f 2563/2785/2236 1333/1421/2235 2570/2792/2264 3884/4276/2263
f 3884/4276/2263 2570/2792/2264 1340/1428/2265 2576/2799/2266
f 2569/2791/2260 3884/4276/2263 2576/2799/2266 1339/1427/2261
f 1333/1421/2235 2564/2786/2242 3885/4277/2267 2570/2792/2264
f 2564/2786/2242 1334/1422/2241 2571/2793/2268 3885/4277/2267
f 3885/4277/2267 2571/2793/2268 1341/1429/2269 2577/2800/2270
f 2570/2792/2264 3885/4277/2267 2577/2800/2270 1340/1428/2265
f 1334/1422/2241 2565/2787/2248 3886/4278/2271 2571/2793/2268
f 2565/2787/2248 1335/1423/2247 2572/2794/2272 3886/4278/2271
f 3886/4278/2271 2572/2794/2272 1342/1430/2273 2578/2801/2274
f 2571/2793/2268 3886/4278/2271 2578/2801/2274 1341/1429/2269
f 1336/1424/2254 2573/2795/2253 3887/4279/2275 2579/2802/2276
f 2573/2795/2253 1337/1425/2252 2580/2803/2277 3887/4279/2275
f 3887/4279/2275 2580/2803/2277 1344/1432/2278 2586/2810/2279
f 2579/2802/2276 3887/4279/2275 2586/2810/2279 1343/1431/2280
f 1337/1425/2252 2574/2796/2258 3888/4280/2281 2580/2803/2277
f 2574/2796/2258 1338/1426/2257 2581/2804/2282 3888/4280/2281
f 3888/4280/2281 2581/2804/2282 1345/1433/2283 2587/2811/2284
f 2580/2803/2277 3888/4280/2281 2587/2811/2284 1344/1432/2278
f 1338/1426/2257 2575/2797/2262 3889/4282/2285 2581/2804/2282
f 2575/2798/2262 1339/1427/2261 2582/2806/2286 3889/4281/2285
f 3889/4282/2285 2582/2805/2286 1346/1434/2287 2588/2812/2288
f 2581/2804/2282 3889/4282/2285 2588/2812/2288 1345/1433/2283
f 1339/1427/2261 2576/2799/2266 3890/4283/2289 2582/2806/2286
f 2576/2799/2266 1340/1428/2265 2583/2807/2290 3890/4283/2289
f 3890/4283/2289 2583/2807/2290 1347/1436/2291 2589/2813/2292
f 2582/2806/2286 3890/4283/2289 2589/2813/2292 1346/1435/2287
f 1340/1428/2265 2577/2800/2270 3891/4284/2293 2583/2807/2290
f 2577/2800/2270 1341/1429/2269 2584/2808/2294 3891/4284/2293
f 3891/4284/2293 2584/2808/2294 1348/1437/2295 2590/2814/2296
f 2583/2807/2290 3891/4284/2293 2590/2814/2296 1347/1436/2291
f 1341/1429/2269 2578/2801/2274 3892/4285/2297 2584/2808/2294
f 2578/2801/2274 1342/1430/2273 2585/2809/2298 3892/4285/2297
f 3892/4285/2297 2585/2809/2298 1349/1438/2299 2591/2815/2300
f 2584/2808/2294 3892/4285/2297 2591/2815/2300 1348/1437/2295
f 1343/1431/2280 2586/2810/2279 3893/4286/2301 2592/2816/2302
f 2586/2810/2279 1344/1432/2278 2593/2817/2303 3893/4286/2301
f 3893/4286/2301 2593/2817/2303 1351/1440/2304 2599/2828/2305
f 2592/2816/2302 3893/4286/2301 2599/2828/2305 1350/1439/2306
f 1344/1432/2278 2587/2811/2284 3894/4287/2307 2593/2817/2303
f 2587/2811/2284 1345/1433/2283 2594/2818/2308 3894/4287/2307
f 3894/4287/2307 2594/2818/2308 1352/1441/2309 2600/2829/2310
f 2593/2817/2303 3894/4287/2307 2600/2829/2310 1351/1440/2304
f 1345/1433/2283 2588/2812/2288 3895/4288/2311 2594/2818/2308
f 2588/2812/2288 1346/1434/2287 2595/2819/2312 3895/4288/2311
f 3895/4288/2311 2595/2819/2312 1353/1442/2313 2601/2830/2314
f 2594/2818/2308 3895/4288/2311 2601/2830/2314 1352/1441/2309
f 1346/1435/2287 2589/2813/2292 3896/4289/2315 2595/2820/2312
f 2589/2813/2292 1347/1436/2291 2596/2822/2316 3896/4289/2315
f 3896/4290/2315 2596/2823/2316 1354/1444/2317 2602/2831/2318
f 2595/2821/2312 3896/4290/2315 2602/2831/2318 1353/1443/2313
f 1347/1436/2291 2590/2814/2296 3897/4291/2319 2596/2822/2316
f 2590/2814/2296 1348/1437/2295 2597/2824/2320 3897/4291/2319
f 3897/4292/2319 2597/2825/2320 1355/1445/2321 2603/2832/2322
f 2596/2823/2316 3897/4292/2319 2603/2832/2322 1354/1444/2317
f 1348/1437/2295 2591/2815/2300 3898/4293/2323 2597/2824/2320
f 2591/2815/2300 1349/1438/2299 2598/2826/2324 3898/4293/2323
f 3898/4294/2323 2598/2827/2324 1356/1446/2325 2604/2833/2326
f 2597/2825/2320 3898/4294/2323 2604/2833/2326 1355/1445/2321
f 1350/1439/2306 2599/2828/2305 3899/4295/2327 2605/2834/2328
f 2599/2828/2305 1351/1440/2304 2606/2835/2329 3899/4295/2327
f 3899/4295/2327 2606/2835/2329 1358/1448/2330 2612/2842/2331
f 2605/2834/2328 3899/4295/2327 2612/2842/2331 1357/1447/2332
f 1351/1440/2304 2600/2829/2310 3900/4296/2333 2606/2835/2329
f 2600/2829/2310 1352/1441/2309 2607/2836/2334 3900/4296/2333
f 3900/4296/2333 2607/2836/2334 1359/1449/2335 2613/2843/2336
f 2606/2835/2329 3900/4296/2333 2613/2843/2336 1358/1448/2330
f 1352/1441/2309 2601/2830/2314 3901/4298/2337 2607/2836/2334
f 2601/2830/2314 1353/1442/2313 2608/2837/2338 3901/4298/2337
f 3901/4297/2337 2608/2838/2338 1360/1450/2339 2614/2845/2340
f 2607/2836/2334 3901/4298/2337 2614/2844/2340 1359/1449/2335
f 1353/1443/2313 2602/2831/2318 3902/4299/2341 2608/2838/2338
f 2602/2831/2318 1354/1444/2317 2609/2839/2342 3902/4299/2341
f 3902/4299/2341 2609/2839/2342 1361/1451/2343 2615/2846/2344
f 2608/2838/2338 3902/4299/2341 2615/2846/2344 1360/1450/2339
f 1354/1444/2317 2603/2832/2322 3903/4300/2345 2609/2839/2342
f 2603/2832/2322 1355/1445/2321 2610/2840/2346 3903/4300/2345
f 3903/4300/2345 2610/2840/2346 1362/1452/2347 2616/2847/2348
f 2609/2839/2342 3903/4300/2345 2616/2847/2348 1361/1451/2343
f 1355/1445/2321 2604/2833/2326 3904/4301/2349 2610/2840/2346
f 2604/2833/2326 1356/1446/2325 2611/2841/2350 3904/4301/2349
f 3904/4301/2349 2611/2841/2350 1363/1453/2351 2617/2848/2352
f 2610/2840/2346 3904/4301/2349 2617/2848/2352 1362/1452/2347
f 1357/1447/2332 2612/2842/2331 3905/4302/2353 2618/2849/2354
f 2612/2842/2331 1358/1448/2330 2619/2850/2355 3905/4302/2353
f 3905/4302/2353 2619/2850/2355 1365/1455/2356 2625/2856/2357
f 2618/2849/2354 3905/4302/2353 2625/2856/2357 1364/1454/2358
f 1358/1448/2330 2613/2843/2336 3906/4303/2359 2619/2850/2355
f 2613/2843/2336 1359/1449/2335 2620/2851/2360 3906/4303/2359
f 3906/4303/2359 2620/2851/2360 1366/1456/2361 2626/2857/2362
f 2619/2850/2355 3906/4303/2359 2626/2857/2362 1365/1455/2356
f 1359/1449/2335 2614/2844/2340 3907/4305/2363 2620/2851/2360
f 2614/2845/2340 1360/1450/2339 2621/2852/2364 3907/4304/2363
f 3907/4304/2363 2621/2852/2364 1367/1457/2365 2627/2859/2366
f 2620/2851/2360 3907/4305/2363 2627/2858/2366 1366/1456/2361
f 1360/1450/2339 2615/2846/2344 3908/4306/2367 2621/2852/2364
f 2615/2846/2344 1361/1451/2343 2622/2853/2368 3908/4306/2367
f 3908/4306/2367 2622/2853/2368 1368/1458/2369 2628/2860/2370
f 2621/2852/2364 3908/4306/2367 2628/2860/2370 1367/1457/2365
f 1361/1451/2343 2616/2847/2348 3909/4307/2371 2622/2853/2368
f 2616/2847/2348 1362/1452/2347 2623/2854/2372 3909/4307/2371
f 3909/4307/2371 2623/2854/2372 1369/1459/2373 2629/2861/2374
f 2622/2853/2368 3909/4307/2371 2629/2861/2374 1368/1458/2369
f 1362/1452/2347 2617/2848/2352 3910/4308/2375 2623/2854/2372
f 2617/2848/2352 1363/1453/2351 2624/2855/2376 3910/4308/2375
f 3910/4308/2375 2624/2855/2376 1370/1460/2377 2630/2862/2378
f 2623/2854/2372 3910/4308/2375 2630/2862/2378 1369/1459/2373
f 870/930/1675 1810/1960/1674 3911/4309/2379 1778/1924/1867
f 1810/1960/1674 922/982/1669 2631/2863/2380 3911/4309/2379
f 3911/4309/2379 2631/2863/2380 1322/1410/2210 2658/2890/2381
f 1778/1924/1867 3911/4309/2379 2658/2890/2381 894/954/1869
f 922/982/1669 1809/1959/1668 3912/4310/2382 2631/2863/2380
f 1809/1959/1668 921/981/1665 2632/2864/2383 3912/4310/2382
f 3912/4310/2382 2632/2864/2383 1323/1411/2214 2547/2767/2211
f 2631/2863/2380 3912/4310/2382 2547/2767/2211 1322/1410/2210
f 921/981/1665 1808/1958/1664 3913/4311/2384 2632/2864/2383
f 1808/1958/1664 920/980/1661 2633/2865/2385 3913/4311/2384
f 3913/4311/2384 2633/2865/2385 1324/1412/2221 2548/2768/2219
f 2632/2864/2383 3913/4311/2384 2548/2768/2219 1323/1411/2214
f 920/980/1661 1807/1956/1660 3914/4313/2386 2633/2865/2385
f 1807/1957/1660 919/979/1657 2634/2866/2387 3914/4312/2386
f 3914/4312/2386 2634/2866/2387 1325/1413/2227 2549/2769/2225
f 2633/2865/2385 3914/4313/2386 2549/2770/2225 1324/1412/2221
f 919/979/1657 1806/1955/1656 3915/4314/2388 2634/2866/2387
f 1806/1955/1656 918/978/1653 2635/2867/2389 3915/4314/2388
f 3915/4314/2388 2635/2867/2389 1326/1414/2233 2550/2771/2231
f 2634/2866/2387 3915/4314/2388 2550/2771/2231 1325/1413/2227
f 918/978/1653 1805/1954/1652 3916/4315/2390 2635/2867/2389
f 1805/1954/1652 917/977/1649 2636/2868/2391 3916/4315/2390
f 3916/4315/2390 2636/2868/2391 1327/1415/2239 2551/2772/2237
f 2635/2867/2389 3916/4315/2390 2551/2772/2237 1326/1414/2233
f 917/977/1649 1804/1953/1648 3917/4316/2392 2636/2868/2391
f 1804/1953/1648 916/976/1645 2637/2869/2393 3917/4316/2392
f 3917/4316/2392 2637/2869/2393 1328/1416/2245 2552/2773/2243
f 2636/2868/2391 3917/4316/2392 2552/2773/2243 1327/1415/2239
f 916/976/1645 1803/1952/1644 3918/4317/2394 2637/2869/2393
f 1803/1952/1644 869/929/1643 1843/1996/2395 3918/4317/2394
f 3918/4317/2394 1843/1996/2395 951/1011/2396 2638/2870/2397
f 2637/2869/2393 3918/4317/2394 2638/2870/2397 1328/1416/2245
f 1328/1416/2245 2638/2870/2397 3919/4318/2398 2559/2780/2246
f 2638/2870/2397 951/1011/2396 1844/1997/2399 3919/4318/2398
f 3919/4318/2398 1844/1997/2399 952/1012/2400 2639/2871/2401
f 2559/2780/2246 3919/4318/2398 2639/2871/2401 1335/1423/2247
f 1335/1423/2247 2639/2871/2401 3920/4319/2402 2572/2794/2272
f 2639/2871/2401 952/1012/2400 1845/1998/2403 3920/4319/2402
f 3920/4319/2402 1845/1998/2403 953/1013/2404 2640/2872/2405
f 2572/2794/2272 3920/4319/2402 2640/2872/2405 1342/1430/2273
f 1342/1430/2273 2640/2872/2405 3921/4320/2406 2585/2809/2298
f 2640/2872/2405 953/1013/2404 1846/1999/2407 3921/4320/2406
f 3921/4320/2406 1846/1999/2407 954/1014/2408 2641/2873/2409
f 2585/2809/2298 3921/4320/2406 2641/2873/2409 1349/1438/2299
f 1349/1438/2299 2641/2873/2409 3922/4321/2410 2598/2826/2324
f 2641/2873/2409 954/1014/2408 1847/2001/2411 3922/4321/2410
f 3922/4322/2410 1847/2000/2411 955/1015/2412 2642/2874/2413
f 2598/2827/2324 3922/4322/2410 2642/2874/2413 1356/1446/2325
f 1356/1446/2325 2642/2874/2413 3923/4323/2414 2611/2841/2350
f 2642/2874/2413 955/1015/2412 1848/2002/2415 3923/4323/2414
f 3923/4323/2414 1848/2002/2415 956/1016/2416 2643/2875/2417
f 2611/2841/2350 3923/4323/2414 2643/2875/2417 1363/1453/2351
f 1363/1453/2351 2643/2875/2417 3924/4324/2418 2624/2855/2376
f 2643/2875/2417 956/1016/2416 1849/2003/2419 3924/4324/2418
f 3924/4324/2418 1849/2003/2419 957/1017/2420 2644/2876/2421
f 2624/2855/2376 3924/4324/2418 2644/2876/2421 1370/1460/2377
f 1370/1460/2377 2644/2876/2421 3925/4325/2422 2645/2877/2423
f 2644/2876/2421 957/1017/2420 1850/2004/2424 3925/4325/2422
f 3925/4325/2422 1850/2004/2424 865/925/2154 1779/1925/2152
f 2645/2877/2423 3925/4325/2422 1779/1925/2152 895/955/2150
f 1369/1459/2373 2630/2862/2378 3926/4326/2425 2646/2878/2426
f 2630/2862/2378 1370/1460/2377 2645/2877/2423 3926/4326/2425
f 3926/4326/2425 2645/2877/2423 895/955/2150 1780/1926/2148
f 2646/2878/2426 3926/4326/2425 1780/1926/2148 896/956/2146
f 1368/1458/2369 2629/2861/2374 3927/4327/2427 2647/2879/2428
f 2629/2861/2374 1369/1459/2373 2646/2878/2426 3927/4327/2427
f 3927/4327/2427 2646/2878/2426 896/956/2146 1781/1927/2144
f 2647/2879/2428 3927/4327/2427 1781/1927/2144 897/957/2142
f 1367/1457/2365 2628/2860/2370 3928/4328/2429 2648/2880/2430
f 2628/2860/2370 1368/1458/2369 2647/2879/2428 3928/4328/2429
f 3928/4328/2429 2647/2879/2428 897/957/2142 1782/1928/2140
f 2648/2880/2430 3928/4328/2429 1782/1928/2140 898/958/2138
f 1366/1456/2361 2627/2858/2366 3929/4330/2431 2649/2881/2432
f 2627/2859/2366 1367/1457/2365 2648/2880/2430 3929/4329/2431
f 3929/4329/2431 2648/2880/2430 898/958/2138 1783/1929/2136
f 2649/2881/2432 3929/4330/2431 1783/1930/2136 899/959/2134
f 1365/1455/2356 2626/2857/2362 3930/4331/2433 2650/2882/2434
f 2626/2857/2362 1366/1456/2361 2649/2881/2432 3930/4331/2433
f 3930/4331/2433 2649/2881/2432 899/959/2134 1784/1931/2132
f 2650/2882/2434 3930/4331/2433 1784/1931/2132 900/960/2130
f 1364/1454/2358 2625/2856/2357 3931/4332/2435 2651/2883/2436
f 2625/2856/2357 1365/1455/2356 2650/2882/2434 3931/4332/2435
f 3931/4332/2435 2650/2882/2434 900/960/2130 1785/1932/2128
f 2651/2883/2436 3931/4332/2435 1785/1932/2128 901/961/2125
f 888/948/1894 2652/2884/2437 3932/4333/2438 1771/1917/1896
f 2652/2884/2437 1364/1454/2358 2651/2883/2436 3932/4333/2438
f 3932/4333/2438 2651/2883/2436 901/961/2125 1786/1933/2123
f 1771/1917/1896 3932/4333/2438 1786/1933/2123 866/926/1898
f 889/949/1890 2653/2885/2439 3933/4334/2440 1772/1918/1892
f 2653/2885/2439 1357/1447/2332 2618/2849/2354 3933/4334/2440
f 3933/4334/2440 2618/2849/2354 1364/1454/2358 2652/2884/2437
f 1772/1918/1892 3933/4334/2440 2652/2884/2437 888/948/1894
f 890/950/1886 2654/2886/2441 3934/4335/2442 1773/1919/1888
f 2654/2886/2441 1350/1439/2306 2605/2834/2328 3934/4335/2442
f 3934/4335/2442 2605/2834/2328 1357/1447/2332 2653/2885/2439
f 1773/1919/1888 3934/4335/2442 2653/2885/2439 889/949/1890
f 891/951/1882 2655/2887/2443 3935/4336/2444 1774/1920/1884
f 2655/2887/2443 1343/1431/2280 2592/2816/2302 3935/4336/2444
f 3935/4336/2444 2592/2816/2302 1350/1439/2306 2654/2886/2441
f 1774/1920/1884 3935/4336/2444 2654/2886/2441 890/950/1886
f 892/952/1878 2656/2888/2445 3936/4337/2446 1775/1921/1880
f 2656/2888/2445 1336/1424/2254 2579/2802/2276 3936/4337/2446
f 3936/4337/2446 2579/2802/2276 1343/1431/2280 2655/2887/2443
f 1775/1921/1880 3936/4337/2446 2655/2887/2443 891/951/1882
f 893/953/1874 2657/2889/2447 3937/4338/2448 1776/1922/1876
f 2657/2889/2447 1329/1417/2218 2566/2788/2250 3937/4338/2448
f 3937/4338/2448 2566/2788/2250 1336/1424/2254 2656/2888/2445
f 1776/1922/1876 3937/4338/2448 2656/2888/2445 892/952/1878
f 894/954/1869 2658/2890/2381 3938/4339/2449 1777/1923/1872
f 2658/2890/2381 1322/1410/2210 2553/2774/2213 3938/4339/2449
f 3938/4339/2449 2553/2774/2213 1329/1417/2218 2657/2889/2447
f 1777/1923/1872 3938/4339/2449 2657/2889/2447 893/953/1874
f 1371/1461/2450 2659/2891/2451 3939/4340/2452 2665/2898/2453
f 2659/2891/2451 1372/1462/2454 2666/2899/2455 3939/4340/2452
f 3939/4340/2452 2666/2899/2455 1379/1469/2456 2672/2905/2457
f 2665/2898/2453 3939/4340/2452 2672/2905/2457 1378/1468/2458
f 1372/1462/2454 2660/2892/2459 3940/4341/2460 2666/2899/2455
f 2660/2892/2459 1373/1463/2461 2667/2900/2462 3940/4341/2460
f 3940/4341/2460 2667/2900/2462 1380/1470/2463 2673/2906/2464
f 2666/2899/2455 3940/4341/2460 2673/2906/2464 1379/1469/2456
f 1373/1463/2461 2661/2894/2465 3941/4343/2466 2667/2900/2462
f 2661/2893/2465 1374/1464/2467 2668/2901/2468 3941/4342/2466
f 3941/4342/2466 2668/2901/2468 1381/1471/2469 2674/2908/2470
f 2667/2900/2462 3941/4343/2466 2674/2907/2470 1380/1470/2463
f 1374/1464/2467 2662/2895/2471 3942/4344/2472 2668/2901/2468
f 2662/2895/2471 1375/1465/2473 2669/2902/2474 3942/4344/2472
f 3942/4344/2472 2669/2902/2474 1382/1472/2475 2675/2909/2476
f 2668/2901/2468 3942/4344/2472 2675/2909/2476 1381/1471/2469
f 1375/1465/2473 2663/2896/2477 3943/4345/2478 2669/2902/2474
f 2663/2896/2477 1376/1466/2479 2670/2903/2480 3943/4345/2478
f 3943/4345/2478 2670/2903/2480 1383/1473/2481 2676/2910/2482
f 2669/2902/2474 3943/4345/2478 2676/2910/2482 1382/1472/2475
f 1376/1466/2479 2664/2897/2483 3944/4346/2484 2670/2903/2480
f 2664/2897/2483 1377/1467/2485 2671/2904/2486 3944/4346/2484
f 3944/4346/2484 2671/2904/2486 1384/1474/2487 2677/2911/2488
f 2670/2903/2480 3944/4346/2484 2677/2911/2488 1383/1473/2481
f 1378/1468/2458 2672/2905/2457 3945/4347/2489 2678/2912/2490
f 2672/2905/2457 1379/1469/2456 2679/2913/2491 3945/4347/2489
f 3945/4347/2489 2679/2913/2491 1386/1476/2492 2685/2919/2493
f 2678/2912/2490 3945/4347/2489 2685/2919/2493 1385/1475/2494
f 1379/1469/2456 2673/2906/2464 3946/4348/2495 2679/2913/2491
f 2673/2906/2464 1380/1470/2463 2680/2914/2496 3946/4348/2495
f 3946/4348/2495 2680/2914/2496 1387/1477/2497 2686/2920/2498
f 2679/2913/2491 3946/4348/2495 2686/2920/2498 1386/1476/2492
f 1380/1470/2463 2674/2907/2470 3947/4350/2499 2680/2914/2496
f 2674/2908/2470 1381/1471/2469 2681/2915/2500 3947/4349/2499
f 3947/4349/2499 2681/2915/2500 1388/1478/2501 2687/2922/2502
f 2680/2914/2496 3947/4350/2499 2687/2921/2502 1387/1477/2497
f 1381/1471/2469 2675/2909/2476 3948/4351/2503 2681/2915/2500
f 2675/2909/2476 1382/1472/2475 2682/2916/2504 3948/4351/2503
f 3948/4351/2503 2682/2916/2504 1389/1479/2505 2688/2923/2506
f 2681/2915/2500 3948/4351/2503 2688/2923/2506 1388/1478/2501
f 1382/1472/2475 2676/2910/2482 3949/4352/2507 2682/2916/2504
f 2676/2910/2482 1383/1473/2481 2683/2917/2508 3949/4352/2507
f 3949/4352/2507 2683/2917/2508 1390/1480/2509 2689/2924/2510
f 2682/2916/2504 3949/4352/2507 2689/2924/2510 1389/1479/2505
f 1383/1473/2481 2677/2911/2488 3950/4353/2511 2683/2917/2508
f 2677/2911/2488 1384/1474/2487 2684/2918/2512 3950/4353/2511
f 3950/4353/2511 2684/2918/2512 1391/1481/2513 2690/2925/2514
f 2683/2917/2508 3950/4353/2511 2690/2925/2514 1390/1480/2509
f 1385/1475/2494 2685/2919/2493 3951/4354/2515 2691/2926/2516
f 2685/2919/2493 1386/1476/2492 2692/2927/2517 3951/4354/2515
f 3951/4354/2515 2692/2927/2517 1393/1483/2518 2698/2933/2519
f 2691/2926/2516 3951/4354/2515 2698/2933/2519 1392/1482/2520
f 1386/1476/2492 2686/2920/2498 3952/4355/2521 2692/2927/2517
f 2686/2920/2498 1387/1477/2497 2693/2928/2522 3952/4355/2521
f 3952/4355/2521 2693/2928/2522 1394/1484/2523 2699/2934/2524
f 2692/2927/2517 3952/4355/2521 2699/2934/2524 1393/1483/2518
f 1387/1477/2497 2687/2921/2502 3953/4357/2525 2693/2928/2522
f 2687/2922/2502 1388/1478/2501 2694/2929/2526 3953/4356/2525
f 3953/4356/2525 2694/2929/2526 1395/1485/2527 2700/2936/2528
f 2693/2928/2522 3953/4357/2525 2700/2935/2528 1394/1484/2523
f 1388/1478/2501 2688/2923/2506 3954/4358/2529 2694/2929/2526
f 2688/2923/2506 1389/1479/2505 2695/2930/2530 3954/4358/2529
f 3954/4358/2529 2695/2930/2530 1396/1486/2531 2701/2937/2532
f 2694/2929/2526 3954/4358/2529 2701/2937/2532 1395/1485/2527
f 1389/1479/2505 2689/2924/2510 3955/4359/2533 2695/2930/2530
f 2689/2924/2510 1390/1480/2509 2696/2931/2534 3955/4359/2533
f 3955/4359/2533 2696/2931/2534 1397/1487/2535 2702/2938/2536
f 2695/2930/2530 3955/4359/2533 2702/2938/2536 1396/1486/2531
f 1390/1480/2509 2690/2925/2514 3956/4360/2537 2696/2931/2534
f 2690/2925/2514 1391/1481/2513 2697/2932/2538 3956/4360/2537
f 3956/4360/2537 2697/2932/2538 1398/1488/2539 2703/2939/2540
f 2696/2931/2534 3956/4360/2537 2703/2939/2540 1397/1487/2535
f 1392/1482/2520 2698/2933/2519 3957/4361/2541 2704/2940/2542
f 2698/2933/2519 1393/1483/2518 2705/2941/2543 3957/4361/2541
f 3957/4361/2541 2705/2941/2543 1400/1490/2544 2711/2947/2545
f 2704/2940/2542 3957/4361/2541 2711/2947/2545 1399/1489/2546
f 1393/1483/2518 2699/2934/2524 3958/4362/2547 2705/2941/2543
f 2699/2934/2524 1394/1484/2523 2706/2942/2548 3958/4362/2547
f 3958/4362/2547 2706/2942/2548 1401/1492/2549 2712/2948/2550
f 2705/2941/2543 3958/4362/2547 2712/2948/2550 1400/1490/2544
f 1394/1484/2523 2700/2935/2528 3959/4364/2551 2706/2942/2548
f 2700/2936/2528 1395/1485/2527 2707/2943/2552 3959/4363/2551
f 3959/4363/2551 2707/2943/2552 1402/1494/2553 2713/2950/2554
f 2706/2942/2548 3959/4364/2551 2713/2951/2554 1401/1492/2549
f 1395/1485/2527 2701/2937/2532 3960/4365/2555 2707/2943/2552
f 2701/2937/2532 1396/1486/2531 2708/2944/2556 3960/4365/2555
f 3960/4365/2555 2708/2944/2556 1403/1496/2557 2714/2953/2558
f 2707/2943/2552 3960/4365/2555 2714/2953/2558 1402/1494/2553
f 1396/1486/2531 2702/2938/2536 3961/4366/2559 2708/2944/2556
f 2702/2938/2536 1397/1487/2535 2709/2945/2560 3961/4366/2559
f 3961/4366/2559 2709/2945/2560 1404/1498/2561 2715/2956/2562
f 2708/2944/2556 3961/4366/2559 2715/2956/2562 1403/1496/2557
f 1397/1487/2535 2703/2939/2540 3962/4367/2563 2709/2945/2560
f 2703/2939/2540 1398/1488/2539 2710/2946/2564 3962/4367/2563
f 3962/4367/2563 2710/2946/2564 1405/1499/2565 2716/2957/2566
f 2709/2945/2560 3962/4367/2563 2716/2957/2566 1404/1498/2561
f 1399/1489/2546 2711/2947/2545 3963/4368/2567 2717/2958/2568
f 2711/2947/2545 1400/1490/2544 2718/2960/2569 3963/4368/2567
f 3963/4369/2567 2718/2961/2569 1407/1501/2570 2724/2969/2571
f 2717/2959/2568 3963/4369/2567 2724/2969/2571 1406/1500/2572
f 1400/1491/2544 2712/2949/2550 3964/4370/2573 2718/2961/2569
f 2712/2949/2550 1401/1493/2549 2719/2962/2574 3964/4370/2573
f 3964/4370/2573 2719/2962/2574 1408/1502/2575 2725/2970/2576
f 2718/2961/2569 3964/4370/2573 2725/2970/2576 1407/1501/2570
f 1401/1493/2549 2713/2952/2554 3965/4371/2577 2719/2962/2574
f 2713/2952/2554 1402/1495/2553 2720/2963/2578 3965/4371/2577
f 3965/4371/2577 2720/2963/2578 1409/1503/2579 2726/2971/2580
f 2719/2962/2574 3965/4371/2577 2726/2971/2580 1408/1502/2575
f 1402/1495/2553 2714/2954/2558 3966/4372/2581 2720/2963/2578
f 2714/2954/2558 1403/1497/2557 2721/2964/2582 3966/4372/2581
f 3966/4372/2581 2721/2964/2582 1410/1504/2583 2727/2972/2584
f 2720/2963/2578 3966/4372/2581 2727/2972/2584 1409/1503/2579
f 1403/1497/2557 2715/2955/2562 3967/4374/2585 2721/2964/2582
f 2715/2956/2562 1404/1498/2561 2722/2965/2586 3967/4373/2585
f 3967/4374/2585 2722/2966/2586 1411/1505/2587 2728/2973/2588
f 2721/2964/2582 3967/4374/2585 2728/2973/2588 1410/1504/2583
f 1404/1498/2561 2716/2957/2566 3968/4375/2589 2722/2965/2586
f 2716/2957/2566 1405/1499/2565 2723/2967/2590 3968/4375/2589
f 3968/4376/2589 2723/2968/2590 1412/1506/2591 2729/2974/2592
f 2722/2966/2586 3968/4376/2589 2729/2974/2592 1411/1505/2587
f 1406/1500/2572 2724/2969/2571 3969/4377/2593 2730/2975/2594
f 2724/2969/2571 1407/1501/2570 2731/2976/2595 3969/4377/2593
f 3969/4377/2593 2731/2976/2595 1414/1508/2596 2737/2982/2597
f 2730/2975/2594 3969/4377/2593 2737/2982/2597 1413/1507/2598
f 1407/1501/2570 2725/2970/2576 3970/4378/2599 2731/2976/2595
f 2725/2970/2576 1408/1502/2575 2732/2977/2600 3970/4378/2599
f 3970/4378/2599 2732/2977/2600 1415/1509/2601 2738/2983/2602
f 2731/2976/2595 3970/4378/2599 2738/2983/2602 1414/1508/2596
f 1408/1502/2575 2726/2971/2580 3971/4379/2603 2732/2977/2600
f 2726/2971/2580 1409/1503/2579 2733/2978/2604 3971/4379/2603
f 3971/4379/2603 2733/2978/2604 1416/1510/2605 2739/2984/2606
f 2732/2977/2600 3971/4379/2603 2739/2984/2606 1415/1509/2601
f 1409/1503/2579 2727/2972/2584 3972/4380/2607 2733/2978/2604
f 2727/2972/2584 1410/1504/2583 2734/2979/2608 3972/4380/2607
f 3972/4380/2607 2734/2979/2608 1417/1511/2609 2740/2985/2610
f 2733/2978/2604 3972/4380/2607 2740/2985/2610 1416/1510/2605
f 1410/1504/2583 2728/2973/2588 3973/4381/2611 2734/2979/2608
f 2728/2973/2588 1411/1505/2587 2735/2980/2612 3973/4381/2611
f 3973/4381/2611 2735/2980/2612 1418/1512/2613 2741/2986/2614
f 2734/2979/2608 3973/4381/2611 2741/2986/2614 1417/1511/2609
f 1411/1505/2587 2729/2974/2592 3974/4382/2615 2735/2980/2612
f 2729/2974/2592 1412/1506/2591 2736/2981/2616 3974/4382/2615
f 3974/4382/2615 2736/2981/2616 1419/1513/2617 2742/2987/2618
f 2735/2980/2612 3974/4382/2615 2742/2987/2618 1418/1512/2613
f 875/935/2619 1890/2048/2620 3975/4383/2621 1970/2130/2622
f 1890/2048/2620 992/1052/2623 2743/2988/2624 3975/4383/2621
f 3975/4383/2621 2743/2988/2624 1371/1461/2450 2770/3015/2621
f 1970/2130/2622 3975/4383/2621 2770/3015/2621 1062/1130/2625
f 992/1052/2623 1889/2047/2626 3976/4384/2627 2743/2988/2624
f 1889/2047/2626 991/1051/2628 2744/2989/2629 3976/4384/2627
f 3976/4384/2627 2744/2989/2629 1372/1462/2454 2659/2891/2451
f 2743/2988/2624 3976/4384/2627 2659/2891/2451 1371/1461/2450
f 991/1051/2628 1888/2046/2630 3977/4385/2631 2744/2989/2629
f 1888/2046/2630 990/1050/2632 2745/2990/2633 3977/4385/2631
f 3977/4385/2631 2745/2990/2633 1373/1463/2461 2660/2892/2459
f 2744/2989/2629 3977/4385/2631 2660/2892/2459 1372/1462/2454
f 990/1050/2632 1887/2045/2634 3978/4387/2635 2745/2990/2633
f 1887/2044/2634 989/1049/2636 2746/2991/2637 3978/4386/2635
f 3978/4386/2635 2746/2991/2637 1374/1464/2467 2661/2893/2465
f 2745/2990/2633 3978/4387/2635 2661/2894/2465 1373/1463/2461
f 989/1049/2636 1886/2043/2638 3979/4388/2639 2746/2991/2637
f 1886/2043/2638 988/1048/2640 2747/2992/2641 3979/4388/2639
f 3979/4388/2639 2747/2992/2641 1375/1465/2473 2662/2895/2471
f 2746/2991/2637 3979/4388/2639 2662/2895/2471 1374/1464/2467
f 988/1048/2640 1885/2042/2642 3980/4389/2643 2747/2992/2641
f 1885/2042/2642 987/1047/2644 2748/2993/2645 3980/4389/2643
f 3980/4389/2643 2748/2993/2645 1376/1466/2479 2663/2896/2477
f 2747/2992/2641 3980/4389/2643 2663/2896/2477 1375/1465/2473
f 987/1047/2644 1884/2041/2646 3981/4390/2647 2748/2993/2645
f 1884/2041/2646 986/1046/2648 2749/2994/2649 3981/4390/2647
f 3981/4390/2647 2749/2994/2649 1377/1467/2485 2664/2897/2483
f 2748/2993/2645 3981/4390/2647 2664/2897/2483 1376/1466/2479
f 986/1046/2648 1883/2040/2650 3982/4391/2651 2749/2994/2649
f 1883/2040/2650 876/936/2652 1955/2113/2653 3982/4391/2651
f 3982/4391/2651 1955/2113/2653 1049/1117/2654 2750/2995/2651
f 2749/2994/2649 3982/4391/2651 2750/2995/2651 1377/1467/2485
f 1377/1467/2485 2750/2995/2651 3983/4392/2655 2671/2904/2486
f 2750/2995/2651 1049/1117/2654 1956/2114/2656 3983/4392/2655
f 3983/4392/2655 1956/2114/2656 1050/1118/2657 2751/2996/2658
f 2671/2904/2486 3983/4392/2655 2751/2996/2658 1384/1474/2487
f 1384/1474/2487 2751/2996/2658 3984/4393/2659 2684/2918/2512
f 2751/2996/2658 1050/1118/2657 1957/2115/2660 3984/4393/2659
f 3984/4393/2659 1957/2115/2660 1051/1119/2661 2752/2997/2662
f 2684/2918/2512 3984/4393/2659 2752/2997/2662 1391/1481/2513
f 1391/1481/2513 2752/2997/2662 3985/4394/2663 2697/2932/2538
f 2752/2997/2662 1051/1119/2661 1958/2116/2664 3985/4394/2663
f 3985/4394/2663 1958/2116/2664 1052/1120/2665 2753/2998/2666
f 2697/2932/2538 3985/4394/2663 2753/2998/2666 1398/1488/2539
f 1398/1488/2539 2753/2998/2666 3986/4395/2667 2710/2946/2564
f 2753/2998/2666 1052/1120/2665 1959/2117/2668 3986/4395/2667
f 3986/4395/2667 1959/2117/2668 1053/1121/2669 2754/2999/2670
f 2710/2946/2564 3986/4395/2667 2754/2999/2670 1405/1499/2565
f 1405/1499/2565 2754/2999/2670 3987/4396/2671 2723/2967/2590
f 2754/2999/2670 1053/1121/2669 1960/2118/2672 3987/4396/2671
f 3987/4397/2671 1960/2119/2672 1054/1122/2673 2755/3000/2674
f 2723/2968/2590 3987/4397/2671 2755/3000/2674 1412/1506/2591
f 1412/1506/2591 2755/3000/2674 3988/4398/2675 2736/2981/2616
f 2755/3000/2674 1054/1122/2673 1961/2120/2676 3988/4398/2675
f 3988/4398/2675 1961/2120/2676 1055/1123/2677 2756/3001/2678
f 2736/2981/2616 3988/4398/2675 2756/3001/2678 1419/1513/2617
f 1419/1513/2617 2756/3001/2678 3989/4399/2679 2757/3002/2680
f 2756/3001/2678 1055/1123/2677 1962/2121/2681 3989/4399/2679
f 3989/4399/2679 1962/2121/2681 880/940/2682 1947/2105/2683
f 2757/3002/2680 3989/4399/2679 1947/2105/2683 1042/1110/2684
f 1418/1512/2613 2742/2987/2618 3990/4400/2685 2758/3003/2686
f 2742/2987/2618 1419/1513/2617 2757/3002/2680 3990/4400/2685
f 3990/4400/2685 2757/3002/2680 1042/1110/2684 1948/2106/2687
f 2758/3003/2686 3990/4400/2685 1948/2106/2687 1043/1111/2688
f 1417/1511/2609 2741/2986/2614 3991/4401/2689 2759/3004/2690
f 2741/2986/2614 1418/1512/2613 2758/3003/2686 3991/4401/2689
f 3991/4401/2689 2758/3003/2686 1043/1111/2688 1949/2107/2691
f 2759/3004/2690 3991/4401/2689 1949/2107/2691 1044/1112/2692
f 1416/1510/2605 2740/2985/2610 3992/4402/2693 2760/3005/2694
f 2740/2985/2610 1417/1511/2609 2759/3004/2690 3992/4402/2693
f 3992/4402/2693 2759/3004/2690 1044/1112/2692 1950/2108/2695
f 2760/3005/2694 3992/4402/2693 1950/2108/2695 1045/1113/2696
f 1415/1509/2601 2739/2984/2606 3993/4403/2697 2761/3006/2698
f 2739/2984/2606 1416/1510/2605 2760/3005/2694 3993/4403/2697
f 3993/4403/2697 2760/3005/2694 1045/1113/2696 1951/2109/2699
f 2761/3006/2698 3993/4403/2697 1951/2109/2699 1046/1114/2700
f 1414/1508/2596 2738/2983/2602 3994/4404/2701 2762/3007/2702
f 2738/2983/2602 1415/1509/2601 2761/3006/2698 3994/4404/2701
f 3994/4404/2701 2761/3006/2698 1046/1114/2700 1952/2110/2703
f 2762/3007/2702 3994/4404/2701 1952/2110/2703 1047/1115/2704
f 1413/1507/2598 2737/2982/2597 3995/4405/2705 2763/3008/2706
f 2737/2982/2597 1414/1508/2596 2762/3007/2702 3995/4405/2705
f 3995/4405/2705 2762/3007/2702 1047/1115/2704 1953/2111/2707
f 2763/3008/2706 3995/4405/2705 1953/2111/2707 1048/1116/2708
f 1056/1124/2709 2764/3009/2710 3996/4406/2711 1963/2122/2712
f 2764/3009/2710 1413/1507/2598 2763/3008/2706 3996/4406/2711
f 3996/4406/2711 2763/3008/2706 1048/1116/2708 1954/2112/2713
f 1963/2122/2712 3996/4406/2711 1954/2112/2713 879/939/2714
f 1057/1125/2715 2765/3010/2716 3997/4407/2717 1964/2123/2718
f 2765/3010/2716 1406/1500/2572 2730/2975/2594 3997/4407/2717
f 3997/4407/2717 2730/2975/2594 1413/1507/2598 2764/3009/2710
f 1964/2123/2718 3997/4407/2717 2764/3009/2710 1056/1124/2709
f 1058/1126/2719 2766/3011/2720 3998/4408/2721 1965/2124/2722
f 2766/3011/2720 1399/1489/2546 2717/2958/2568 3998/4408/2721
f 3998/4409/2721 2717/2959/2568 1406/1500/2572 2765/3010/2716
f 1965/2125/2722 3998/4409/2721 2765/3010/2716 1057/1125/2715
f 1059/1127/2723 2767/3012/2724 3999/4410/2725 1966/2126/2726
f 2767/3012/2724 1392/1482/2520 2704/2940/2542 3999/4410/2725
f 3999/4410/2725 2704/2940/2542 1399/1489/2546 2766/3011/2720
f 1966/2126/2726 3999/4410/2725 2766/3011/2720 1058/1126/2719
f 1060/1128/2727 2768/3013/2728 4000/4411/2729 1967/2127/2730
f 2768/3013/2728 1385/1475/2494 2691/2926/2516 4000/4411/2729
f 4000/4411/2729 2691/2926/2516 1392/1482/2520 2767/3012/2724
f 1967/2127/2730 4000/4411/2729 2767/3012/2724 1059/1127/2723
f 1061/1129/2731 2769/3014/2732 4001/4412/2733 1968/2128/2734
f 2769/3014/2732 1378/1468/2458 2678/2912/2490 4001/4412/2733
f 4001/4412/2733 2678/2912/2490 1385/1475/2494 2768/3013/2728
f 1968/2128/2734 4001/4412/2733 2768/3013/2728 1060/1128/2727
f 1062/1130/2625 2770/3015/2621 4002/4413/2735 1969/2129/2736
f 2770/3015/2621 1371/1461/2450 2665/2898/2453 4002/4413/2735
f 4002/4413/2735 2665/2898/2453 1378/1468/2458 2769/3014/2732
f 1969/2129/2736 4002/4413/2735 2769/3014/2732 1061/1129/2731
f 1420/1514/2737 2771/3016/2738 4003/4414/2739 2777/3023/2740
f 2771/3016/2738 1421/1515/2741 2778/3024/2742 4003/4414/2739
f 4003/4414/2739 2778/3024/2742 1428/1522/2743 2784/3030/2744
f 2777/3023/2740 4003/4414/2739 2784/3030/2744 1427/1521/2745
f 1421/1515/2741 2772/3017/2746 4004/4415/2747 2778/3024/2742
f 2772/3017/2746 1422/1516/2748 2779/3025/2749 4004/4415/2747
f 4004/4415/2747 2779/3025/2749 1429/1523/2750 2785/3031/2751
f 2778/3024/2742 4004/4415/2747 2785/3031/2751 1428/1522/2743
f 1422/1516/2748 2773/3019/2752 4005/4417/2753 2779/3025/2749
f 2773/3018/2752 1423/1517/2754 2780/3026/2755 4005/4416/2753
f 4005/4416/2753 2780/3026/2755 1430/1524/2756 2786/3033/2757
f 2779/3025/2749 4005/4417/2753 2786/3032/2757 1429/1523/2750
f 1423/1517/2754 2774/3020/2758 4006/4418/2759 2780/3026/2755
f 2774/3020/2758 1424/1518/2760 2781/3027/2761 4006/4418/2759
f 4006/4418/2759 2781/3027/2761 1431/1525/2762 2787/3034/2763
f 2780/3026/2755 4006/4418/2759 2787/3034/2763 1430/1524/2756
f 1424/1518/2760 2775/3021/2764 4007/4419/2765 2781/3027/2761
f 2775/3021/2764 1425/1519/2766 2782/3028/2767 4007/4419/2765
f 4007/4419/2765 2782/3028/2767 1432/1526/2768 2788/3035/2769
f 2781/3027/2761 4007/4419/2765 2788/3035/2769 1431/1525/2762
f 1425/1519/2766 2776/3022/2770 4008/4420/2771 2782/3028/2767
f 2776/3022/2770 1426/1520/2772 2783/3029/2773 4008/4420/2771
f 4008/4420/2771 2783/3029/2773 1433/1527/2774 2789/3036/2775
f 2782/3028/2767 4008/4420/2771 2789/3036/2775 1432/1526/2768
f 1427/1521/2745 2784/3030/2744 4009/4421/2776 2790/3037/2777
f 2784/3030/2744 1428/1522/2743 2791/3038/2778 4009/4421/2776
f 4009/4421/2776 2791/3038/2778 1435/1530/2779 2797/3044/2780
f 2790/3037/2777 4009/4421/2776 2797/3044/2780 1434/1529/2781
f 1428/1522/2743 2785/3031/2751 4010/4422/2782 2791/3038/2778
f 2785/3031/2751 1429/1523/2750 2792/3039/2783 4010/4422/2782
f 4010/4422/2782 2792/3039/2783 1436/1532/2784 2798/3046/2785
f 2791/3038/2778 4010/4422/2782 2798/3046/2785 1435/1530/2779
f 1429/1523/2750 2786/3032/2757 4011/4424/2786 2792/3039/2783
f 2786/3033/2757 1430/1524/2756 2793/3040/2787 4011/4423/2786
f 4011/4423/2786 2793/3040/2787 1437/1534/2788 2799/3048/2789
f 2792/3039/2783 4011/4424/2786 2799/3049/2789 1436/1532/2784
f 1430/1524/2756 2787/3034/2763 4012/4425/2790 2793/3040/2787
f 2787/3034/2763 1431/1525/2762 2794/3041/2791 4012/4425/2790
f 4012/4425/2790 2794/3041/2791 1438/1536/2792 2800/3051/2793
f 2793/3040/2787 4012/4425/2790 2800/3051/2793 1437/1534/2788
f 1431/1525/2762 2788/3035/2769 4013/4426/2794 2794/3041/2791
f 2788/3035/2769 1432/1526/2768 2795/3042/2795 4013/4426/2794
f 4013/4426/2794 2795/3042/2795 1439/1538/2796 2801/3053/2797
f 2794/3041/2791 4013/4426/2794 2801/3053/2797 1438/1536/2792
f 1432/1526/2768 2789/3036/2775 4014/4427/2798 2795/3042/2795
f 2789/3036/2775 1433/1527/2774 2796/3043/2799 4014/4427/2798
f 4014/4427/2798 2796/3043/2799 1440/1540/2800 2802/3055/2801
f 2795/3042/2795 4014/4427/2798 2802/3055/2801 1439/1538/2796
f 1434/1528/2781 2797/3045/2780 4015/4428/2802 2803/3057/2803
f 2797/3045/2780 1435/1531/2779 2804/3058/2804 4015/4428/2802
f 4015/4428/2802 2804/3058/2804 1442/1543/2805 2810/3064/2806
f 2803/3057/2803 4015/4428/2802 2810/3064/2806 1441/1542/2807
f 1435/1531/2779 2798/3047/2785 4016/4429/2808 2804/3058/2804
f 2798/3047/2785 1436/1533/2784 2805/3059/2809 4016/4429/2808
f 4016/4429/2808 2805/3059/2809 1443/1544/2810 2811/3065/2811
f 2804/3058/2804 4016/4429/2808 2811/3065/2811 1442/1543/2805
f 1436/1533/2784 2799/3050/2789 4017/4430/2812 2805/3059/2809
f 2799/3050/2789 1437/1535/2788 2806/3060/2813 4017/4430/2812
f 4017/4430/2812 2806/3060/2813 1444/1545/2814 2812/3066/2815
f 2805/3059/2809 4017/4430/2812 2812/3066/2815 1443/1544/2810
f 1437/1535/2788 2800/3052/2793 4018/4431/2816 2806/3060/2813
f 2800/3052/2793 1438/1537/2792 2807/3061/2817 4018/4431/2816
f 4018/4431/2816 2807/3061/2817 1445/1546/2818 2813/3067/2819
f 2806/3060/2813 4018/4431/2816 2813/3067/2819 1444/1545/2814
f 1438/1537/2792 2801/3054/2797 4019/4432/2820 2807/3061/2817
f 2801/3054/2797 1439/1539/2796 2808/3062/2821 4019/4432/2820
f 4019/4432/2820 2808/3062/2821 1446/1547/2822 2814/3068/2823
f 2807/3061/2817 4019/4432/2820 2814/3068/2823 1445/1546/2818
f 1439/1539/2796 2802/3056/2801 4020/4433/2824 2808/3062/2821
f 2802/3056/2801 1440/1541/2800 2809/3063/2825 4020/4433/2824
f 4020/4433/2824 2809/3063/2825 1447/1548/2826 2815/3069/2827
f 2808/3062/2821 4020/4433/2824 2815/3069/2827 1446/1547/2822
f 1441/1542/2807 2810/3064/2806 4021/4434/2828 2816/3070/2829
f 2810/3064/2806 1442/1543/2805 2817/3071/2830 4021/4434/2828
f 4021/4434/2828 2817/3071/2830 1449/1551/2831 2823/3077/2832
f 2816/3070/2829 4021/4434/2828 2823/3077/2832 1448/1550/2833
f 1442/1543/2805 2811/3065/2811 4022/4435/2834 2817/3071/2830
f 2811/3065/2811 1443/1544/2810 2818/3072/2835 4022/4435/2834
f 4022/4435/2834 2818/3072/2835 1450/1554/2836 2824/3079/2837
f 2817/3071/2830 4022/4435/2834 2824/3079/2837 1449/1551/2831
f 1443/1544/2810 2812/3066/2815 4023/4436/2838 2818/3072/2835
f 2812/3066/2815 1444/1545/2814 2819/3073/2839 4023/4436/2838
f 4023/4436/2838 2819/3073/2839 1451/1555/2840 2825/3081/2841
f 2818/3072/2835 4023/4436/2838 2825/3081/2841 1450/1554/2836
f 1444/1545/2814 2813/3067/2819 4024/4437/2842 2819/3073/2839
f 2813/3067/2819 1445/1546/2818 2820/3074/2843 4024/4437/2842
f 4024/4437/2842 2820/3074/2843 1452/1556/2844 2826/3082/2845
f 2819/3073/2839 4024/4437/2842 2826/3082/2845 1451/1555/2840
f 1445/1546/2818 2814/3068/2823 4025/4438/2846 2820/3074/2843
f 2814/3068/2823 1446/1547/2822 2821/3075/2847 4025/4438/2846
f 4025/4438/2846 2821/3075/2847 1453/1558/2848 2827/3084/2849
f 2820/3074/2843 4025/4438/2846 2827/3084/2849 1452/1556/2844
f 1446/1547/2822 2815/3069/2827 4026/4439/2850 2821/3075/2847
f 2815/3069/2827 1447/1548/2826 2822/3076/2851 4026/4439/2850
f 4026/4439/2850 2822/3076/2851 1454/1560/2852 2828/3086/2853
f 2821/3075/2847 4026/4439/2850 2828/3086/2853 1453/1558/2848
f 1448/1549/2833 2823/3078/2832 4027/4440/2854 2829/3088/2855
f 2823/3078/2832 1449/1552/2831 2830/3089/2856 4027/4440/2854
f 4027/4440/2854 2830/3089/2856 1456/1563/2857 2836/3097/2858
f 2829/3088/2855 4027/4440/2854 2836/3097/2858 1455/1562/2859
f 1449/1552/2831 2824/3080/2837 4028/4441/2860 2830/3089/2856
f 2824/3080/2837 1450/1553/2836 2831/3091/2861 4028/4441/2860
f 4028/4441/2860 2831/3091/2861 1457/1564/2862 2837/3098/2863
f 2830/3089/2856 4028/4441/2860 2837/3098/2863 1456/1563/2857
f 1450/1554/2836 2825/3081/2841 4029/4442/2864 2831/3090/2861
f 2825/3081/2841 1451/1555/2840 2832/3092/2865 4029/4442/2864
f 4029/4443/2864 2832/3093/2865 1458/1565/2866 2838/3100/2867
f 2831/3091/2861 4029/4444/2864 2838/3099/2867 1457/1564/2862
f 1451/1555/2840 2826/3082/2845 4030/4445/2868 2832/3092/2865
f 2826/3083/2845 1452/1557/2844 2833/3094/2869 4030/4446/2868
f 4030/4446/2868 2833/3094/2869 1459/1566/2870 2839/3101/2871
f 2832/3093/2865 4030/4446/2868 2839/3101/2871 1458/1565/2866
f 1452/1557/2844 2827/3085/2849 4031/4447/2872 2833/3094/2869
f 2827/3085/2849 1453/1559/2848 2834/3095/2873 4031/4447/2872
f 4031/4447/2872 2834/3095/2873 1460/1567/2874 2840/3102/2875
f 2833/3094/2869 4031/4447/2872 2840/3102/2875 1459/1566/2870
f 1453/1559/2848 2828/3087/2853 4032/4448/2876 2834/3095/2873
f 2828/3087/2853 1454/1561/2852 2835/3096/2877 4032/4448/2876
f 4032/4448/2876 2835/3096/2877 1461/1568/2878 2841/3103/2879
f 2834/3095/2873 4032/4448/2876 2841/3103/2879 1460/1567/2874
f 1455/1562/2859 2836/3097/2858 4033/4449/2880 2842/3104/2881
f 2836/3097/2858 1456/1563/2857 2843/3105/2882 4033/4449/2880
f 4033/4449/2880 2843/3105/2882 1463/1570/2883 2849/3111/2884
f 2842/3104/2881 4033/4449/2880 2849/3111/2884 1462/1569/2885
f 1456/1563/2857 2837/3098/2863 4034/4450/2886 2843/3105/2882
f 2837/3098/2863 1457/1564/2862 2844/3106/2887 4034/4450/2886
f 4034/4450/2886 2844/3106/2887 1464/1571/2888 2850/3112/2889
f 2843/3105/2882 4034/4450/2886 2850/3112/2889 1463/1570/2883
f 1457/1564/2862 2838/3099/2867 4035/4452/2890 2844/3106/2887
f 2838/3100/2867 1458/1565/2866 2845/3107/2891 4035/4451/2890
f 4035/4451/2890 2845/3107/2891 1465/1572/2892 2851/3114/2893
f 2844/3106/2887 4035/4452/2890 2851/3113/2893 1464/1571/2888
f 1458/1565/2866 2839/3101/2871 4036/4453/2894 2845/3107/2891
f 2839/3101/2871 1459/1566/2870 2846/3108/2895 4036/4453/2894
f 4036/4453/2894 2846/3108/2895 1466/1573/2896 2852/3115/2897
f 2845/3107/2891 4036/4453/2894 2852/3115/2897 1465/1572/2892
f 1459/1566/2870 2840/3102/2875 4037/4454/2898 2846/3108/2895
f 2840/3102/2875 1460/1567/2874 2847/3109/2899 4037/4454/2898
f 4037/4454/2898 2847/3109/2899 1467/1574/2900 2853/3116/2901
f 2846/3108/2895 4037/4454/2898 2853/3116/2901 1466/1573/2896
f 1460/1567/2874 2841/3103/2879 4038/4455/2902 2847/3109/2899
f 2841/3103/2879 1461/1568/2878 2848/3110/2903 4038/4455/2902
f 4038/4455/2902 2848/3110/2903 1468/1575/2904 2854/3117/2905
f 2847/3109/2899 4038/4455/2902 2854/3117/2905 1467/1574/2900
f 869/929/1643 1842/1995/1642 4039/4456/2906 1914/2072/2907
f 1842/1995/1642 950/1010/1638 2855/3118/2908 4039/4456/2906
f 4039/4456/2906 2855/3118/2908 1420/1514/2737 2882/3149/2909
f 1914/2072/2907 4039/4456/2906 2882/3149/2909 1013/1079/2910
f 950/1010/1638 1841/1994/1637 4040/4457/2911 2855/3118/2908
f 1841/1994/1637 949/1009/1634 2856/3119/2912 4040/4457/2911
f 4040/4457/2911 2856/3119/2912 1421/1515/2741 2771/3016/2738
f 2855/3118/2908 4040/4457/2911 2771/3016/2738 1420/1514/2737
f 949/1009/1634 1840/1993/1633 4041/4458/2913 2856/3119/2912
f 1840/1993/1633 948/1008/1630 2857/3120/2914 4041/4458/2913
f 4041/4458/2913 2857/3120/2914 1422/1516/2748 2772/3017/2746
f 2856/3119/2912 4041/4458/2913 2772/3017/2746 1421/1515/2741
f 948/1008/1630 1839/1991/1629 4042/4460/2915 2857/3120/2914
f 1839/1992/1629 947/1007/1626 2858/3121/2916 4042/4459/2915
f 4042/4459/2915 2858/3121/2916 1423/1517/2754 2773/3018/2752
f 2857/3120/2914 4042/4460/2915 2773/3019/2752 1422/1516/2748
f 947/1007/1626 1838/1990/1625 4043/4461/2917 2858/3121/2916
f 1838/1990/1625 946/1006/1622 2859/3122/2918 4043/4461/2917
f 4043/4461/2917 2859/3122/2918 1424/1518/2760 2774/3020/2758
f 2858/3121/2916 4043/4461/2917 2774/3020/2758 1423/1517/2754
f 946/1006/1622 1837/1989/1621 4044/4462/2919 2859/3122/2918
f 1837/1989/1621 945/1005/1618 2860/3123/2920 4044/4462/2919
f 4044/4462/2919 2860/3123/2920 1425/1519/2766 2775/3021/2764
f 2859/3122/2918 4044/4462/2919 2775/3021/2764 1424/1518/2760
f 945/1005/1618 1836/1988/1617 4045/4463/2921 2860/3123/2920
f 1836/1988/1617 944/1004/1614 2861/3124/2922 4045/4463/2921
f 4045/4463/2921 2861/3124/2922 1426/1520/2772 2776/3022/2770
f 2860/3123/2920 4045/4463/2921 2776/3022/2770 1425/1519/2766
f 944/1004/1614 1835/1987/1613 4046/4464/2923 2861/3124/2922
f 1835/1987/1613 871/931/1034 1906/2064/1037 4046/4464/2923
f 4046/4464/2923 1906/2064/1037 1006/1070/1041 2862/3125/2924
f 2861/3124/2922 4046/4464/2923 2862/3125/2924 1426/1520/2772
f 1426/1520/2772 2862/3125/2924 4047/4465/2925 2783/3029/2773
f 2862/3125/2924 1006/1070/1041 1905/2063/1153 4047/4465/2925
f 4047/4465/2925 1905/2063/1153 1005/1069/1148 2863/3126/2926
f 2783/3029/2773 4047/4465/2925 2863/3126/2926 1433/1527/2774
f 1433/1527/2774 2863/3126/2926 4048/4466/2927 2796/3043/2799
f 2863/3126/2926 1005/1069/1148 1904/2062/1151 4048/4466/2927
f 4048/4466/2927 1904/2062/1151 1004/1067/1144 2864/3127/2928
f 2796/3043/2799 4048/4466/2927 2864/3127/2928 1440/1540/2800
f 1440/1541/2800 2864/3128/2928 4049/4467/2929 2809/3063/2825
f 2864/3128/2928 1004/1068/1144 1903/2061/1147 4049/4467/2929
f 4049/4467/2929 1903/2061/1147 1003/1066/1140 2865/3129/2930
f 2809/3063/2825 4049/4467/2929 2865/3129/2930 1447/1548/2826
f 1447/1548/2826 2865/3129/2930 4050/4468/2931 2822/3076/2851
f 2865/3129/2930 1003/1066/1140 1902/2060/1143 4050/4468/2931
f 4050/4468/2931 1902/2060/1143 1002/1064/1136 2866/3130/2932
f 2822/3076/2851 4050/4468/2931 2866/3130/2932 1454/1560/2852
f 1454/1561/2852 2866/3131/2932 4051/4469/2933 2835/3096/2877
f 2866/3131/2932 1002/1065/1136 1901/2059/1139 4051/4469/2933
f 4051/4469/2933 1901/2059/1139 1001/1063/1132 2867/3132/2934
f 2835/3096/2877 4051/4469/2933 2867/3132/2934 1461/1568/2878
f 1461/1568/2878 2867/3132/2934 4052/4470/2935 2848/3110/2903
f 2867/3132/2934 1001/1063/1132 1900/2058/1135 4052/4470/2935
f 4052/4470/2935 1900/2058/1135 1000/1062/1126 2868/3133/2936
f 2848/3110/2903 4052/4470/2935 2868/3133/2936 1468/1575/2904
f 1468/1575/2904 2868/3133/2936 4053/4471/2937 2869/3134/2938
f 2868/3133/2936 1000/1062/1126 1899/2057/1129 4053/4471/2937
f 4053/4471/2937 1899/2057/1129 874/934/1131 1875/2031/2939
f 2869/3134/2938 4053/4471/2937 1875/2031/2939 979/1039/2940
f 1467/1574/2900 2854/3117/2905 4054/4472/2941 2870/3135/2942
f 2854/3117/2905 1468/1575/2904 2869/3134/2938 4054/4472/2941
f 4054/4472/2941 2869/3134/2938 979/1039/2940 1876/2032/2943
f 2870/3135/2942 4054/4472/2941 1876/2032/2943 980/1040/2944
f 1466/1573/2896 2853/3116/2901 4055/4473/2945 2871/3136/2946
f 2853/3116/2901 1467/1574/2900 2870/3135/2942 4055/4473/2945
f 4055/4473/2945 2870/3135/2942 980/1040/2944 1877/2033/2947
f 2871/3136/2946 4055/4473/2945 1877/2033/2947 981/1041/2948
f 1465/1572/2892 2852/3115/2897 4056/4474/2949 2872/3137/2950
f 2852/3115/2897 1466/1573/2896 2871/3136/2946 4056/4474/2949
f 4056/4474/2949 2871/3136/2946 981/1041/2948 1878/2034/2951
f 2872/3137/2950 4056/4474/2949 1878/2034/2951 982/1042/2952
f 1464/1571/2888 2851/3113/2893 4057/4476/2953 2873/3138/2954
f 2851/3114/2893 1465/1572/2892 2872/3137/2950 4057/4475/2953
f 4057/4475/2953 2872/3137/2950 982/1042/2952 1879/2036/2955
f 2873/3138/2954 4057/4476/2953 1879/2035/2955 983/1043/2956
f 1463/1570/2883 2850/3112/2889 4058/4477/2957 2874/3139/2958
f 2850/3112/2889 1464/1571/2888 2873/3138/2954 4058/4477/2957
f 4058/4477/2957 2873/3138/2954 983/1043/2956 1880/2037/2959
f 2874/3139/2958 4058/4477/2957 1880/2037/2959 984/1044/2960
f 1462/1569/2885 2849/3111/2884 4059/4478/2961 2875/3140/2962
f 2849/3111/2884 1463/1570/2883 2874/3139/2958 4059/4478/2961
f 4059/4478/2961 2874/3139/2958 984/1044/2960 1881/2038/2963
f 2875/3140/2962 4059/4478/2961 1881/2038/2963 985/1045/2964
f 1007/1071/2965 2876/3141/2966 4060/4479/2967 1907/2065/2968
f 2876/3141/2966 1462/1569/2885 2875/3140/2962 4060/4479/2967
f 4060/4479/2967 2875/3140/2962 985/1045/2964 1882/2039/2969
f 1907/2065/2968 4060/4479/2967 1882/2039/2969 876/936/2652
f 1008/1072/2970 2877/3142/2971 4061/4480/2972 1908/2066/2973
f 2877/3142/2971 1455/1562/2859 2842/3104/2881 4061/4480/2972
f 4061/4480/2972 2842/3104/2881 1462/1569/2885 2876/3141/2966
f 1908/2066/2973 4061/4480/2972 2876/3141/2966 1007/1071/2965
f 1009/1074/2974 2878/3143/2975 4062/4481/2976 1909/2067/2977
f 2878/3143/2975 1448/1549/2833 2829/3088/2855 4062/4481/2976
f 4062/4481/2976 2829/3088/2855 1455/1562/2859 2877/3142/2971
f 1909/2067/2977 4062/4481/2976 2877/3142/2971 1008/1072/2970
f 1010/1075/2978 2879/3145/2979 4063/4482/2980 1910/2068/2981
f 2879/3145/2979 1441/1542/2807 2816/3070/2829 4063/4482/2980
f 4063/4482/2980 2816/3070/2829 1448/1550/2833 2878/3144/2975
f 1910/2068/2981 4063/4482/2980 2878/3144/2975 1009/1073/2974
f 1011/1077/2982 2880/3146/2983 4064/4483/2984 1911/2069/2985
f 2880/3146/2983 1434/1528/2781 2803/3057/2803 4064/4483/2984
f 4064/4483/2984 2803/3057/2803 1441/1542/2807 2879/3145/2979
f 1911/2069/2985 4064/4483/2984 2879/3145/2979 1010/1075/2978
f 1012/1078/2986 2881/3148/2987 4065/4484/2988 1912/2070/2989
f 2881/3148/2987 1427/1521/2745 2790/3037/2777 4065/4484/2988
f 4065/4484/2988 2790/3037/2777 1434/1529/2781 2880/3147/2983
f 1912/2070/2989 4065/4484/2988 2880/3147/2983 1011/1076/2982
f 1013/1079/2910 2882/3149/2909 4066/4485/2990 1913/2071/2991
f 2882/3149/2909 1420/1514/2737 2777/3023/2740 4066/4485/2990
f 4066/4485/2990 2777/3023/2740 1427/1521/2745 2881/3148/2987
f 1913/2071/2991 4066/4485/2990 2881/3148/2987 1012/1078/2986
f 1469/1576/2992 2883/3150/2993 4067/4486/2994 2889/3157/2995
f 2883/3150/2993 1470/1577/2996 2890/3158/2997 4067/4486/2994
f 4067/4486/2994 2890/3158/2997 1477/1584/2998 2896/3164/2999
f 2889/3157/2995 4067/4486/2994 2896/3164/2999 1476/1583/3000
f 1470/1577/2996 2884/3151/3001 4068/4487/3002 2890/3158/2997
f 2884/3151/3001 1471/1578/3003 2891/3159/3004 4068/4487/3002
f 4068/4487/3002 2891/3159/3004 1478/1585/3005 2897/3165/3006
f 2890/3158/2997 4068/4487/3002 2897/3165/3006 1477/1584/2998
f 1471/1578/3003 2885/3153/3007 4069/4489/3008 2891/3159/3004
f 2885/3152/3007 1472/1579/3009 2892/3160/3010 4069/4488/3008
f 4069/4488/3008 2892/3160/3010 1479/1586/3011 2898/3167/3012
f 2891/3159/3004 4069/4489/3008 2898/3166/3012 1478/1585/3005
f 1472/1579/3009 2886/3154/3013 4070/4490/3014 2892/3160/3010
f 2886/3154/3013 1473/1580/3015 2893/3161/3016 4070/4490/3014
f 4070/4490/3014 2893/3161/3016 1480/1587/3017 2899/3168/3018
f 2892/3160/3010 4070/4490/3014 2899/3168/3018 1479/1586/3011
f 1473/1580/3015 2887/3155/3019 4071/4491/3020 2893/3161/3016
f 2887/3155/3019 1474/1581/3021 2894/3162/3022 4071/4491/3020
f 4071/4491/3020 2894/3162/3022 1481/1588/3023 2900/3169/3024
f 2893/3161/3016 4071/4491/3020 2900/3169/3024 1480/1587/3017
f 1474/1581/3021 2888/3156/3025 4072/4492/3026 2894/3162/3022
f 2888/3156/3025 1475/1582/3027 2895/3163/3028 4072/4492/3026
f 4072/4492/3026 2895/3163/3028 1482/1589/3029 2901/3170/3030
f 2894/3162/3022 4072/4492/3026 2901/3170/3030 1481/1588/3023
f 1476/1583/3000 2896/3164/2999 4073/4493/3031 2902/3171/3032
f 2896/3164/2999 1477/1584/2998 2903/3172/3033 4073/4493/3031
f 4073/4493/3031 2903/3172/3033 1484/1592/3034 2909/3178/3035
f 2902/3171/3032 4073/4493/3031 2909/3178/3035 1483/1591/3036
f 1477/1584/2998 2897/3165/3006 4074/4494/3037 2903/3172/3033
f 2897/3165/3006 1478/1585/3005 2904/3173/3038 4074/4494/3037
f 4074/4494/3037 2904/3173/3038 1485/1594/3039 2910/3180/3040
f 2903/3172/3033 4074/4494/3037 2910/3180/3040 1484/1592/3034
f 1478/1585/3005 2898/3166/3012 4075/4496/3041 2904/3173/3038
f 2898/3167/3012 1479/1586/3011 2905/3174/3042 4075/4495/3041
f 4075/4495/3041 2905/3174/3042 1486/1596/3043 2911/3182/3044
f 2904/3173/3038 4075/4496/3041 2911/3183/3044 1485/1594/3039
f 1479/1586/3011 2899/3168/3018 4076/4497/3045 2905/3174/3042
f 2899/3168/3018 1480/1587/3017 2906/3175/3046 4076/4497/3045
f 4076/4497/3045 2906/3175/3046 1487/1598/3047 2912/3185/3048
f 2905/3174/3042 4076/4497/3045 2912/3185/3048 1486/1596/3043
f 1480/1587/3017 2900/3169/3024 4077/4498/3049 2906/3175/3046
f 2900/3169/3024 1481/1588/3023 2907/3176/3050 4077/4498/3049
f 4077/4498/3049 2907/3176/3050 1488/1600/3051 2913/3187/3052
f 2906/3175/3046 4077/4498/3049 2913/3187/3052 1487/1598/3047
f 1481/1588/3023 2901/3170/3030 4078/4499/3053 2907/3176/3050
f 2901/3170/3030 1482/1589/3029 2908/3177/3054 4078/4499/3053
f 4078/4499/3053 2908/3177/3054 1489/1602/3055 2914/3189/3056
f 2907/3176/3050 4078/4499/3053 2914/3189/3056 1488/1600/3051
f 1483/1590/3036 2909/3179/3035 4079/4500/3057 2915/3191/3058
f 2909/3179/3035 1484/1593/3034 2916/3192/3059 4079/4500/3057
f 4079/4500/3057 2916/3192/3059 1491/1605/3060 2922/3198/3061
f 2915/3191/3058 4079/4500/3057 2922/3198/3061 1490/1604/3062
f 1484/1593/3034 2910/3181/3040 4080/4501/3063 2916/3192/3059
f 2910/3181/3040 1485/1595/3039 2917/3193/3064 4080/4501/3063
f 4080/4501/3063 2917/3193/3064 1492/1606/3065 2923/3199/3066
f 2916/3192/3059 4080/4501/3063 2923/3199/3066 1491/1605/3060
f 1485/1595/3039 2911/3184/3044 4081/4502/3067 2917/3193/3064
f 2911/3184/3044 1486/1597/3043 2918/3194/3068 4081/4502/3067
f 4081/4502/3067 2918/3194/3068 1493/1607/3069 2924/3200/3070
f 2917/3193/3064 4081/4502/3067 2924/3200/3070 1492/1606/3065
f 1486/1597/3043 2912/3186/3048 4082/4503/3071 2918/3194/3068
f 2912/3186/3048 1487/1599/3047 2919/3195/3072 4082/4503/3071
f 4082/4503/3071 2919/3195/3072 1494/1608/3073 2925/3201/3074
f 2918/3194/3068 4082/4503/3071 2925/3201/3074 1493/1607/3069
f 1487/1599/3047 2913/3188/3052 4083/4504/3075 2919/3195/3072
f 2913/3188/3052 1488/1601/3051 2920/3196/3076 4083/4504/3075
f 4083/4504/3075 2920/3196/3076 1495/1609/3077 2926/3202/3078
f 2919/3195/3072 4083/4504/3075 2926/3202/3078 1494/1608/3073
f 1488/1601/3051 2914/3190/3056 4084/4505/3079 2920/3196/3076
f 2914/3190/3056 1489/1603/3055 2921/3197/3080 4084/4505/3079
f 4084/4505/3079 2921/3197/3080 1496/1610/3081 2927/3203/3082
f 2920/3196/3076 4084/4505/3079 2927/3203/3082 1495/1609/3077
f 1490/1604/3062 2922/3198/3061 4085/4506/3083 2928/3204/3084
f 2922/3198/3061 1491/1605/3060 2929/3205/3085 4085/4506/3083
f 4085/4506/3083 2929/3205/3085 1498/1613/3086 2935/3211/3087
f 2928/3204/3084 4085/4506/3083 2935/3211/3087 1497/1612/3088
f 1491/1605/3060 2923/3199/3066 4086/4507/3089 2929/3205/3085
f 2923/3199/3066 1492/1606/3065 2930/3206/3090 4086/4507/3089
f 4086/4507/3089 2930/3206/3090 1499/1616/3091 2936/3213/3092
f 2929/3205/3085 4086/4507/3089 2936/3213/3092 1498/1613/3086
f 1492/1606/3065 2924/3200/3070 4087/4508/3093 2930/3206/3090
f 2924/3200/3070 1493/1607/3069 2931/3207/3094 4087/4508/3093
f 4087/4508/3093 2931/3207/3094 1500/1617/3095 2937/3215/3096
f 2930/3206/3090 4087/4508/3093 2937/3215/3096 1499/1616/3091
f 1493/1607/3069 2925/3201/3074 4088/4509/3097 2931/3207/3094
f 2925/3201/3074 1494/1608/3073 2932/3208/3098 4088/4509/3097
f 4088/4509/3097 2932/3208/3098 1501/1619/3099 2938/3216/3100
f 2931/3207/3094 4088/4509/3097 2938/3216/3100 1500/1617/3095
f 1494/1608/3073 2926/3202/3078 4089/4510/3101 2932/3208/3098
f 2926/3202/3078 1495/1609/3077 2933/3209/3102 4089/4510/3101
f 4089/4510/3101 2933/3209/3102 1502/1621/3103 2939/3218/3104
f 2932/3208/3098 4089/4510/3101 2939/3218/3104 1501/1619/3099
f 1495/1609/3077 2927/3203/3082 4090/4511/3105 2933/3209/3102
f 2927/3203/3082 1496/1610/3081 2934/3210/3106 4090/4511/3105
f 4090/4511/3105 2934/3210/3106 1503/1623/3107 2940/3220/3108
f 2933/3209/3102 4090/4511/3105 2940/3220/3108 1502/1621/3103
f 1497/1611/3088 2935/3212/3087 4091/4512/3109 2941/3222/3110
f 2935/3212/3087 1498/1614/3086 2942/3223/3111 4091/4512/3109
f 4091/4512/3109 2942/3223/3111 1505/1626/3112 2948/3231/3113
f 2941/3222/3110 4091/4512/3109 2948/3231/3113 1504/1625/3114
f 1498/1614/3086 2936/3214/3092 4092/4513/3115 2942/3223/3111
f 2936/3214/3092 1499/1615/3091 2943/3225/3116 4092/4513/3115
f 4092/4513/3115 2943/3225/3116 1506/1627/3117 2949/3232/3118
f 2942/3223/3111 4092/4513/3115 2949/3232/3118 1505/1626/3112
f 1499/1616/3091 2937/3215/3096 4093/4514/3119 2943/3224/3116
f 2937/3215/3096 1500/1617/3095 2944/3226/3120 4093/4514/3119
f 4093/4515/3119 2944/3227/3120 1507/1628/3121 2950/3234/3122
f 2943/3225/3116 4093/4516/3119 2950/3233/3122 1506/1627/3117
f 1500/1618/3095 2938/3217/3100 4094/4517/3123 2944/3227/3120
f 2938/3217/3100 1501/1620/3099 2945/3228/3124 4094/4517/3123
f 4094/4517/3123 2945/3228/3124 1508/1629/3125 2951/3235/3126
f 2944/3227/3120 4094/4517/3123 2951/3235/3126 1507/1628/3121
f 1501/1620/3099 2939/3219/3104 4095/4518/3127 2945/3228/3124
f 2939/3219/3104 1502/1622/3103 2946/3229/3128 4095/4518/3127
f 4095/4518/3127 2946/3229/3128 1509/1630/3129 2952/3236/3130
f 2945/3228/3124 4095/4518/3127 2952/3236/3130 1508/1629/3125
f 1502/1622/3103 2940/3221/3108 4096/4519/3131 2946/3229/3128
f 2940/3221/3108 1503/1624/3107 2947/3230/3132 4096/4519/3131
f 4096/4519/3131 2947/3230/3132 1510/1631/3133 2953/3237/3134
f 2946/3229/3128 4096/4519/3131 2953/3237/3134 1509/1630/3129
f 1504/1625/3114 2948/3231/3113 4097/4520/3135 2954/3238/3136
f 2948/3231/3113 1505/1626/3112 2955/3239/3137 4097/4520/3135
f 4097/4520/3135 2955/3239/3137 1512/1633/3138 2961/3245/3139
f 2954/3238/3136 4097/4520/3135 2961/3245/3139 1511/1632/3140
f 1505/1626/3112 2949/3232/3118 4098/4521/3141 2955/3239/3137
f 2949/3232/3118 1506/1627/3117 2956/3240/3142 4098/4521/3141
f 4098/4521/3141 2956/3240/3142 1513/1634/3143 2962/3246/3144
f 2955/3239/3137 4098/4521/3141 2962/3246/3144 1512/1633/3138
f 1506/1627/3117 2950/3233/3122 4099/4523/3145 2956/3240/3142
f 2950/3234/3122 1507/1628/3121 2957/3241/3146 4099/4522/3145
f 4099/4522/3145 2957/3241/3146 1514/1635/3147 2963/3248/3148
f 2956/3240/3142 4099/4523/3145 2963/3247/3148 1513/1634/3143
f 1507/1628/3121 2951/3235/3126 4100/4524/3149 2957/3241/3146
f 2951/3235/3126 1508/1629/3125 2958/3242/3150 4100/4524/3149
f 4100/4524/3149 2958/3242/3150 1515/1636/3151 2964/3249/3152
f 2957/3241/3146 4100/4524/3149 2964/3249/3152 1514/1635/3147
f 1508/1629/3125 2952/3236/3130 4101/4525/3153 2958/3242/3150
f 2952/3236/3130 1509/1630/3129 2959/3243/3154 4101/4525/3153
f 4101/4525/3153 2959/3243/3154 1516/1637/3155 2965/3250/3156
f 2958/3242/3150 4101/4525/3153 2965/3250/3156 1515/1636/3151
f 1509/1630/3129 2953/3237/3134 4102/4526/3157 2959/3243/3154
f 2953/3237/3134 1510/1631/3133 2960/3244/3158 4102/4526/3157
f 4102/4526/3157 2960/3244/3158 1517/1638/3159 2966/3251/3160
f 2959/3243/3154 4102/4526/3157 2966/3251/3160 1516/1637/3155
f 867/927/1068 1826/1978/2184 4103/4527/3161 1891/2049/1069
f 1826/1978/2184 936/996/2180 2967/3252/3162 4103/4527/3161
f 4103/4527/3161 2967/3252/3162 1469/1576/2992 2994/3283/3163
f 1891/2049/1069 4103/4527/3161 2994/3283/3163 993/1053/1070
f 936/996/2180 1825/1977/2179 4104/4528/3164 2967/3252/3162
f 1825/1977/2179 935/995/2176 2968/3253/3165 4104/4528/3164
f 4104/4528/3164 2968/3253/3165 1470/1577/2996 2883/3150/2993
f 2967/3252/3162 4104/4528/3164 2883/3150/2993 1469/1576/2992
f 935/995/2176 1824/1976/2175 4105/4529/3166 2968/3253/3165
f 1824/1976/2175 934/994/2172 2969/3254/3167 4105/4529/3166
f 4105/4529/3166 2969/3254/3167 1471/1578/3003 2884/3151/3001
f 2968/3253/3165 4105/4529/3166 2884/3151/3001 1470/1577/2996
f 934/994/2172 1823/1974/2171 4106/4531/3168 2969/3254/3167
f 1823/1975/2171 933/993/2168 2970/3255/3169 4106/4530/3168
f 4106/4530/3168 2970/3255/3169 1472/1579/3009 2885/3152/3007
f 2969/3254/3167 4106/4531/3168 2885/3153/3007 1471/1578/3003
f 933/993/2168 1822/1973/2167 4107/4532/3170 2970/3255/3169
f 1822/1973/2167 932/992/2164 2971/3256/3171 4107/4532/3170
f 4107/4532/3170 2971/3256/3171 1473/1580/3015 2886/3154/3013
f 2970/3255/3169 4107/4532/3170 2886/3154/3013 1472/1579/3009
f 932/992/2164 1821/1972/2163 4108/4533/3172 2971/3256/3171
f 1821/1972/2163 931/991/2160 2972/3257/3173 4108/4533/3172
f 4108/4533/3172 2972/3257/3173 1474/1581/3021 2887/3155/3019
f 2971/3256/3171 4108/4533/3172 2887/3155/3019 1473/1580/3015
f 931/991/2160 1820/1971/2159 4109/4534/3174 2972/3257/3173
f 1820/1971/2159 930/990/2156 2973/3258/3175 4109/4534/3174
f 4109/4534/3174 2973/3258/3175 1475/1582/3027 2888/3156/3025
f 2972/3257/3173 4109/4534/3174 2888/3156/3025 1474/1581/3021
f 930/990/2156 1819/1970/2155 4110/4535/3176 2973/3258/3175
f 1819/1970/2155 865/925/2154 1915/2073/3177 4110/4535/3176
f 4110/4535/3176 1915/2073/3177 1014/1080/3178 2974/3259/3179
f 2973/3258/3175 4110/4535/3176 2974/3259/3179 1475/1582/3027
f 1475/1582/3027 2974/3259/3179 4111/4536/3180 2895/3163/3028
f 2974/3259/3179 1014/1080/3178 1916/2074/3181 4111/4536/3180
f 4111/4536/3180 1916/2074/3181 1015/1081/3182 2975/3260/3183
f 2895/3163/3028 4111/4536/3180 2975/3260/3183 1482/1589/3029
f 1482/1589/3029 2975/3260/3183 4112/4537/3184 2908/3177/3054
f 2975/3260/3183 1015/1081/3182 1917/2075/3185 4112/4537/3184
f 4112/4537/3184 1917/2075/3185 1016/1083/3186 2976/3261/3187
f 2908/3177/3054 4112/4537/3184 2976/3261/3187 1489/1602/3055
f 1489/1603/3055 2976/3262/3187 4113/4538/3188 2921/3197/3080
f 2976/3262/3187 1016/1082/3186 1918/2076/3189 4113/4538/3188
f 4113/4538/3188 1918/2076/3189 1017/1084/3190 2977/3263/3191
f 2921/3197/3080 4113/4538/3188 2977/3263/3191 1496/1610/3081
f 1496/1610/3081 2977/3263/3191 4114/4539/3192 2934/3210/3106
f 2977/3263/3191 1017/1084/3190 1919/2077/3193 4114/4539/3192
f 4114/4539/3192 1919/2077/3193 1018/1086/3194 2978/3264/3195
f 2934/3210/3106 4114/4539/3192 2978/3264/3195 1503/1623/3107
f 1503/1624/3107 2978/3265/3195 4115/4540/3196 2947/3230/3132
f 2978/3265/3195 1018/1085/3194 1920/2078/3197 4115/4540/3196
f 4115/4540/3196 1920/2078/3197 1019/1087/3198 2979/3266/3199
f 2947/3230/3132 4115/4540/3196 2979/3266/3199 1510/1631/3133
f 1510/1631/3133 2979/3266/3199 4116/4541/3200 2960/3244/3158
f 2979/3266/3199 1019/1087/3198 1921/2079/3201 4116/4541/3200
f 4116/4541/3200 1921/2079/3201 1020/1088/3202 2980/3267/3203
f 2960/3244/3158 4116/4541/3200 2980/3267/3203 1517/1638/3159
f 1517/1638/3159 2980/3267/3203 4117/4542/3204 2981/3268/3205
f 2980/3267/3203 1020/1088/3202 1922/2080/3206 4117/4542/3204
f 4117/4542/3204 1922/2080/3206 875/935/2619 1867/2022/3207
f 2981/3268/3205 4117/4542/3204 1867/2022/3207 972/1032/3208
f 1516/1637/3155 2966/3251/3160 4118/4543/3209 2982/3269/3210
f 2966/3251/3160 1517/1638/3159 2981/3268/3205 4118/4543/3209
f 4118/4543/3209 2981/3268/3205 972/1032/3208 1868/2023/3211
f 2982/3269/3210 4118/4543/3209 1868/2023/3211 973/1033/3212
f 1515/1636/3151 2965/3250/3156 4119/4544/3213 2983/3270/3214
f 2965/3250/3156 1516/1637/3155 2982/3269/3210 4119/4544/3213
f 4119/4544/3213 2982/3269/3210 973/1033/3212 1869/2024/3215
f 2983/3270/3214 4119/4544/3213 1869/2024/3215 974/1034/3216
f 1514/1635/3147 2964/3249/3152 4120/4545/3217 2984/3271/3218
f 2964/3249/3152 1515/1636/3151 2983/3270/3214 4120/4545/3217
f 4120/4545/3217 2983/3270/3214 974/1034/3216 1870/2025/3219
f 2984/3271/3218 4120/4545/3217 1870/2025/3219 975/1035/3220
f 1513/1634/3143 2963/3247/3148 4121/4547/3221 2985/3272/3222
f 2963/3248/3148 1514/1635/3147 2984/3271/3218 4121/4546/3221
f 4121/4546/3221 2984/3271/3218 975/1035/3220 1871/2027/3223
f 2985/3272/3222 4121/4547/3221 1871/2026/3223 976/1036/3224
f 1512/1633/3138 2962/3246/3144 4122/4548/3225 2986/3273/3226
f 2962/3246/3144 1513/1634/3143 2985/3272/3222 4122/4548/3225
f 4122/4548/3225 2985/3272/3222 976/1036/3224 1872/2028/3227
f 2986/3273/3226 4122/4548/3225 1872/2028/3227 977/1037/3228
f 1511/1632/3140 2961/3245/3139 4123/4549/3229 2987/3274/3230
f 2961/3245/3139 1512/1633/3138 2986/3273/3226 4123/4549/3229
f 4123/4549/3229 2986/3273/3226 977/1037/3228 1873/2029/3231
f 2987/3274/3230 4123/4549/3229 1873/2029/3231 978/1038/3232
f 999/1061/1094 2988/3275/3233 4124/4550/3234 1898/2056/1098
f 2988/3275/3233 1511/1632/3140 2987/3274/3230 4124/4550/3234
f 4124/4550/3234 2987/3274/3230 978/1038/3232 1874/2030/3235
f 1898/2056/1098 4124/4550/3234 1874/2030/3235 873/933/1099
f 998/1060/1090 2989/3276/3236 4125/4551/3237 1897/2055/1093
f 2989/3276/3236 1504/1625/3114 2954/3238/3136 4125/4551/3237
f 4125/4551/3237 2954/3238/3136 1511/1632/3140 2988/3275/3233
f 1897/2055/1093 4125/4551/3237 2988/3275/3233 999/1061/1094
f 997/1058/1086 2990/3277/3238 4126/4552/3239 1896/2054/1089
f 2990/3277/3238 1497/1611/3088 2941/3222/3110 4126/4552/3239
f 4126/4552/3239 2941/3222/3110 1504/1625/3114 2989/3276/3236
f 1896/2054/1089 4126/4552/3239 2989/3276/3236 998/1060/1090
f 996/1057/1082 2991/3279/3240 4127/4553/3241 1895/2053/1085
f 2991/3279/3240 1490/1604/3062 2928/3204/3084 4127/4553/3241
f 4127/4553/3241 2928/3204/3084 1497/1612/3088 2990/3278/3238
f 1895/2053/1085 4127/4553/3241 2990/3278/3238 997/1059/1086
f 995/1055/1078 2992/3280/3242 4128/4554/3243 1894/2052/1081
f 2992/3280/3242 1483/1590/3036 2915/3191/3058 4128/4554/3243
f 4128/4554/3243 2915/3191/3058 1490/1604/3062 2991/3279/3240
f 1894/2052/1081 4128/4554/3243 2991/3279/3240 996/1057/1082
f 994/1054/1074 2993/3282/3244 4129/4555/3245 1893/2051/1077
f 2993/3282/3244 1476/1583/3000 2902/3171/3032 4129/4555/3245
f 4129/4555/3245 2902/3171/3032 1483/1591/3036 2992/3281/3242
f 1893/2051/1077 4129/4555/3245 2992/3281/3242 995/1056/1078
f 993/1053/1070 2994/3283/3163 4130/4556/3246 1892/2050/1073
f 2994/3283/3163 1469/1576/2992 2889/3157/2995 4130/4556/3246
f 4130/4556/3246 2889/3157/2995 1476/1583/3000 2993/3282/3244
f 1892/2050/1073 4130/4556/3246 2993/3282/3244 994/1054/1074
f 1518/1639/3247 2995/3284/3248 4131/4557/3249 3001/3291/3250
f 2995/3284/3248 1519/1640/3251 3002/3292/3252 4131/4557/3249
f 4131/4557/3249 3002/3292/3252 1526/1647/3253 3008/3298/3254
f 3001/3291/3250 4131/4557/3249 3008/3298/3254 1525/1646/3255
f 1519/1640/3251 2996/3285/3256 4132/4558/3257 3002/3292/3252
f 2996/3285/3256 1520/1641/3258 3003/3293/3259 4132/4558/3257
f 4132/4558/3257 3003/3293/3259 1527/1648/3260 3009/3299/3261
f 3002/3292/3252 4132/4558/3257 3009/3299/3261 1526/1647/3253
f 1520/1641/3258 2997/3287/3262 4133/4560/3263 3003/3293/3259
f 2997/3286/3262 1521/1642/3264 3004/3294/3265 4133/4559/3263
f 4133/4559/3263 3004/3294/3265 1528/1649/3266 3010/3301/3267
f 3003/3293/3259 4133/4560/3263 3010/3300/3267 1527/1648/3260
f 1521/1642/3264 2998/3288/3268 4134/4561/3269 3004/3294/3265
f 2998/3288/3268 1522/1643/3270 3005/3295/3271 4134/4561/3269
f 4134/4561/3269 3005/3295/3271 1529/1650/3272 3011/3302/3273
f 3004/3294/3265 4134/4561/3269 3011/3302/3273 1528/1649/3266
f 1522/1643/3270 2999/3289/3274 4135/4562/3275 3005/3295/3271
f 2999/3289/3274 1523/1644/3276 3006/3296/3277 4135/4562/3275
f 4135/4562/3275 3006/3296/3277 1530/1651/3278 3012/3303/3279
f 3005/3295/3271 4135/4562/3275 3012/3303/3279 1529/1650/3272
f 1523/1644/3276 3000/3290/3280 4136/4563/3281 3006/3296/3277
f 3000/3290/3280 1524/1645/3282 3007/3297/3283 4136/4563/3281
f 4136/4563/3281 3007/3297/3283 1531/1652/3284 3013/3304/3285
f 3006/3296/3277 4136/4563/3281 3013/3304/3285 1530/1651/3278
f 1525/1646/3255 3008/3298/3254 4137/4564/3286 3014/3305/3287
f 3008/3298/3254 1526/1647/3253 3015/3306/3288 4137/4564/3286
f 4137/4564/3286 3015/3306/3288 1533/1655/3289 3021/3312/3290
f 3014/3305/3287 4137/4564/3286 3021/3312/3290 1532/1654/3291
f 1526/1647/3253 3009/3299/3261 4138/4565/3292 3015/3306/3288
f 3009/3299/3261 1527/1648/3260 3016/3307/3293 4138/4565/3292
f 4138/4565/3292 3016/3307/3293 1534/1657/3294 3022/3314/3295
f 3015/3306/3288 4138/4565/3292 3022/3314/3295 1533/1655/3289
f 1527/1648/3260 3010/3300/3267 4139/4567/3296 3016/3307/3293
f 3010/3301/3267 1528/1649/3266 3017/3308/3297 4139/4566/3296
f 4139/4566/3296 3017/3308/3297 1535/1659/3298 3023/3316/3299
f 3016/3307/3293 4139/4567/3296 3023/3317/3299 1534/1657/3294
f 1528/1649/3266 3011/3302/3273 4140/4568/3300 3017/3308/3297
f 3011/3302/3273 1529/1650/3272 3018/3309/3301 4140/4568/3300
f 4140/4568/3300 3018/3309/3301 1536/1661/3302 3024/3319/3303
f 3017/3308/3297 4140/4568/3300 3024/3319/3303 1535/1659/3298
f 1529/1650/3272 3012/3303/3279 4141/4569/3304 3018/3309/3301
f 3012/3303/3279 1530/1651/3278 3019/3310/3305 4141/4569/3304
f 4141/4569/3304 3019/3310/3305 1537/1663/3306 3025/3321/3307
f 3018/3309/3301 4141/4569/3304 3025/3321/3307 1536/1661/3302
f 1530/1651/3278 3013/3304/3285 4142/4570/3308 3019/3310/3305
f 3013/3304/3285 1531/1652/3284 3020/3311/3309 4142/4570/3308
f 4142/4570/3308 3020/3311/3309 1538/1665/3310 3026/3323/3311
f 3019/3310/3305 4142/4570/3308 3026/3323/3311 1537/1663/3306
f 1532/1653/3291 3021/3313/3290 4143/4571/3312 3027/3325/3313
f 3021/3313/3290 1533/1656/3289 3028/3326/3314 4143/4571/3312
f 4143/4571/3312 3028/3326/3314 1540/1668/3315 3034/3332/3316
f 3027/3325/3313 4143/4571/3312 3034/3332/3316 1539/1667/3317
f 1533/1656/3289 3022/3315/3295 4144/4572/3318 3028/3326/3314
f 3022/3315/3295 1534/1658/3294 3029/3327/3319 4144/4572/3318
f 4144/4572/3318 3029/3327/3319 1541/1669/3320 3035/3333/3321
f 3028/3326/3314 4144/4572/3318 3035/3333/3321 1540/1668/3315
f 1534/1658/3294 3023/3318/3299 4145/4573/3322 3029/3327/3319
f 3023/3318/3299 1535/1660/3298 3030/3328/3323 4145/4573/3322
f 4145/4573/3322 3030/3328/3323 1542/1670/3324 3036/3334/3325
f 3029/3327/3319 4145/4573/3322 3036/3334/3325 1541/1669/3320
f 1535/1660/3298 3024/3320/3303 4146/4574/3326 3030/3328/3323
f 3024/3320/3303 1536/1662/3302 3031/3329/3327 4146/4574/3326
f 4146/4574/3326 3031/3329/3327 1543/1671/3328 3037/3335/3329
f 3030/3328/3323 4146/4574/3326 3037/3335/3329 1542/1670/3324
f 1536/1662/3302 3025/3322/3307 4147/4575/3330 3031/3329/3327
f 3025/3322/3307 1537/1664/3306 3032/3330/3331 4147/4575/3330
f 4147/4575/3330 3032/3330/3331 1544/1672/3332 3038/3336/3333
f 3031/3329/3327 4147/4575/3330 3038/3336/3333 1543/1671/3328
f 1537/1664/3306 3026/3324/3311 4148/4576/3334 3032/3330/3331
f 3026/3324/3311 1538/1666/3310 3033/3331/3335 4148/4576/3334
f 4148/4576/3334 3033/3331/3335 1545/1673/3336 3039/3337/3337
f 3032/3330/3331 4148/4576/3334 3039/3337/3337 1544/1672/3332
f 1539/1667/3317 3034/3332/3316 4149/4577/3338 3040/3338/3339
f 3034/3332/3316 1540/1668/3315 3041/3339/3340 4149/4577/3338
f 4149/4577/3338 3041/3339/3340 1547/1676/3341 3047/3345/3342
f 3040/3338/3339 4149/4577/3338 3047/3345/3342 1546/1675/3343
f 1540/1668/3315 3035/3333/3321 4150/4578/3344 3041/3339/3340
f 3035/3333/3321 1541/1669/3320 3042/3340/3345 4150/4578/3344
f 4150/4578/3344 3042/3340/3345 1548/1679/3346 3048/3347/3347
f 3041/3339/3340 4150/4578/3344 3048/3347/3347 1547/1676/3341
f 1541/1669/3320 3036/3334/3325 4151/4579/3348 3042/3340/3345
f 3036/3334/3325 1542/1670/3324 3043/3341/3349 4151/4579/3348
f 4151/4579/3348 3043/3341/3349 1549/1680/3350 3049/3349/3351
f 3042/3340/3345 4151/4579/3348 3049/3349/3351 1548/1679/3346
f 1542/1670/3324 3037/3335/3329 4152/4580/3352 3043/3341/3349
f 3037/3335/3329 1543/1671/3328 3044/3342/3353 4152/4580/3352
f 4152/4580/3352 3044/3342/3353 1550/1681/3354 3050/3350/3355
f 3043/3341/3349 4152/4580/3352 3050/3350/3355 1549/1680/3350
f 1543/1671/3328 3038/3336/3333 4153/4581/3356 3044/3342/3353
f 3038/3336/3333 1544/1672/3332 3045/3343/3357 4153/4581/3356
f 4153/4581/3356 3045/3343/3357 1551/1683/3358 3051/3352/3359
f 3044/3342/3353 4153/4581/3356 3051/3352/3359 1550/1681/3354
f 1544/1672/3332 3039/3337/3337 4154/4582/3360 3045/3343/3357
f 3039/3337/3337 1545/1673/3336 3046/3344/3361 4154/4582/3360
f 4154/4582/3360 3046/3344/3361 1552/1685/3362 3052/3354/3363
f 3045/3343/3357 4154/4582/3360 3052/3354/3363 1551/1683/3358
f 1546/1674/3343 3047/3346/3342 4155/4583/3364 3053/3356/3365
f 3047/3346/3342 1547/1677/3341 3054/3357/3366 4155/4583/3364
f 4155/4583/3364 3054/3357/3366 1554/1688/3367 3060/3365/3368
f 3053/3356/3365 4155/4583/3364 3060/3365/3368 1553/1687/3369
f 1547/1677/3341 3048/3348/3347 4156/4584/3370 3054/3357/3366
f 3048/3348/3347 1548/1678/3346 3055/3359/3371 4156/4584/3370
f 4156/4584/3370 3055/3359/3371 1555/1689/3372 3061/3366/3373
f 3054/3357/3366 4156/4584/3370 3061/3366/3373 1554/1688/3367
f 1548/1679/3346 3049/3349/3351 4157/4585/3374 3055/3358/3371
f 3049/3349/3351 1549/1680/3350 3056/3360/3375 4157/4585/3374
f 4157/4586/3374 3056/3361/3375 1556/1690/3376 3062/3368/3377
f 3055/3359/3371 4157/4587/3374 3062/3367/3377 1555/1689/3372
f 1549/1680/3350 3050/3350/3355 4158/4588/3378 3056/3360/3375
f 3050/3351/3355 1550/1682/3354 3057/3362/3379 4158/4589/3378
f 4158/4589/3378 3057/3362/3379 1557/1691/3380 3063/3369/3381
f 3056/3361/3375 4158/4589/3378 3063/3369/3381 1556/1690/3376
f 1550/1682/3354 3051/3353/3359 4159/4590/3382 3057/3362/3379
f 3051/3353/3359 1551/1684/3358 3058/3363/3383 4159/4590/3382
f 4159/4590/3382 3058/3363/3383 1558/1692/3384 3064/3370/3385
f 3057/3362/3379 4159/4590/3382 3064/3370/3385 1557/1691/3380
f 1551/1684/3358 3052/3355/3363 4160/4591/3386 3058/3363/3383
f 3052/3355/3363 1552/1686/3362 3059/3364/3387 4160/4591/3386
f 4160/4591/3386 3059/3364/3387 1559/1693/3388 3065/3371/3389
f 3058/3363/3383 4160/4591/3386 3065/3371/3389 1558/1692/3384
f 1553/1687/3369 3060/3365/3368 4161/4592/3390 3066/3372/3391
f 3060/3365/3368 1554/1688/3367 3067/3373/3392 4161/4592/3390
f 4161/4592/3390 3067/3373/3392 1561/1695/3393 3073/3379/3394
f 3066/3372/3391 4161/4592/3390 3073/3379/3394 1560/1694/3395
f 1554/1688/3367 3061/3366/3373 4162/4593/3396 3067/3373/3392
f 3061/3366/3373 1555/1689/3372 3068/3374/3397 4162/4593/3396
f 4162/4593/3396 3068/3374/3397 1562/1696/3398 3074/3380/3399
f 3067/3373/3392 4162/4593/3396 3074/3380/3399 1561/1695/3393
f 1555/1689/3372 3062/3367/3377 4163/4595/3400 3068/3374/3397
f 3062/3368/3377 1556/1690/3376 3069/3375/3401 4163/4594/3400
f 4163/4594/3400 3069/3375/3401 1563/1697/3402 3075/3382/3403
f 3068/3374/3397 4163/4595/3400 3075/3381/3403 1562/1696/3398
f 1556/1690/3376 3063/3369/3381 4164/4596/3404 3069/3375/3401
f 3063/3369/3381 1557/1691/3380 3070/3376/3405 4164/4596/3404
f 4164/4596/3404 3070/3376/3405 1564/1698/3406 3076/3383/3407
f 3069/3375/3401 4164/4596/3404 3076/3383/3407 1563/1697/3402
f 1557/1691/3380 3064/3370/3385 4165/4597/3408 3070/3376/3405
f 3064/3370/3385 1558/1692/3384 3071/3377/3409 4165/4597/3408
f 4165/4597/3408 3071/3377/3409 1565/1699/3410 3077/3384/3411
f 3070/3376/3405 4165/4597/3408 3077/3384/3411 1564/1698/3406
f 1558/1692/3384 3065/3371/3389 4166/4598/3412 3071/3377/3409
f 3065/3371/3389 1559/1693/3388 3072/3378/3413 4166/4598/3412
f 4166/4598/3412 3072/3378/3413 1566/1700/3414 3078/3385/3415
f 3071/3377/3409 4166/4598/3412 3078/3385/3415 1565/1699/3410
f 865/925/2154 1850/2004/2424 4167/4599/3416 1915/2073/3177
f 1850/2004/2424 957/1017/2420 3079/3386/3417 4167/4599/3416
f 4167/4599/3416 3079/3386/3417 1518/1639/3247 3106/3417/3418
f 1915/2073/3177 4167/4599/3416 3106/3417/3418 1014/1080/3178
f 957/1017/2420 1849/2003/2419 4168/4600/3419 3079/3386/3417
f 1849/2003/2419 956/1016/2416 3080/3387/3420 4168/4600/3419
f 4168/4600/3419 3080/3387/3420 1519/1640/3251 2995/3284/3248
f 3079/3386/3417 4168/4600/3419 2995/3284/3248 1518/1639/3247
f 956/1016/2416 1848/2002/2415 4169/4601/3421 3080/3387/3420
f 1848/2002/2415 955/1015/2412 3081/3388/3422 4169/4601/3421
f 4169/4601/3421 3081/3388/3422 1520/1641/3258 2996/3285/3256
f 3080/3387/3420 4169/4601/3421 2996/3285/3256 1519/1640/3251
f 955/1015/2412 1847/2000/2411 4170/4603/3423 3081/3388/3422
f 1847/2001/2411 954/1014/2408 3082/3389/3424 4170/4602/3423
f 4170/4602/3423 3082/3389/3424 1521/1642/3264 2997/3286/3262
f 3081/3388/3422 4170/4603/3423 2997/3287/3262 1520/1641/3258
f 954/1014/2408 1846/1999/2407 4171/4604/3425 3082/3389/3424
f 1846/1999/2407 953/1013/2404 3083/3390/3426 4171/4604/3425
f 4171/4604/3425 3083/3390/3426 1522/1643/3270 2998/3288/3268
f 3082/3389/3424 4171/4604/3425 2998/3288/3268 1521/1642/3264
f 953/1013/2404 1845/1998/2403 4172/4605/3427 3083/3390/3426
f 1845/1998/2403 952/1012/2400 3084/3391/3428 4172/4605/3427
f 4172/4605/3427 3084/3391/3428 1523/1644/3276 2999/3289/3274
f 3083/3390/3426 4172/4605/3427 2999/3289/3274 1522/1643/3270
f 952/1012/2400 1844/1997/2399 4173/4606/3429 3084/3391/3428
f 1844/1997/2399 951/1011/2396 3085/3392/3430 4173/4606/3429
f 4173/4606/3429 3085/3392/3430 1524/1645/3282 3000/3290/3280
f 3084/3391/3428 4173/4606/3429 3000/3290/3280 1523/1644/3276
f 951/1011/2396 1843/1996/2395 4174/4607/3431 3085/3392/3430
f 1843/1996/2395 869/929/1643 1914/2072/2907 4174/4607/3431
f 4174/4607/3431 1914/2072/2907 1013/1079/2910 3086/3393/3432
f 3085/3392/3430 4174/4607/3431 3086/3393/3432 1524/1645/3282
f 1524/1645/3282 3086/3393/3432 4175/4608/3433 3007/3297/3283
f 3086/3393/3432 1013/1079/2910 1913/2071/2991 4175/4608/3433
f 4175/4608/3433 1913/2071/2991 1012/1078/2986 3087/3394/3434
f 3007/3297/3283 4175/4608/3433 3087/3394/3434 1531/1652/3284
f 1531/1652/3284 3087/3394/3434 4176/4609/3435 3020/3311/3309
f 3087/3394/3434 1012/1078/2986 1912/2070/2989 4176/4609/3435
f 4176/4609/3435 1912/2070/2989 1011/1076/2982 3088/3395/3436
f 3020/3311/3309 4176/4609/3435 3088/3395/3436 1538/1665/3310
f 1538/1666/3310 3088/3396/3436 4177/4610/3437 3033/3331/3335
f 3088/3396/3436 1011/1077/2982 1911/2069/2985 4177/4610/3437
f 4177/4610/3437 1911/2069/2985 1010/1075/2978 3089/3397/3438
f 3033/3331/3335 4177/4610/3437 3089/3397/3438 1545/1673/3336
f 1545/1673/3336 3089/3397/3438 4178/4611/3439 3046/3344/3361
f 3089/3397/3438 1010/1075/2978 1910/2068/2981 4178/4611/3439
f 4178/4611/3439 1910/2068/2981 1009/1073/2974 3090/3398/3440
f 3046/3344/3361 4178/4611/3439 3090/3398/3440 1552/1685/3362
f 1552/1686/3362 3090/3399/3440 4179/4612/3441 3059/3364/3387
f 3090/3399/3440 1009/1074/2974 1909/2067/2977 4179/4612/3441
f 4179/4612/3441 1909/2067/2977 1008/1072/2970 3091/3400/3442
f 3059/3364/3387 4179/4612/3441 3091/3400/3442 1559/1693/3388
f 1559/1693/3388 3091/3400/3442 4180/4613/3443 3072/3378/3413
f 3091/3400/3442 1008/1072/2970 1908/2066/2973 4180/4613/3443
f 4180/4613/3443 1908/2066/2973 1007/1071/2965 3092/3401/3444
f 3072/3378/3413 4180/4613/3443 3092/3401/3444 1566/1700/3414
f 1566/1700/3414 3092/3401/3444 4181/4614/3445 3093/3402/3446
f 3092/3401/3444 1007/1071/2965 1907/2065/2968 4181/4614/3445
f 4181/4614/3445 1907/2065/2968 876/936/2652 1883/2040/2650
f 3093/3402/3446 4181/4614/3445 1883/2040/2650 986/1046/2648
f 1565/1699/3410 3078/3385/3415 4182/4615/3447 3094/3403/3448
f 3078/3385/3415 1566/1700/3414 3093/3402/3446 4182/4615/3447
f 4182/4615/3447 3093/3402/3446 986/1046/2648 1884/2041/2646
f 3094/3403/3448 4182/4615/3447 1884/2041/2646 987/1047/2644
f 1564/1698/3406 3077/3384/3411 4183/4616/3449 3095/3404/3450
f 3077/3384/3411 1565/1699/3410 3094/3403/3448 4183/4616/3449
f 4183/4616/3449 3094/3403/3448 987/1047/2644 1885/2042/2642
f 3095/3404/3450 4183/4616/3449 1885/2042/2642 988/1048/2640
f 1563/1697/3402 3076/3383/3407 4184/4617/3451 3096/3405/3452
f 3076/3383/3407 1564/1698/3406 3095/3404/3450 4184/4617/3451
f 4184/4617/3451 3095/3404/3450 988/1048/2640 1886/2043/2638
f 3096/3405/3452 4184/4617/3451 1886/2043/2638 989/1049/2636
f 1562/1696/3398 3075/3381/3403 4185/4619/3453 3097/3406/3454
f 3075/3382/3403 1563/1697/3402 3096/3405/3452 4185/4618/3453
f 4185/4618/3453 3096/3405/3452 989/1049/2636 1887/2044/2634
f 3097/3406/3454 4185/4619/3453 1887/2045/2634 990/1050/2632
f 1561/1695/3393 3074/3380/3399 4186/4620/3455 3098/3407/3456
f 3074/3380/3399 1562/1696/3398 3097/3406/3454 4186/4620/3455
f 4186/4620/3455 3097/3406/3454 990/1050/2632 1888/2046/2630
f 3098/3407/3456 4186/4620/3455 1888/2046/2630 991/1051/2628
f 1560/1694/3395 3073/3379/3394 4187/4621/3457 3099/3408/3458
f 3073/3379/3394 1561/1695/3393 3098/3407/3456 4187/4621/3457
f 4187/4621/3457 3098/3407/3456 991/1051/2628 1889/2047/2626
f 3099/3408/3458 4187/4621/3457 1889/2047/2626 992/1052/2623
f 1020/1088/3202 3100/3409/3459 4188/4622/3460 1922/2080/3206
f 3100/3409/3459 1560/1694/3395 3099/3408/3458 4188/4622/3460
f 4188/4622/3460 3099/3408/3458 992/1052/2623 1890/2048/2620
f 1922/2080/3206 4188/4622/3460 1890/2048/2620 875/935/2619
f 1019/1087/3198 3101/3410/3461 4189/4623/3462 1921/2079/3201
f 3101/3410/3461 1553/1687/3369 3066/3372/3391 4189/4623/3462
f 4189/4623/3462 3066/3372/3391 1560/1694/3395 3100/3409/3459
f 1921/2079/3201 4189/4623/3462 3100/3409/3459 1020/1088/3202
f 1018/1085/3194 3102/3411/3463 4190/4624/3464 1920/2078/3197
f 3102/3411/3463 1546/1674/3343 3053/3356/3365 4190/4624/3464
f 4190/4624/3464 3053/3356/3365 1553/1687/3369 3101/3410/3461
f 1920/2078/3197 4190/4624/3464 3101/3410/3461 1019/1087/3198
f 1017/1084/3190 3103/3413/3465 4191/4625/3466 1919/2077/3193
f 3103/3413/3465 1539/1667/3317 3040/3338/3339 4191/4625/3466
f 4191/4625/3466 3040/3338/3339 1546/1675/3343 3102/3412/3463
f 1919/2077/3193 4191/4625/3466 3102/3412/3463 1018/1086/3194
f 1016/1082/3186 3104/3414/3467 4192/4626/3468 1918/2076/3189
f 3104/3414/3467 1532/1653/3291 3027/3325/3313 4192/4626/3468
f 4192/4626/3468 3027/3325/3313 1539/1667/3317 3103/3413/3465
f 1918/2076/3189 4192/4626/3468 3103/3413/3465 1017/1084/3190
f 1015/1081/3182 3105/3416/3469 4193/4627/3470 1917/2075/3185
f 3105/3416/3469 1525/1646/3255 3014/3305/3287 4193/4627/3470
f 4193/4627/3470 3014/3305/3287 1532/1654/3291 3104/3415/3467
f 1917/2075/3185 4193/4627/3470 3104/3415/3467 1016/1083/3186
f 1014/1080/3178 3106/3417/3418 4194/4628/3471 1916/2074/3181
f 3106/3417/3418 1518/1639/3247 3001/3291/3250 4194/4628/3471
f 4194/4628/3471 3001/3291/3250 1525/1646/3255 3105/3416/3469
f 1916/2074/3181 4194/4628/3471 3105/3416/3469 1015/1081/3182
f 1567/1701/3472 3107/3418/3473 4195/4629/3474 3113/3424/3475
f 3107/3418/3473 1568/1702/3476 3114/3425/3477 4195/4629/3474
f 4195/4629/3474 3114/3425/3477 1575/1709/3478 3120/3431/3479
f 3113/3424/3475 4195/4629/3474 3120/3431/3479 1574/1708/3480
f 1568/1702/3476 3108/3419/3481 4196/4630/3482 3114/3425/3477
f 3108/3419/3481 1569/1703/3483 3115/3426/3484 4196/4630/3482
f 4196/4630/3482 3115/3426/3484 1576/1710/3485 3121/3432/3486
f 3114/3425/3477 4196/4630/3482 3121/3432/3486 1575/1709/3478
f 1569/1703/3483 3109/3420/3487 4197/4631/3488 3115/3426/3484
f 3109/3420/3487 1570/1704/3489 3116/3427/3490 4197/4631/3488
f 4197/4631/3488 3116/3427/3490 1577/1711/3491 3122/3433/3492
f 3115/3426/3484 4197/4631/3488 3122/3433/3492 1576/1710/3485
f 1570/1704/3489 3110/3421/3493 4198/4632/3494 3116/3427/3490
f 3110/3421/3493 1571/1705/3495 3117/3428/3496 4198/4632/3494
f 4198/4632/3494 3117/3428/3496 1578/1712/3497 3123/3434/3498
f 3116/3427/3490 4198/4632/3494 3123/3434/3498 1577/1711/3491
f 1571/1705/3495 3111/3422/3499 4199/4633/3500 3117/3428/3496
f 3111/3422/3499 1572/1706/3501 3118/3429/3502 4199/4633/3500
f 4199/4633/3500 3118/3429/3502 1579/1713/3503 3124/3435/3504
f 3117/3428/3496 4199/4633/3500 3124/3435/3504 1578/1712/3497
f 1572/1706/3501 3112/3423/3505 4200/4634/3506 3118/3429/3502
f 3112/3423/3505 1573/1707/3507 3119/3430/3508 4200/4634/3506
f 4200/4634/3506 3119/3430/3508 1580/1714/3509 3125/3436/3510
f 3118/3429/3502 4200/4634/3506 3125/3436/3510 1579/1713/3503
f 1574/1708/3480 3120/3431/3479 4201/4635/3511 3126/3437/3512
f 3120/3431/3479 1575/1709/3478 3127/3438/3513 4201/4635/3511
f 4201/4635/3511 3127/3438/3513 1582/1716/3514 3133/3444/3515
f 3126/3437/3512 4201/4635/3511 3133/3444/3515 1581/1715/3516
f 1575/1709/3478 3121/3432/3486 4202/4636/3517 3127/3438/3513
f 3121/3432/3486 1576/1710/3485 3128/3439/3518 4202/4636/3517
f 4202/4636/3517 3128/3439/3518 1583/1717/3519 3134/3445/3520
f 3127/3438/3513 4202/4636/3517 3134/3445/3520 1582/1716/3514
f 1576/1710/3485 3122/3433/3492 4203/4637/3521 3128/3439/3518
f 3122/3433/3492 1577/1711/3491 3129/3440/3522 4203/4637/3521
f 4203/4637/3521 3129/3440/3522 1584/1718/3523 3135/3446/3524
f 3128/3439/3518 4203/4637/3521 3135/3446/3524 1583/1717/3519
f 1577/1711/3491 3123/3434/3498 4204/4638/3525 3129/3440/3522
f 3123/3434/3498 1578/1712/3497 3130/3441/3526 4204/4638/3525
f 4204/4638/3525 3130/3441/3526 1585/1719/3527 3136/3447/3528
f 3129/3440/3522 4204/4638/3525 3136/3447/3528 1584/1718/3523
f 1578/1712/3497 3124/3435/3504 4205/4639/3529 3130/3441/3526
f 3124/3435/3504 1579/1713/3503 3131/3442/3530 4205/4639/3529
f 4205/4639/3529 3131/3442/3530 1586/1720/3531 3137/3448/3532
f 3130/3441/3526 4205/4639/3529 3137/3448/3532 1585/1719/3527
f 1579/1713/3503 3125/3436/3510 4206/4640/3533 3131/3442/3530
f 3125/3436/3510 1580/1714/3509 3132/3443/3534 4206/4640/3533
f 4206/4640/3533 3132/3443/3534 1587/1721/3535 3138/3449/3536
f 3131/3442/3530 4206/4640/3533 3138/3449/3536 1586/1720/3531
f 1581/1715/3516 3133/3444/3515 4207/4641/3537 3139/3450/3538
f 3133/3444/3515 1582/1716/3514 3140/3451/3539 4207/4641/3537
f 4207/4641/3537 3140/3451/3539 1589/1723/3540 3146/3457/3541
f 3139/3450/3538 4207/4641/3537 3146/3457/3541 1588/1722/3542
f 1582/1716/3514 3134/3445/3520 4208/4642/3543 3140/3451/3539
f 3134/3445/3520 1583/1717/3519 3141/3452/3544 4208/4642/3543
f 4208/4642/3543 3141/3452/3544 1590/1724/3545 3147/3458/3546
f 3140/3451/3539 4208/4642/3543 3147/3458/3546 1589/1723/3540
f 1583/1717/3519 3135/3446/3524 4209/4643/3547 3141/3452/3544
f 3135/3446/3524 1584/1718/3523 3142/3453/3548 4209/4643/3547
f 4209/4643/3547 3142/3453/3548 1591/1725/3549 3148/3459/3550
f 3141/3452/3544 4209/4643/3547 3148/3459/3550 1590/1724/3545
f 1584/1718/3523 3136/3447/3528 4210/4644/3551 3142/3453/3548
f 3136/3447/3528 1585/1719/3527 3143/3454/3552 4210/4644/3551
f 4210/4644/3551 3143/3454/3552 1592/1726/3553 3149/3460/3554
f 3142/3453/3548 4210/4644/3551 3149/3460/3554 1591/1725/3549
f 1585/1719/3527 3137/3448/3532 4211/4645/3555 3143/3454/3552
f 3137/3448/3532 1586/1720/3531 3144/3455/3556 4211/4645/3555
f 4211/4645/3555 3144/3455/3556 1593/1727/3557 3150/3461/3558
f 3143/3454/3552 4211/4645/3555 3150/3461/3558 1592/1726/3553
f 1586/1720/3531 3138/3449/3536 4212/4646/3559 3144/3455/3556
f 3138/3449/3536 1587/1721/3535 3145/3456/3560 4212/4646/3559
f 4212/4646/3559 3145/3456/3560 1594/1728/3561 3151/3462/3562
f 3144/3455/3556 4212/4646/3559 3151/3462/3562 1593/1727/3557
f 1588/1722/3542 3146/3457/3541 4213/4647/3563 3152/3463/3564
f 3146/3457/3541 1589/1723/3540 3153/3464/3565 4213/4647/3563
f 4213/4647/3563 3153/3464/3565 1596/1730/3566 3159/3470/3567
f 3152/3463/3564 4213/4647/3563 3159/3470/3567 1595/1729/3568
f 1589/1723/3540 3147/3458/3546 4214/4648/3569 3153/3464/3565
f 3147/3458/3546 1590/1724/3545 3154/3465/3570 4214/4648/3569
f 4214/4648/3569 3154/3465/3570 1597/1731/3571 3160/3471/3572
f 3153/3464/3565 4214/4648/3569 3160/3471/3572 1596/1730/3566
f 1590/1724/3545 3148/3459/3550 4215/4649/3573 3154/3465/3570
f 3148/3459/3550 1591/1725/3549 3155/3466/3574 4215/4649/3573
f 4215/4649/3573 3155/3466/3574 1598/1732/3575 3161/3472/3576
f 3154/3465/3570 4215/4649/3573 3161/3472/3576 1597/1731/3571
f 1591/1725/3549 3149/3460/3554 4216/4650/3577 3155/3466/3574
f 3149/3460/3554 1592/1726/3553 3156/3467/3578 4216/4650/3577
f 4216/4650/3577 3156/3467/3578 1599/1733/3579 3162/3473/3580
f 3155/3466/3574 4216/4650/3577 3162/3473/3580 1598/1732/3575
f 1592/1726/3553 3150/3461/3558 4217/4651/3581 3156/3467/3578
f 3150/3461/3558 1593/1727/3557 3157/3468/3582 4217/4651/3581
f 4217/4651/3581 3157/3468/3582 1600/1734/3583 3163/3474/3584
f 3156/3467/3578 4217/4651/3581 3163/3474/3584 1599/1733/3579
f 1593/1727/3557 3151/3462/3562 4218/4652/3585 3157/3468/3582
f 3151/3462/3562 1594/1728/3561 3158/3469/3586 4218/4652/3585
f 4218/4652/3585 3158/3469/3586 1601/1735/3587 3164/3475/3588
f 3157/3468/3582 4218/4652/3585 3164/3475/3588 1600/1734/3583
f 1595/1729/3568 3159/3470/3567 4219/4653/3589 3165/3476/3590
f 3159/3470/3567 1596/1730/3566 3166/3477/3591 4219/4653/3589
f 4219/4653/3589 3166/3477/3591 1603/1737/3592 3172/3483/3593
f 3165/3476/3590 4219/4653/3589 3172/3483/3593 1602/1736/3594
f 1596/1730/3566 3160/3471/3572 4220/4654/3595 3166/3477/3591
f 3160/3471/3572 1597/1731/3571 3167/3478/3596 4220/4654/3595
f 4220/4654/3595 3167/3478/3596 1604/1738/3597 3173/3484/3598
f 3166/3477/3591 4220/4654/3595 3173/3484/3598 1603/1737/3592
f 1597/1731/3571 3161/3472/3576 4221/4655/3599 3167/3478/3596
f 3161/3472/3576 1598/1732/3575 3168/3479/3600 4221/4655/3599
f 4221/4655/3599 3168/3479/3600 1605/1739/3601 3174/3485/3602
f 3167/3478/3596 4221/4655/3599 3174/3485/3602 1604/1738/3597
f 1598/1732/3575 3162/3473/3580 4222/4656/3603 3168/3479/3600
f 3162/3473/3580 1599/1733/3579 3169/3480/3604 4222/4656/3603
f 4222/4656/3603 3169/3480/3604 1606/1740/3605 3175/3486/3606
f 3168/3479/3600 4222/4656/3603 3175/3486/3606 1605/1739/3601
f 1599/1733/3579 3163/3474/3584 4223/4657/3607 3169/3480/3604
f 3163/3474/3584 1600/1734/3583 3170/3481/3608 4223/4657/3607
f 4223/4657/3607 3170/3481/3608 1607/1741/3609 3176/3487/3610
f 3169/3480/3604 4223/4657/3607 3176/3487/3610 1606/1740/3605
f 1600/1734/3583 3164/3475/3588 4224/4658/3611 3170/3481/3608
f 3164/3475/3588 1601/1735/3587 3171/3482/3612 4224/4658/3611
f 4224/4658/3611 3171/3482/3612 1608/1742/3613 3177/3488/3614
f 3170/3481/3608 4224/4658/3611 3177/3488/3614 1607/1741/3609
f 1602/1736/3594 3172/3483/3593 4225/4659/3615 3178/3489/3616
f 3172/3483/3593 1603/1737/3592 3179/3490/3617 4225/4659/3615
f 4225/4659/3615 3179/3490/3617 1610/1744/3618 3185/3496/3619
f 3178/3489/3616 4225/4659/3615 3185/3496/3619 1609/1743/3620
f 1603/1737/3592 3173/3484/3598 4226/4660/3621 3179/3490/3617
f 3173/3484/3598 1604/1738/3597 3180/3491/3622 4226/4660/3621
f 4226/4660/3621 3180/3491/3622 1611/1745/3623 3186/3497/3624
f 3179/3490/3617 4226/4660/3621 3186/3497/3624 1610/1744/3618
f 1604/1738/3597 3174/3485/3602 4227/4661/3625 3180/3491/3622
f 3174/3485/3602 1605/1739/3601 3181/3492/3626 4227/4661/3625
f 4227/4661/3625 3181/3492/3626 1612/1746/3627 3187/3498/3628
f 3180/3491/3622 4227/4661/3625 3187/3498/3628 1611/1745/3623
f 1605/1739/3601 3175/3486/3606 4228/4662/3629 3181/3492/3626
f 3175/3486/3606 1606/1740/3605 3182/3493/3630 4228/4662/3629
f 4228/4662/3629 3182/3493/3630 1613/1747/3631 3188/3499/3632
f 3181/3492/3626 4228/4662/3629 3188/3499/3632 1612/1746/3627
f 1606/1740/3605 3176/3487/3610 4229/4663/3633 3182/3493/3630
f 3176/3487/3610 1607/1741/3609 3183/3494/3634 4229/4663/3633
f 4229/4663/3633 3183/3494/3634 1614/1748/3635 3189/3500/3636
f 3182/3493/3630 4229/4663/3633 3189/3500/3636 1613/1747/3631
f 1607/1741/3609 3177/3488/3614 4230/4664/3637 3183/3494/3634
f 3177/3488/3614 1608/1742/3613 3184/3495/3638 4230/4664/3637
f 4230/4664/3637 3184/3495/3638 1615/1749/3639 3190/3501/3640
f 3183/3494/3634 4230/4664/3637 3190/3501/3640 1614/1748/3635
f 879/939/2714 1954/2112/2713 4231/4665/3641 1931/2089/3642
f 1954/2112/2713 1048/1116/2708 3191/3502/3643 4231/4665/3641
f 4231/4665/3641 3191/3502/3643 1567/1701/3472 3218/3529/3644
f 1931/2089/3642 4231/4665/3641 3218/3529/3644 1028/1096/3645
f 1048/1116/2708 1953/2111/2707 4232/4666/3646 3191/3502/3643
f 1953/2111/2707 1047/1115/2704 3192/3503/3647 4232/4666/3646
f 4232/4666/3646 3192/3503/3647 1568/1702/3476 3107/3418/3473
f 3191/3502/3643 4232/4666/3646 3107/3418/3473 1567/1701/3472
f 1047/1115/2704 1952/2110/2703 4233/4667/3648 3192/3503/3647
f 1952/2110/2703 1046/1114/2700 3193/3504/3649 4233/4667/3648
f 4233/4667/3648 3193/3504/3649 1569/1703/3483 3108/3419/3481
f 3192/3503/3647 4233/4667/3648 3108/3419/3481 1568/1702/3476
f 1046/1114/2700 1951/2109/2699 4234/4668/3650 3193/3504/3649
f 1951/2109/2699 1045/1113/2696 3194/3505/3651 4234/4668/3650
f 4234/4668/3650 3194/3505/3651 1570/1704/3489 3109/3420/3487
f 3193/3504/3649 4234/4668/3650 3109/3420/3487 1569/1703/3483
f 1045/1113/2696 1950/2108/2695 4235/4669/3652 3194/3505/3651
f 1950/2108/2695 1044/1112/2692 3195/3506/3653 4235/4669/3652
f 4235/4669/3652 3195/3506/3653 1571/1705/3495 3110/3421/3493
f 3194/3505/3651 4235/4669/3652 3110/3421/3493 1570/1704/3489
f 1044/1112/2692 1949/2107/2691 4236/4670/3654 3195/3506/3653
f 1949/2107/2691 1043/1111/2688 3196/3507/3655 4236/4670/3654
f 4236/4670/3654 3196/3507/3655 1572/1706/3501 3111/3422/3499
f 3195/3506/3653 4236/4670/3654 3111/3422/3499 1571/1705/3495
f 1043/1111/2688 1948/2106/2687 4237/4671/3656 3196/3507/3655
f 1948/2106/2687 1042/1110/2684 3197/3508/3657 4237/4671/3656
f 4237/4671/3656 3197/3508/3657 1573/1707/3507 3112/3423/3505
f 3196/3507/3655 4237/4671/3656 3112/3423/3505 1572/1706/3501
f 1042/1110/2684 1947/2105/2683 4238/4672/3658 3197/3508/3657
f 1947/2105/2683 880/940/2682 1946/2104/3659 4238/4672/3658
f 4238/4672/3658 1946/2104/3659 1041/1109/3660 3198/3509/3661
f 3197/3508/3657 4238/4672/3658 3198/3509/3661 1573/1707/3507
f 1573/1707/3507 3198/3509/3661 4239/4673/3662 3119/3430/3508
f 3198/3509/3661 1041/1109/3660 1945/2103/3663 4239/4673/3662
f 4239/4673/3662 1945/2103/3663 1040/1108/3664 3199/3510/3665
f 3119/3430/3508 4239/4673/3662 3199/3510/3665 1580/1714/3509
f 1580/1714/3509 3199/3510/3665 4240/4674/3666 3132/3443/3534
f 3199/3510/3665 1040/1108/3664 1944/2102/3667 4240/4674/3666
f 4240/4674/3666 1944/2102/3667 1039/1107/3668 3200/3511/3669
f 3132/3443/3534 4240/4674/3666 3200/3511/3669 1587/1721/3535
f 1587/1721/3535 3200/3511/3669 4241/4675/3670 3145/3456/3560
f 3200/3511/3669 1039/1107/3668 1943/2101/3671 4241/4675/3670
f 4241/4675/3670 1943/2101/3671 1038/1106/3672 3201/3512/3673
f 3145/3456/3560 4241/4675/3670 3201/3512/3673 1594/1728/3561
f 1594/1728/3561 3201/3512/3673 4242/4676/3674 3158/3469/3586
f 3201/3512/3673 1038/1106/3672 1942/2100/3675 4242/4676/3674
f 4242/4676/3674 1942/2100/3675 1037/1105/3676 3202/3513/3677
f 3158/3469/3586 4242/4676/3674 3202/3513/3677 1601/1735/3587
f 1601/1735/3587 3202/3513/3677 4243/4677/3678 3171/3482/3612
f 3202/3513/3677 1037/1105/3676 1941/2099/3679 4243/4677/3678
f 4243/4677/3678 1941/2099/3679 1036/1104/3680 3203/3514/3681
f 3171/3482/3612 4243/4677/3678 3203/3514/3681 1608/1742/3613
f 1608/1742/3613 3203/3514/3681 4244/4678/3682 3184/3495/3638
f 3203/3514/3681 1036/1104/3680 1940/2098/3683 4244/4678/3682
f 4244/4678/3682 1940/2098/3683 1035/1103/3684 3204/3515/3685
f 3184/3495/3638 4244/4678/3682 3204/3515/3685 1615/1749/3639
f 1615/1749/3639 3204/3515/3685 4245/4679/3686 3205/3516/3687
f 3204/3515/3685 1035/1103/3684 1939/2097/3688 4245/4679/3686
f 4245/4679/3686 1939/2097/3688 878/938/3689 1930/2088/3690
f 3205/3516/3687 4245/4679/3686 1930/2088/3690 1027/1095/3691
f 1614/1748/3635 3190/3501/3640 4246/4680/3692 3206/3517/3693
f 3190/3501/3640 1615/1749/3639 3205/3516/3687 4246/4680/3692
f 4246/4680/3692 3205/3516/3687 1027/1095/3691 1929/2087/3694
f 3206/3517/3693 4246/4680/3692 1929/2087/3694 1026/1094/3695
f 1613/1747/3631 3189/3500/3636 4247/4681/3696 3207/3518/3697
f 3189/3500/3636 1614/1748/3635 3206/3517/3693 4247/4681/3696
f 4247/4681/3696 3206/3517/3693 1026/1094/3695 1928/2086/3698
f 3207/3518/3697 4247/4681/3696 1928/2086/3698 1025/1093/3699
f 1612/1746/3627 3188/3499/3632 4248/4682/3700 3208/3519/3701
f 3188/3499/3632 1613/1747/3631 3207/3518/3697 4248/4682/3700
f 4248/4682/3700 3207/3518/3697 1025/1093/3699 1927/2085/3702
f 3208/3519/3701 4248/4682/3700 1927/2085/3702 1024/1092/3703
f 1611/1745/3623 3187/3498/3628 4249/4683/3704 3209/3520/3705
f 3187/3498/3628 1612/1746/3627 3208/3519/3701 4249/4683/3704
f 4249/4683/3704 3208/3519/3701 1024/1092/3703 1926/2084/3706
f 3209/3520/3705 4249/4683/3704 1926/2084/3706 1023/1091/3707
f 1610/1744/3618 3186/3497/3624 4250/4684/3708 3210/3521/3709
f 3186/3497/3624 1611/1745/3623 3209/3520/3705 4250/4684/3708
f 4250/4684/3708 3209/3520/3705 1023/1091/3707 1925/2083/3710
f 3210/3521/3709 4250/4684/3708 1925/2083/3710 1022/1090/3711
f 1609/1743/3620 3185/3496/3619 4251/4685/3712 3211/3522/3713
f 3185/3496/3619 1610/1744/3618 3210/3521/3709 4251/4685/3712
f 4251/4685/3712 3210/3521/3709 1022/1090/3711 1924/2082/3714
f 3211/3522/3713 4251/4685/3712 1924/2082/3714 1021/1089/3715
f 1034/1102/3716 3212/3523/3717 4252/4686/3718 1938/2096/3719
f 3212/3523/3717 1609/1743/3620 3211/3522/3713 4252/4686/3718
f 4252/4686/3718 3211/3522/3713 1021/1089/3715 1923/2081/3720
f 1938/2096/3719 4252/4686/3718 1923/2081/3720 877/937/3721
f 1033/1101/3722 3213/3524/3723 4253/4687/3724 1937/2095/3725
f 3213/3524/3723 1602/1736/3594 3178/3489/3616 4253/4687/3724
f 4253/4687/3724 3178/3489/3616 1609/1743/3620 3212/3523/3717
f 1937/2095/3725 4253/4687/3724 3212/3523/3717 1034/1102/3716
f 1032/1100/3726 3214/3525/3727 4254/4688/3728 1936/2094/3729
f 3214/3525/3727 1595/1729/3568 3165/3476/3590 4254/4688/3728
f 4254/4688/3728 3165/3476/3590 1602/1736/3594 3213/3524/3723
f 1936/2094/3729 4254/4688/3728 3213/3524/3723 1033/1101/3722
f 1031/1099/3730 3215/3526/3731 4255/4689/3732 1935/2093/3733
f 3215/3526/3731 1588/1722/3542 3152/3463/3564 4255/4689/3732
f 4255/4689/3732 3152/3463/3564 1595/1729/3568 3214/3525/3727
f 1935/2093/3733 4255/4689/3732 3214/3525/3727 1032/1100/3726
f 1030/1098/3734 3216/3527/3735 4256/4690/3736 1934/2092/3737
f 3216/3527/3735 1581/1715/3516 3139/3450/3538 4256/4690/3736
f 4256/4690/3736 3139/3450/3538 1588/1722/3542 3215/3526/3731
f 1934/2092/3737 4256/4690/3736 3215/3526/3731 1031/1099/3730
f 1029/1097/3738 3217/3528/3739 4257/4691/3740 1933/2091/3741
f 3217/3528/3739 1574/1708/3480 3126/3437/3512 4257/4691/3740
f 4257/4691/3740 3126/3437/3512 1581/1715/3516 3216/3527/3735
f 1933/2091/3741 4257/4691/3740 3216/3527/3735 1030/1098/3734
f 1028/1096/3645 3218/3529/3644 4258/4692/3742 1932/2090/3743
f 3218/3529/3644 1567/1701/3472 3113/3424/3475 4258/4692/3742
f 4258/4692/3742 3113/3424/3475 1574/1708/3480 3217/3528/3739
f 1932/2090/3743 4258/4692/3742 3217/3528/3739 1029/1097/3738
f 1616/1750/3744 3219/3530/3745 4259/4693/3746 3225/3537/3747
f 3219/3530/3745 1617/1751/3748 3226/3538/3749 4259/4693/3746
f 4259/4693/3746 3226/3538/3749 1624/1758/3750 3232/3544/3751
f 3225/3537/3747 4259/4693/3746 3232/3544/3751 1623/1757/3752
f 1617/1751/3748 3220/3531/3753 4260/4694/3754 3226/3538/3749
f 3220/3531/3753 1618/1752/3755 3227/3539/3756 4260/4694/3754
f 4260/4694/3754 3227/3539/3756 1625/1759/3757 3233/3545/3758
f 3226/3538/3749 4260/4694/3754 3233/3545/3758 1624/1758/3750
f 1618/1752/3755 3221/3533/3759 4261/4696/3760 3227/3539/3756
f 3221/3532/3759 1619/1753/3761 3228/3540/3762 4261/4695/3760
f 4261/4695/3760 3228/3540/3762 1626/1760/3763 3234/3547/3764
f 3227/3539/3756 4261/4696/3760 3234/3546/3764 1625/1759/3757
f 1619/1753/3761 3222/3534/3765 4262/4697/3766 3228/3540/3762
f 3222/3534/3765 1620/1754/3767 3229/3541/3768 4262/4697/3766
f 4262/4697/3766 3229/3541/3768 1627/1761/3769 3235/3548/3770
f 3228/3540/3762 4262/4697/3766 3235/3548/3770 1626/1760/3763
f 1620/1754/3767 3223/3535/3771 4263/4698/3772 3229/3541/3768
f 3223/3535/3771 1621/1755/3773 3230/3542/3774 4263/4698/3772
f 4263/4698/3772 3230/3542/3774 1628/1762/3775 3236/3549/3776
f 3229/3541/3768 4263/4698/3772 3236/3549/3776 1627/1761/3769
f 1621/1755/3773 3224/3536/3777 4264/4699/3778 3230/3542/3774
f 3224/3536/3777 1622/1756/3779 3231/3543/3780 4264/4699/3778
f 4264/4699/3778 3231/3543/3780 1629/1763/3781 3237/3550/3782
f 3230/3542/3774 4264/4699/3778 3237/3550/3782 1628/1762/3775
f 1623/1757/3752 3232/3544/3751 4265/4700/3783 3238/3551/3784
f 3232/3544/3751 1624/1758/3750 3239/3552/3785 4265/4700/3783
f 4265/4700/3783 3239/3552/3785 1631/1765/3786 3245/3558/3787
f 3238/3551/3784 4265/4700/3783 3245/3558/3787 1630/1764/3788
f 1624/1758/3750 3233/3545/3758 4266/4701/3789 3239/3552/3785
f 3233/3545/3758 1625/1759/3757 3240/3553/3790 4266/4701/3789
f 4266/4701/3789 3240/3553/3790 1632/1766/3791 3246/3559/3792
f 3239/3552/3785 4266/4701/3789 3246/3559/3792 1631/1765/3786
f 1625/1759/3757 3234/3546/3764 4267/4703/3793 3240/3553/3790
f 3234/3547/3764 1626/1760/3763 3241/3554/3794 4267/4702/3793
f 4267/4702/3793 3241/3554/3794 1633/1767/3795 3247/3561/3796
f 3240/3553/3790 4267/4703/3793 3247/3560/3796 1632/1766/3791
f 1626/1760/3763 3235/3548/3770 4268/4704/3797 3241/3554/3794
f 3235/3548/3770 1627/1761/3769 3242/3555/3798 4268/4704/3797
f 4268/4704/3797 3242/3555/3798 1634/1768/3799 3248/3562/3800
f 3241/3554/3794 4268/4704/3797 3248/3562/3800 1633/1767/3795
f 1627/1761/3769 3236/3549/3776 4269/4705/3801 3242/3555/3798
f 3236/3549/3776 1628/1762/3775 3243/3556/3802 4269/4705/3801
f 4269/4705/3801 3243/3556/3802 1635/1769/3803 3249/3563/3804
f 3242/3555/3798 4269/4705/3801 3249/3563/3804 1634/1768/3799
f 1628/1762/3775 3237/3550/3782 4270/4706/3805 3243/3556/3802
f 3237/3550/3782 1629/1763/3781 3244/3557/3806 4270/4706/3805
f 4270/4706/3805 3244/3557/3806 1636/1770/3807 3250/3564/3808
f 3243/3556/3802 4270/4706/3805 3250/3564/3808 1635/1769/3803
f 1630/1764/3788 3245/3558/3787 4271/4707/3809 3251/3565/3810
f 3245/3558/3787 1631/1765/3786 3252/3566/3811 4271/4707/3809
f 4271/4707/3809 3252/3566/3811 1638/1772/3812 3258/3572/3813
f 3251/3565/3810 4271/4707/3809 3258/3572/3813 1637/1771/3814
f 1631/1765/3786 3246/3559/3792 4272/4708/3815 3252/3566/3811
f 3246/3559/3792 1632/1766/3791 3253/3567/3816 4272/4708/3815
f 4272/4708/3815 3253/3567/3816 1639/1773/3817 3259/3573/3818
f 3252/3566/3811 4272/4708/3815 3259/3573/3818 1638/1772/3812
f 1632/1766/3791 3247/3560/3796 4273/4710/3819 3253/3567/3816
f 3247/3561/3796 1633/1767/3795 3254/3568/3820 4273/4709/3819
f 4273/4709/3819 3254/3568/3820 1640/1774/3821 3260/3575/3822
f 3253/3567/3816 4273/4710/3819 3260/3574/3822 1639/1773/3817
f 1633/1767/3795 3248/3562/3800 4274/4711/3823 3254/3568/3820
f 3248/3562/3800 1634/1768/3799 3255/3569/3824 4274/4711/3823
f 4274/4711/3823 3255/3569/3824 1641/1775/3825 3261/3576/3826
f 3254/3568/3820 4274/4711/3823 3261/3576/3826 1640/1774/3821
f 1634/1768/3799 3249/3563/3804 4275/4712/3827 3255/3569/3824
f 3249/3563/3804 1635/1769/3803 3256/3570/3828 4275/4712/3827
f 4275/4712/3827 3256/3570/3828 1642/1776/3829 3262/3577/3830
f 3255/3569/3824 4275/4712/3827 3262/3577/3830 1641/1775/3825
f 1635/1769/3803 3250/3564/3808 4276/4713/3831 3256/3570/3828
f 3250/3564/3808 1636/1770/3807 3257/3571/3832 4276/4713/3831
f 4276/4713/3831 3257/3571/3832 1643/1777/3833 3263/3578/3834
f 3256/3570/3828 4276/4713/3831 3263/3578/3834 1642/1776/3829
f 1637/1771/3814 3258/3572/3813 4277/4714/3835 3264/3579/3836
f 3258/3572/3813 1638/1772/3812 3265/3580/3837 4277/4714/3835
f 4277/4714/3835 3265/3580/3837 1645/1779/3838 3271/3586/3839
f 3264/3579/3836 4277/4714/3835 3271/3586/3839 1644/1778/3840
f 1638/1772/3812 3259/3573/3818 4278/4715/3841 3265/3580/3837
f 3259/3573/3818 1639/1773/3817 3266/3581/3842 4278/4715/3841
f 4278/4715/3841 3266/3581/3842 1646/1781/3843 3272/3587/3844
f 3265/3580/3837 4278/4715/3841 3272/3587/3844 1645/1779/3838
f 1639/1773/3817 3260/3574/3822 4279/4717/3845 3266/3581/3842
f 3260/3575/3822 1640/1774/3821 3267/3582/3846 4279/4716/3845
f 4279/4716/3845 3267/3582/3846 1647/1783/3847 3273/3589/3848
f 3266/3581/3842 4279/4717/3845 3273/3590/3848 1646/1781/3843
f 1640/1774/3821 3261/3576/3826 4280/4718/3849 3267/3582/3846
f 3261/3576/3826 1641/1775/3825 3268/3583/3850 4280/4718/3849
f 4280/4718/3849 3268/3583/3850 1648/1786/3851 3274/3592/3852
f 3267/3582/3846 4280/4718/3849 3274/3592/3852 1647/1783/3847
f 1641/1775/3825 3262/3577/3830 4281/4719/3853 3268/3583/3850
f 3262/3577/3830 1642/1776/3829 3269/3584/3854 4281/4719/3853
f 4281/4719/3853 3269/3584/3854 1649/1787/3855 3275/3594/3856
f 3268/3583/3850 4281/4719/3853 3275/3594/3856 1648/1786/3851
f 1642/1776/3829 3263/3578/3834 4282/4720/3857 3269/3584/3854
f 3263/3578/3834 1643/1777/3833 3270/3585/3858 4282/4720/3857
f 4282/4720/3857 3270/3585/3858 1650/1788/3859 3276/3595/3860
f 3269/3584/3854 4282/4720/3857 3276/3595/3860 1649/1787/3855
f 1644/1778/3840 3271/3586/3839 4283/4721/3861 3277/3596/3862
f 3271/3586/3839 1645/1779/3838 3278/3598/3863 4283/4721/3861
f 4283/4722/3861 3278/3599/3863 1652/1790/3864 3284/3608/3865
f 3277/3597/3862 4283/4722/3861 3284/3608/3865 1651/1789/3866
f 1645/1780/3838 3272/3588/3844 4284/4723/3867 3278/3599/3863
f 3272/3588/3844 1646/1782/3843 3279/3600/3868 4284/4723/3867
f 4284/4723/3867 3279/3600/3868 1653/1791/3869 3285/3609/3870
f 3278/3599/3863 4284/4723/3867 3285/3609/3870 1652/1790/3864
f 1646/1782/3843 3273/3591/3848 4285/4724/3871 3279/3600/3868
f 3273/3591/3848 1647/1784/3847 3280/3601/3872 4285/4724/3871
f 4285/4724/3871 3280/3601/3872 1654/1792/3873 3286/3610/3874
f 3279/3600/3868 4285/4724/3871 3286/3610/3874 1653/1791/3869
f 1647/1784/3847 3274/3593/3852 4286/4725/3875 3280/3601/3872
f 3274/3593/3852 1648/1785/3851 3281/3603/3876 4286/4725/3875
f 4286/4725/3875 3281/3603/3876 1655/1793/3877 3287/3611/3878
f 3280/3601/3872 4286/4725/3875 3287/3611/3878 1654/1792/3873
f 1648/1786/3851 3275/3594/3856 4287/4726/3879 3281/3602/3876
f 3275/3594/3856 1649/1787/3855 3282/3604/3880 4287/4726/3879
f 4287/4727/3879 3282/3605/3880 1656/1794/3881 3288/3612/3882
f 3281/3603/3876 4287/4727/3879 3288/3612/3882 1655/1793/3877
f 1649/1787/3855 3276/3595/3860 4288/4728/3883 3282/3604/3880
f 3276/3595/3860 1650/1788/3859 3283/3606/3884 4288/4728/3883
f 4288/4729/3883 3283/3607/3884 1657/1795/3885 3289/3613/3886
f 3282/3605/3880 4288/4729/3883 3289/3613/3886 1656/1794/3881
f 1651/1789/3866 3284/3608/3865 4289/4730/3887 3290/3614/3888
f 3284/3608/3865 1652/1790/3864 3291/3615/3889 4289/4730/3887
f 4289/4730/3887 3291/3615/3889 1659/1797/3890 3297/3621/3891
f 3290/3614/3888 4289/4730/3887 3297/3621/3891 1658/1796/3892
f 1652/1790/3864 3285/3609/3870 4290/4731/3893 3291/3615/3889
f 3285/3609/3870 1653/1791/3869 3292/3616/3894 4290/4731/3893
f 4290/4731/3893 3292/3616/3894 1660/1798/3895 3298/3622/3896
f 3291/3615/3889 4290/4731/3893 3298/3622/3896 1659/1797/3890
f 1653/1791/3869 3286/3610/3874 4291/4732/3897 3292/3616/3894
f 3286/3610/3874 1654/1792/3873 3293/3617/3898 4291/4732/3897
f 4291/4732/3897 3293/3617/3898 1661/1799/3899 3299/3623/3900
f 3292/3616/3894 4291/4732/3897 3299/3623/3900 1660/1798/3895
f 1654/1792/3873 3287/3611/3878 4292/4733/3901 3293/3617/3898
f 3287/3611/3878 1655/1793/3877 3294/3618/3902 4292/4733/3901
f 4292/4733/3901 3294/3618/3902 1662/1800/3903 3300/3624/3904
f 3293/3617/3898 4292/4733/3901 3300/3624/3904 1661/1799/3899
f 1655/1793/3877 3288/3612/3882 4293/4734/3905 3294/3618/3902
f 3288/3612/3882 1656/1794/3881 3295/3619/3906 4293/4734/3905
f 4293/4734/3905 3295/3619/3906 1663/1801/3907 3301/3625/3908
f 3294/3618/3902 4293/4734/3905 3301/3625/3908 1662/1800/3903
f 1656/1794/3881 3289/3613/3886 4294/4735/3909 3295/3619/3906
f 3289/3613/3886 1657/1795/3885 3296/3620/3910 4294/4735/3909
f 4294/4735/3909 3296/3620/3910 1664/1802/3911 3302/3626/3912
f 3295/3619/3906 4294/4735/3909 3302/3626/3912 1663/1801/3907
f 873/933/1099 1874/2030/3235 4295/4736/3913 1978/2139/3914
f 1874/2030/3235 978/1038/3232 3303/3627/3915 4295/4736/3913
f 4295/4736/3913 3303/3627/3915 1616/1750/3744 3330/3654/3913
f 1978/2139/3914 4295/4736/3913 3330/3654/3913 1069/1137/3916
f 978/1038/3232 1873/2029/3231 4296/4737/3917 3303/3627/3915
f 1873/2029/3231 977/1037/3228 3304/3628/3918 4296/4737/3917
f 4296/4737/3917 3304/3628/3918 1617/1751/3748 3219/3530/3745
f 3303/3627/3915 4296/4737/3917 3219/3530/3745 1616/1750/3744
f 977/1037/3228 1872/2028/3227 4297/4738/3919 3304/3628/3918
f 1872/2028/3227 976/1036/3224 3305/3629/3920 4297/4738/3919
f 4297/4738/3919 3305/3629/3920 1618/1752/3755 3220/3531/3753
f 3304/3628/3918 4297/4738/3919 3220/3531/3753 1617/1751/3748
f 976/1036/3224 1871/2026/3223 4298/4740/3921 3305/3629/3920
f 1871/2027/3223 975/1035/3220 3306/3630/3922 4298/4739/3921
f 4298/4739/3921 3306/3630/3922 1619/1753/3761 3221/3532/3759
f 3305/3629/3920 4298/4740/3921 3221/3533/3759 1618/1752/3755
f 975/1035/3220 1870/2025/3219 4299/4741/3923 3306/3630/3922
f 1870/2025/3219 974/1034/3216 3307/3631/3924 4299/4741/3923
f 4299/4741/3923 3307/3631/3924 1620/1754/3767 3222/3534/3765
f 3306/3630/3922 4299/4741/3923 3222/3534/3765 1619/1753/3761
f 974/1034/3216 1869/2024/3215 4300/4742/3925 3307/3631/3924
f 1869/2024/3215 973/1033/3212 3308/3632/3926 4300/4742/3925
f 4300/4742/3925 3308/3632/3926 1621/1755/3773 3223/3535/3771
f 3307/3631/3924 4300/4742/3925 3223/3535/3771 1620/1754/3767
f 973/1033/3212 1868/2023/3211 4301/4743/3927 3308/3632/3926
f 1868/2023/3211 972/1032/3208 3309/3633/3928 4301/4743/3927
f 4301/4743/3927 3309/3633/3928 1622/1756/3779 3224/3536/3777
f 3308/3632/3926 4301/4743/3927 3224/3536/3777 1621/1755/3773
f 972/1032/3208 1867/2022/3207 4302/4744/3929 3309/3633/3928
f 1867/2022/3207 875/935/2619 1970/2130/2622 4302/4744/3929
f 4302/4744/3929 1970/2130/2622 1062/1130/2625 3310/3634/3929
f 3309/3633/3928 4302/4744/3929 3310/3634/3929 1622/1756/3779
f 1622/1756/3779 3310/3634/3929 4303/4745/3930 3231/3543/3780
f 3310/3634/3929 1062/1130/2625 1969/2129/2736 4303/4745/3930
f 4303/4745/3930 1969/2129/2736 1061/1129/2731 3311/3635/3931
f 3231/3543/3780 4303/4745/3930 3311/3635/3931 1629/1763/3781
f 1629/1763/3781 3311/3635/3931 4304/4746/3932 3244/3557/3806
f 3311/3635/3931 1061/1129/2731 1968/2128/2734 4304/4746/3932
f 4304/4746/3932 1968/2128/2734 1060/1128/2727 3312/3636/3933
f 3244/3557/3806 4304/4746/3932 3312/3636/3933 1636/1770/3807
f 1636/1770/3807 3312/3636/3933 4305/4747/3934 3257/3571/3832
f 3312/3636/3933 1060/1128/2727 1967/2127/2730 4305/4747/3934
f 4305/4747/3934 1967/2127/2730 1059/1127/2723 3313/3637/3935
f 3257/3571/3832 4305/4747/3934 3313/3637/3935 1643/1777/3833
f 1643/1777/3833 3313/3637/3935 4306/4748/3936 3270/3585/3858
f 3313/3637/3935 1059/1127/2723 1966/2126/2726 4306/4748/3936
f 4306/4748/3936 1966/2126/2726 1058/1126/2719 3314/3638/3937
f 3270/3585/3858 4306/4748/3936 3314/3638/3937 1650/1788/3859
f 1650/1788/3859 3314/3638/3937 4307/4749/3938 3283/3606/3884
f 3314/3638/3937 1058/1126/2719 1965/2124/2722 4307/4749/3938
f 4307/4750/3938 1965/2125/2722 1057/1125/2715 3315/3639/3939
f 3283/3607/3884 4307/4750/3938 3315/3639/3939 1657/1795/3885
f 1657/1795/3885 3315/3639/3939 4308/4751/3940 3296/3620/3910
f 3315/3639/3939 1057/1125/2715 1964/2123/2718 4308/4751/3940
f 4308/4751/3940 1964/2123/2718 1056/1124/2709 3316/3640/3941
f 3296/3620/3910 4308/4751/3940 3316/3640/3941 1664/1802/3911
f 1664/1802/3911 3316/3640/3941 4309/4752/3942 3317/3641/3943
f 3316/3640/3941 1056/1124/2709 1963/2122/2712 4309/4752/3942
f 4309/4752/3942 1963/2122/2712 879/939/2714 1931/2089/3642
f 3317/3641/3943 4309/4752/3942 1931/2089/3642 1028/1096/3645
f 1663/1801/3907 3302/3626/3912 4310/4753/3944 3318/3642/3945
f 3302/3626/3912 1664/1802/3911 3317/3641/3943 4310/4753/3944
f 4310/4753/3944 3317/3641/3943 1028/1096/3645 1932/2090/3743
f 3318/3642/3945 4310/4753/3944 1932/2090/3743 1029/1097/3738
f 1662/1800/3903 3301/3625/3908 4311/4754/3946 3319/3643/3947
f 3301/3625/3908 1663/1801/3907 3318/3642/3945 4311/4754/3946
f 4311/4754/3946 3318/3642/3945 1029/1097/3738 1933/2091/3741
f 3319/3643/3947 4311/4754/3946 1933/2091/3741 1030/1098/3734
f 1661/1799/3899 3300/3624/3904 4312/4755/3948 3320/3644/3949
f 3300/3624/3904 1662/1800/3903 3319/3643/3947 4312/4755/3948
f 4312/4755/3948 3319/3643/3947 1030/1098/3734 1934/2092/3737
f 3320/3644/3949 4312/4755/3948 1934/2092/3737 1031/1099/3730
f 1660/1798/3895 3299/3623/3900 4313/4756/3950 3321/3645/3951
f 3299/3623/3900 1661/1799/3899 3320/3644/3949 4313/4756/3950
f 4313/4756/3950 3320/3644/3949 1031/1099/3730 1935/2093/3733
f 3321/3645/3951 4313/4756/3950 1935/2093/3733 1032/1100/3726
f 1659/1797/3890 3298/3622/3896 4314/4757/3952 3322/3646/3953
f 3298/3622/3896 1660/1798/3895 3321/3645/3951 4314/4757/3952
f 4314/4757/3952 3321/3645/3951 1032/1100/3726 1936/2094/3729
f 3322/3646/3953 4314/4757/3952 1936/2094/3729 1033/1101/3722
f 1658/1796/3892 3297/3621/3891 4315/4758/3954 3323/3647/3955
f 3297/3621/3891 1659/1797/3890 3322/3646/3953 4315/4758/3954
f 4315/4758/3954 3322/3646/3953 1033/1101/3722 1937/2095/3725
f 3323/3647/3955 4315/4758/3954 1937/2095/3725 1034/1102/3716
f 1063/1131/3956 3324/3648/3957 4316/4759/3958 1971/2131/3959
f 3324/3648/3957 1658/1796/3892 3323/3647/3955 4316/4759/3958
f 4316/4759/3958 3323/3647/3955 1034/1102/3716 1938/2096/3719
f 1971/2131/3959 4316/4759/3958 1938/2096/3719 877/937/3721
f 1064/1132/3960 3325/3649/3961 4317/4760/3962 1972/2132/3963
f 3325/3649/3961 1651/1789/3866 3290/3614/3888 4317/4760/3962
f 4317/4760/3962 3290/3614/3888 1658/1796/3892 3324/3648/3957
f 1972/2132/3963 4317/4760/3962 3324/3648/3957 1063/1131/3956
f 1065/1133/3964 3326/3650/3965 4318/4761/3966 1973/2133/3967
f 3326/3650/3965 1644/1778/3840 3277/3596/3862 4318/4761/3966
f 4318/4762/3966 3277/3597/3862 1651/1789/3866 3325/3649/3961
f 1973/2134/3967 4318/4762/3966 3325/3649/3961 1064/1132/3960
f 1066/1134/3968 3327/3651/3969 4319/4763/3970 1974/2135/3971
f 3327/3651/3969 1637/1771/3814 3264/3579/3836 4319/4763/3970
f 4319/4763/3970 3264/3579/3836 1644/1778/3840 3326/3650/3965
f 1974/2135/3971 4319/4763/3970 3326/3650/3965 1065/1133/3964
f 1067/1135/3972 3328/3652/3973 4320/4764/3974 1975/2136/3975
f 3328/3652/3973 1630/1764/3788 3251/3565/3810 4320/4764/3974
f 4320/4764/3974 3251/3565/3810 1637/1771/3814 3327/3651/3969
f 1975/2136/3975 4320/4764/3974 3327/3651/3969 1066/1134/3968
f 1068/1136/3976 3329/3653/3977 4321/4765/3978 1976/2137/3979
f 3329/3653/3977 1623/1757/3752 3238/3551/3784 4321/4765/3978
f 4321/4765/3978 3238/3551/3784 1630/1764/3788 3328/3652/3973
f 1976/2137/3979 4321/4765/3978 3328/3652/3973 1067/1135/3972
f 1069/1137/3916 3330/3654/3913 4322/4766/3980 1977/2138/3981
f 3330/3654/3913 1616/1750/3744 3225/3537/3747 4322/4766/3980
f 4322/4766/3980 3225/3537/3747 1623/1757/3752 3329/3653/3977
f 1977/2138/3981 4322/4766/3980 3329/3653/3977 1068/1136/3976
f 1665/1803/3982 3331/3655/3983 4323/4767/3984 3337/3662/3985
f 3331/3655/3983 1666/1804/3986 3338/3663/3987 4323/4767/3984
f 4323/4767/3984 3338/3663/3987 1673/1811/3988 3344/3669/3989
f 3337/3662/3985 4323/4767/3984 3344/3669/3989 1672/1810/3990
f 1666/1804/3986 3332/3656/3991 4324/4768/3992 3338/3663/3987
f 3332/3656/3991 1667/1805/3993 3339/3664/3994 4324/4768/3992
f 4324/4768/3992 3339/3664/3994 1674/1812/3995 3345/3670/3996
f 3338/3663/3987 4324/4768/3992 3345/3670/3996 1673/1811/3988
f 1667/1805/3993 3333/3658/3997 4325/4770/3998 3339/3664/3994
f 3333/3657/3997 1668/1806/3999 3340/3665/4000 4325/4769/3998
f 4325/4769/3998 3340/3665/4000 1675/1813/4001 3346/3672/4002
f 3339/3664/3994 4325/4770/3998 3346/3671/4002 1674/1812/3995
f 1668/1806/3999 3334/3659/4003 4326/4771/4004 3340/3665/4000
f 3334/3659/4003 1669/1807/4005 3341/3666/4006 4326/4771/4004
f 4326/4771/4004 3341/3666/4006 1676/1814/4007 3347/3673/4008
f 3340/3665/4000 4326/4771/4004 3347/3673/4008 1675/1813/4001
f 1669/1807/4005 3335/3660/4009 4327/4772/4010 3341/3666/4006
f 3335/3660/4009 1670/1808/4011 3342/3667/4012 4327/4772/4010
f 4327/4772/4010 3342/3667/4012 1677/1815/4013 3348/3674/4014
f 3341/3666/4006 4327/4772/4010 3348/3674/4014 1676/1814/4007
f 1670/1808/4011 3336/3661/4015 4328/4773/4016 3342/3667/4012
f 3336/3661/4015 1671/1809/4017 3343/3668/4018 4328/4773/4016
f 4328/4773/4016 3343/3668/4018 1678/1816/4019 3349/3675/4020
f 3342/3667/4012 4328/4773/4016 3349/3675/4020 1677/1815/4013
f 1672/1810/3990 3344/3669/3989 4329/4774/4021 3350/3676/4022
f 3344/3669/3989 1673/1811/3988 3351/3677/4023 4329/4774/4021
f 4329/4774/4021 3351/3677/4023 1680/1818/4024 3357/3683/4025
f 3350/3676/4022 4329/4774/4021 3357/3683/4025 1679/1817/4026
f 1673/1811/3988 3345/3670/3996 4330/4775/4027 3351/3677/4023
f 3345/3670/3996 1674/1812/3995 3352/3678/4028 4330/4775/4027
f 4330/4775/4027 3352/3678/4028 1681/1819/4029 3358/3684/4030
f 3351/3677/4023 4330/4775/4027 3358/3684/4030 1680/1818/4024
f 1674/1812/3995 3346/3671/4002 4331/4777/4031 3352/3678/4028
f 3346/3672/4002 1675/1813/4001 3353/3679/4032 4331/4776/4031
f 4331/4776/4031 3353/3679/4032 1682/1820/4033 3359/3686/4034
f 3352/3678/4028 4331/4777/4031 3359/3685/4034 1681/1819/4029
f 1675/1813/4001 3347/3673/4008 4332/4778/4035 3353/3679/4032
f 3347/3673/4008 1676/1814/4007 3354/3680/4036 4332/4778/4035
f 4332/4778/4035 3354/3680/4036 1683/1821/4037 3360/3687/4038
f 3353/3679/4032 4332/4778/4035 3360/3687/4038 1682/1820/4033
f 1676/1814/4007 3348/3674/4014 4333/4779/4039 3354/3680/4036
f 3348/3674/4014 1677/1815/4013 3355/3681/4040 4333/4779/4039
f 4333/4779/4039 3355/3681/4040 1684/1822/4041 3361/3688/4042
f 3354/3680/4036 4333/4779/4039 3361/3688/4042 1683/1821/4037
f 1677/1815/4013 3349/3675/4020 4334/4780/4043 3355/3681/4040
f 3349/3675/4020 1678/1816/4019 3356/3682/4044 4334/4780/4043
f 4334/4780/4043 3356/3682/4044 1685/1823/4045 3362/3689/4046
f 3355/3681/4040 4334/4780/4043 3362/3689/4046 1684/1822/4041
f 1679/1817/4026 3357/3683/4025 4335/4781/4047 3363/3690/4048
f 3357/3683/4025 1680/1818/4024 3364/3691/4049 4335/4781/4047
f 4335/4781/4047 3364/3691/4049 1687/1825/4050 3370/3697/4051
f 3363/3690/4048 4335/4781/4047 3370/3697/4051 1686/1824/4052
f 1680/1818/4024 3358/3684/4030 4336/4782/4053 3364/3691/4049
f 3358/3684/4030 1681/1819/4029 3365/3692/4054 4336/4782/4053
f 4336/4782/4053 3365/3692/4054 1688/1826/4055 3371/3698/4056
f 3364/3691/4049 4336/4782/4053 3371/3698/4056 1687/1825/4050
f 1681/1819/4029 3359/3685/4034 4337/4784/4057 3365/3692/4054
f 3359/3686/4034 1682/1820/4033 3366/3693/4058 4337/4783/4057
f 4337/4783/4057 3366/3693/4058 1689/1827/4059 3372/3700/4060
f 3365/3692/4054 4337/4784/4057 3372/3699/4060 1688/1826/4055
f 1682/1820/4033 3360/3687/4038 4338/4785/4061 3366/3693/4058
f 3360/3687/4038 1683/1821/4037 3367/3694/4062 4338/4785/4061
f 4338/4785/4061 3367/3694/4062 1690/1828/4063 3373/3701/4064
f 3366/3693/4058 4338/4785/4061 3373/3701/4064 1689/1827/4059
f 1683/1821/4037 3361/3688/4042 4339/4786/4065 3367/3694/4062
f 3361/3688/4042 1684/1822/4041 3368/3695/4066 4339/4786/4065
f 4339/4786/4065 3368/3695/4066 1691/1829/4067 3374/3702/4068
f 3367/3694/4062 4339/4786/4065 3374/3702/4068 1690/1828/4063
f 1684/1822/4041 3362/3689/4046 4340/4787/4069 3368/3695/4066
f 3362/3689/4046 1685/1823/4045 3369/3696/4070 4340/4787/4069
f 4340/4787/4069 3369/3696/4070 1692/1830/4071 3375/3703/4072
f 3368/3695/4066 4340/4787/4069 3375/3703/4072 1691/1829/4067
f 1686/1824/4052 3370/3697/4051 4341/4788/4073 3376/3704/4074
f 3370/3697/4051 1687/1825/4050 3377/3705/4075 4341/4788/4073
f 4341/4788/4073 3377/3705/4075 1694/1832/4076 3383/3711/4077
f 3376/3704/4074 4341/4788/4073 3383/3711/4077 1693/1831/4078
f 1687/1825/4050 3371/3698/4056 4342/4789/4079 3377/3705/4075
f 3371/3698/4056 1688/1826/4055 3378/3706/4080 4342/4789/4079
f 4342/4789/4079 3378/3706/4080 1695/1834/4081 3384/3712/4082
f 3377/3705/4075 4342/4789/4079 3384/3712/4082 1694/1832/4076
f 1688/1826/4055 3372/3699/4060 4343/4791/4083 3378/3706/4080
f 3372/3700/4060 1689/1827/4059 3379/3707/4084 4343/4790/4083
f 4343/4790/4083 3379/3707/4084 1696/1836/4085 3385/3714/4086
f 3378/3706/4080 4343/4791/4083 3385/3715/4086 1695/1834/4081
f 1689/1827/4059 3373/3701/4064 4344/4792/4087 3379/3707/4084
f 3373/3701/4064 1690/1828/4063 3380/3708/4088 4344/4792/4087
f 4344/4792/4087 3380/3708/4088 1697/1838/4089 3386/3717/4090
f 3379/3707/4084 4344/4792/4087 3386/3717/4090 1696/1836/4085
f 1690/1828/4063 3374/3702/4068 4345/4793/4091 3380/3708/4088
f 3374/3702/4068 1691/1829/4067 3381/3709/4092 4345/4793/4091
f 4345/4793/4091 3381/3709/4092 1698/1840/4093 3387/3720/4094
f 3380/3708/4088 4345/4793/4091 3387/3720/4094 1697/1838/4089
f 1691/1829/4067 3375/3703/4072 4346/4794/4095 3381/3709/4092
f 3375/3703/4072 1692/1830/4071 3382/3710/4096 4346/4794/4095
f 4346/4794/4095 3382/3710/4096 1699/1841/4097 3388/3721/4098
f 3381/3709/4092 4346/4794/4095 3388/3721/4098 1698/1840/4093
f 1693/1831/4078 3383/3711/4077 4347/4795/4099 3389/3722/4100
f 3383/3711/4077 1694/1832/4076 3390/3724/4101 4347/4795/4099
f 4347/4796/4099 3390/3725/4101 1701/1843/4102 3396/3733/4103
f 3389/3723/4100 4347/4796/4099 3396/3733/4103 1700/1842/4104
f 1694/1833/4076 3384/3713/4082 4348/4797/4105 3390/3725/4101
f 3384/3713/4082 1695/1835/4081 3391/3726/4106 4348/4797/4105
f 4348/4797/4105 3391/3726/4106 1702/1844/4107 3397/3734/4108
f 3390/3725/4101 4348/4797/4105 3397/3734/4108 1701/1843/4102
f 1695/1835/4081 3385/3716/4086 4349/4798/4109 3391/3726/4106
f 3385/3716/4086 1696/1837/4085 3392/3727/4110 4349/4798/4109
f 4349/4798/4109 3392/3727/4110 1703/1845/4111 3398/3735/4112
f 3391/3726/4106 4349/4798/4109 3398/3735/4112 1702/1844/4107
f 1696/1837/4085 3386/3718/4090 4350/4799/4113 3392/3727/4110
f 3386/3718/4090 1697/1839/4089 3393/3728/4114 4350/4799/4113
f 4350/4799/4113 3393/3728/4114 1704/1846/4115 3399/3736/4116
f 3392/3727/4110 4350/4799/4113 3399/3736/4116 1703/1845/4111
f 1697/1839/4089 3387/3719/4094 4351/4801/4117 3393/3728/4114
f 3387/3720/4094 1698/1840/4093 3394/3729/4118 4351/4800/4117
f 4351/4801/4117 3394/3730/4118 1705/1847/4119 3400/3737/4120
f 3393/3728/4114 4351/4801/4117 3400/3737/4120 1704/1846/4115
f 1698/1840/4093 3388/3721/4098 4352/4802/4121 3394/3729/4118
f 3388/3721/4098 1699/1841/4097 3395/3731/4122 4352/4802/4121
f 4352/4803/4121 3395/3732/4122 1706/1848/4123 3401/3738/4124
f 3394/3730/4118 4352/4803/4121 3401/3738/4124 1705/1847/4119
f 1700/1842/4104 3396/3733/4103 4353/4804/4125 3402/3739/4126
f 3396/3733/4103 1701/1843/4102 3403/3740/4127 4353/4804/4125
f 4353/4804/4125 3403/3740/4127 1708/1850/4128 3409/3746/4129
f 3402/3739/4126 4353/4804/4125 3409/3746/4129 1707/1849/4130
f 1701/1843/4102 3397/3734/4108 4354/4805/4131 3403/3740/4127
f 3397/3734/4108 1702/1844/4107 3404/3741/4132 4354/4805/4131
f 4354/4805/4131 3404/3741/4132 1709/1851/4133 3410/3747/4134
f 3403/3740/4127 4354/4805/4131 3410/3747/4134 1708/1850/4128
f 1702/1844/4107 3398/3735/4112 4355/4806/4135 3404/3741/4132
f 3398/3735/4112 1703/1845/4111 3405/3742/4136 4355/4806/4135
f 4355/4806/4135 3405/3742/4136 1710/1852/4137 3411/3748/4138
f 3404/3741/4132 4355/4806/4135 3411/3748/4138 1709/1851/4133
f 1703/1845/4111 3399/3736/4116 4356/4807/4139 3405/3742/4136
f 3399/3736/4116 1704/1846/4115 3406/3743/4140 4356/4807/4139
f 4356/4807/4139 3406/3743/4140 1711/1853/4141 3412/3749/4142
f 3405/3742/4136 4356/4807/4139 3412/3749/4142 1710/1852/4137
f 1704/1846/4115 3400/3737/4120 4357/4808/4143 3406/3743/4140
f 3400/3737/4120 1705/1847/4119 3407/3744/4144 4357/4808/4143
f 4357/4808/4143 3407/3744/4144 1712/1854/4145 3413/3750/4146
f 3406/3743/4140 4357/4808/4143 3413/3750/4146 1711/1853/4141
f 1705/1847/4119 3401/3738/4124 4358/4809/4147 3407/3744/4144
f 3401/3738/4124 1706/1848/4123 3408/3745/4148 4358/4809/4147
f 4358/4809/4147 3408/3745/4148 1713/1855/4149 3414/3751/4150
f 3407/3744/4144 4358/4809/4147 3414/3751/4150 1712/1854/4145
f 876/936/2652 1882/2039/2969 4359/4810/4151 1955/2113/2653
f 1882/2039/2969 985/1045/2964 3415/3752/4152 4359/4810/4151
f 4359/4810/4151 3415/3752/4152 1665/1803/3982 3442/3779/4151
f 1955/2113/2653 4359/4810/4151 3442/3779/4151 1049/1117/2654
f 985/1045/2964 1881/2038/2963 4360/4811/4153 3415/3752/4152
f 1881/2038/2963 984/1044/2960 3416/3753/4154 4360/4811/4153
f 4360/4811/4153 3416/3753/4154 1666/1804/3986 3331/3655/3983
f 3415/3752/4152 4360/4811/4153 3331/3655/3983 1665/1803/3982
f 984/1044/2960 1880/2037/2959 4361/4812/4155 3416/3753/4154
f 1880/2037/2959 983/1043/2956 3417/3754/4156 4361/4812/4155
f 4361/4812/4155 3417/3754/4156 1667/1805/3993 3332/3656/3991
f 3416/3753/4154 4361/4812/4155 3332/3656/3991 1666/1804/3986
f 983/1043/2956 1879/2035/2955 4362/4814/4157 3417/3754/4156
f 1879/2036/2955 982/1042/2952 3418/3755/4158 4362/4813/4157
f 4362/4813/4157 3418/3755/4158 1668/1806/3999 3333/3657/3997
f 3417/3754/4156 4362/4814/4157 3333/3658/3997 1667/1805/3993
f 982/1042/2952 1878/2034/2951 4363/4815/4159 3418/3755/4158
f 1878/2034/2951 981/1041/2948 3419/3756/4160 4363/4815/4159
f 4363/4815/4159 3419/3756/4160 1669/1807/4005 3334/3659/4003
f 3418/3755/4158 4363/4815/4159 3334/3659/4003 1668/1806/3999
f 981/1041/2948 1877/2033/2947 4364/4816/4161 3419/3756/4160
f 1877/2033/2947 980/1040/2944 3420/3757/4162 4364/4816/4161
f 4364/4816/4161 3420/3757/4162 1670/1808/4011 3335/3660/4009
f 3419/3756/4160 4364/4816/4161 3335/3660/4009 1669/1807/4005
f 980/1040/2944 1876/2032/2943 4365/4817/4163 3420/3757/4162
f 1876/2032/2943 979/1039/2940 3421/3758/4164 4365/4817/4163
f 4365/4817/4163 3421/3758/4164 1671/1809/4017 3336/3661/4015
f 3420/3757/4162 4365/4817/4163 3336/3661/4015 1670/1808/4011
f 979/1039/2940 1875/2031/2939 4366/4818/4165 3421/3758/4164
f 1875/2031/2939 874/934/1131 1979/2140/4166 4366/4818/4165
f 4366/4818/4165 1979/2140/4166 1070/1138/4167 3422/3759/4165
f 3421/3758/4164 4366/4818/4165 3422/3759/4165 1671/1809/4017
f 1671/1809/4017 3422/3759/4165 4367/4819/4168 3343/3668/4018
f 3422/3759/4165 1070/1138/4167 1980/2141/4169 4367/4819/4168
f 4367/4819/4168 1980/2141/4169 1071/1139/4170 3423/3760/4171
f 3343/3668/4018 4367/4819/4168 3423/3760/4171 1678/1816/4019
f 1678/1816/4019 3423/3760/4171 4368/4820/4172 3356/3682/4044
f 3423/3760/4171 1071/1139/4170 1981/2142/4173 4368/4820/4172
f 4368/4820/4172 1981/2142/4173 1072/1140/4174 3424/3761/4175
f 3356/3682/4044 4368/4820/4172 3424/3761/4175 1685/1823/4045
f 1685/1823/4045 3424/3761/4175 4369/4821/4176 3369/3696/4070
f 3424/3761/4175 1072/1140/4174 1982/2143/4177 4369/4821/4176
f 4369/4821/4176 1982/2143/4177 1073/1141/4178 3425/3762/4179
f 3369/3696/4070 4369/4821/4176 3425/3762/4179 1692/1830/4071
f 1692/1830/4071 3425/3762/4179 4370/4822/4180 3382/3710/4096
f 3425/3762/4179 1073/1141/4178 1983/2144/4181 4370/4822/4180
f 4370/4822/4180 1983/2144/4181 1074/1142/4182 3426/3763/4183
f 3382/3710/4096 4370/4822/4180 3426/3763/4183 1699/1841/4097
f 1699/1841/4097 3426/3763/4183 4371/4823/4184 3395/3731/4122
f 3426/3763/4183 1074/1142/4182 1984/2145/4185 4371/4823/4184
f 4371/4824/4184 1984/2146/4185 1075/1143/4186 3427/3764/4187
f 3395/3732/4122 4371/4824/4184 3427/3764/4187 1706/1848/4123
f 1706/1848/4123 3427/3764/4187 4372/4825/4188 3408/3745/4148
f 3427/3764/4187 1075/1143/4186 1985/2147/4189 4372/4825/4188
f 4372/4825/4188 1985/2147/4189 1076/1144/4190 3428/3765/4191
f 3408/3745/4148 4372/4825/4188 3428/3765/4191 1713/1855/4149
f 1713/1855/4149 3428/3765/4191 4373/4826/4192 3429/3766/4193
f 3428/3765/4191 1076/1144/4190 1986/2148/4194 4373/4826/4192
f 4373/4826/4192 1986/2148/4194 878/938/3689 1939/2097/3688
f 3429/3766/4193 4373/4826/4192 1939/2097/3688 1035/1103/3684
f 1712/1854/4145 3414/3751/4150 4374/4827/4195 3430/3767/4196
f 3414/3751/4150 1713/1855/4149 3429/3766/4193 4374/4827/4195
f 4374/4827/4195 3429/3766/4193 1035/1103/3684 1940/2098/3683
f 3430/3767/4196 4374/4827/4195 1940/2098/3683 1036/1104/3680
f 1711/1853/4141 3413/3750/4146 4375/4828/4197 3431/3768/4198
f 3413/3750/4146 1712/1854/4145 3430/3767/4196 4375/4828/4197
f 4375/4828/4197 3430/3767/4196 1036/1104/3680 1941/2099/3679
f 3431/3768/4198 4375/4828/4197 1941/2099/3679 1037/1105/3676
f 1710/1852/4137 3412/3749/4142 4376/4829/4199 3432/3769/4200
f 3412/3749/4142 1711/1853/4141 3431/3768/4198 4376/4829/4199
f 4376/4829/4199 3431/3768/4198 1037/1105/3676 1942/2100/3675
f 3432/3769/4200 4376/4829/4199 1942/2100/3675 1038/1106/3672
f 1709/1851/4133 3411/3748/4138 4377/4830/4201 3433/3770/4202
f 3411/3748/4138 1710/1852/4137 3432/3769/4200 4377/4830/4201
f 4377/4830/4201 3432/3769/4200 1038/1106/3672 1943/2101/3671
f 3433/3770/4202 4377/4830/4201 1943/2101/3671 1039/1107/3668
f 1708/1850/4128 3410/3747/4134 4378/4831/4203 3434/3771/4204
f 3410/3747/4134 1709/1851/4133 3433/3770/4202 4378/4831/4203
f 4378/4831/4203 3433/3770/4202 1039/1107/3668 1944/2102/3667
f 3434/3771/4204 4378/4831/4203 1944/2102/3667 1040/1108/3664
f 1707/1849/4130 3409/3746/4129 4379/4832/4205 3435/3772/4206
f 3409/3746/4129 1708/1850/4128 3434/3771/4204 4379/4832/4205
f 4379/4832/4205 3434/3771/4204 1040/1108/3664 1945/2103/3663
f 3435/3772/4206 4379/4832/4205 1945/2103/3663 1041/1109/3660
f 1055/1123/2677 3436/3773/4207 4380/4833/4208 1962/2121/2681
f 3436/3773/4207 1707/1849/4130 3435/3772/4206 4380/4833/4208
f 4380/4833/4208 3435/3772/4206 1041/1109/3660 1946/2104/3659
f 1962/2121/2681 4380/4833/4208 1946/2104/3659 880/940/2682
f 1054/1122/2673 3437/3774/4209 4381/4834/4210 1961/2120/2676
f 3437/3774/4209 1700/1842/4104 3402/3739/4126 4381/4834/4210
f 4381/4834/4210 3402/3739/4126 1707/1849/4130 3436/3773/4207
f 1961/2120/2676 4381/4834/4210 3436/3773/4207 1055/1123/2677
f 1053/1121/2669 3438/3775/4211 4382/4835/4212 1960/2118/2672
f 3438/3775/4211 1693/1831/4078 3389/3722/4100 4382/4835/4212
f 4382/4836/4212 3389/3723/4100 1700/1842/4104 3437/3774/4209
f 1960/2119/2672 4382/4836/4212 3437/3774/4209 1054/1122/2673
f 1052/1120/2665 3439/3776/4213 4383/4837/4214 1959/2117/2668
f 3439/3776/4213 1686/1824/4052 3376/3704/4074 4383/4837/4214
f 4383/4837/4214 3376/3704/4074 1693/1831/4078 3438/3775/4211
f 1959/2117/2668 4383/4837/4214 3438/3775/4211 1053/1121/2669
f 1051/1119/2661 3440/3777/4215 4384/4838/4216 1958/2116/2664
f 3440/3777/4215 1679/1817/4026 3363/3690/4048 4384/4838/4216
f 4384/4838/4216 3363/3690/4048 1686/1824/4052 3439/3776/4213
f 1958/2116/2664 4384/4838/4216 3439/3776/4213 1052/1120/2665
f 1050/1118/2657 3441/3778/4217 4385/4839/4218 1957/2115/2660
f 3441/3778/4217 1672/1810/3990 3350/3676/4022 4385/4839/4218
f 4385/4839/4218 3350/3676/4022 1679/1817/4026 3440/3777/4215
f 1957/2115/2660 4385/4839/4218 3440/3777/4215 1051/1119/2661
f 1049/1117/2654 3442/3779/4151 4386/4840/4219 1956/2114/2656
f 3442/3779/4151 1665/1803/3982 3337/3662/3985 4386/4840/4219
f 4386/4840/4219 3337/3662/3985 1672/1810/3990 3441/3778/4217
f 1956/2114/2656 4386/4840/4219 3441/3778/4217 1050/1118/2657
f 1714/1856/4220 3443/3780/4221 4387/4841/4222 3449/3787/4223
f 3443/3780/4221 1715/1857/4224 3450/3788/4225 4387/4841/4222
f 4387/4841/4222 3450/3788/4225 1722/1864/4226 3456/3794/4227
f 3449/3787/4223 4387/4841/4222 3456/3794/4227 1721/1863/4228
f 1715/1857/4224 3444/3781/4229 4388/4842/4230 3450/3788/4225
f 3444/3781/4229 1716/1858/4231 3451/3789/4232 4388/4842/4230
f 4388/4842/4230 3451/3789/4232 1723/1865/4233 3457/3795/4234
f 3450/3788/4225 4388/4842/4230 3457/3795/4234 1722/1864/4226
f 1716/1858/4231 3445/3783/4235 4389/4844/4236 3451/3789/4232
f 3445/3782/4235 1717/1859/4237 3452/3790/4238 4389/4843/4236
f 4389/4843/4236 3452/3790/4238 1724/1866/4239 3458/3797/4240
f 3451/3789/4232 4389/4844/4236 3458/3796/4240 1723/1865/4233
f 1717/1859/4237 3446/3784/4241 4390/4845/4242 3452/3790/4238
f 3446/3784/4241 1718/1860/4243 3453/3791/4244 4390/4845/4242
f 4390/4845/4242 3453/3791/4244 1725/1867/4245 3459/3798/4246
f 3452/3790/4238 4390/4845/4242 3459/3798/4246 1724/1866/4239
f 1718/1860/4243 3447/3785/4247 4391/4846/4248 3453/3791/4244
f 3447/3785/4247 1719/1861/4249 3454/3792/4250 4391/4846/4248
f 4391/4846/4248 3454/3792/4250 1726/1868/4251 3460/3799/4252
f 3453/3791/4244 4391/4846/4248 3460/3799/4252 1725/1867/4245
f 1719/1861/4249 3448/3786/4253 4392/4847/4254 3454/3792/4250
f 3448/3786/4253 1720/1862/4255 3455/3793/4256 4392/4847/4254
f 4392/4847/4254 3455/3793/4256 1727/1869/4257 3461/3800/4258
f 3454/3792/4250 4392/4847/4254 3461/3800/4258 1726/1868/4251
f 1721/1863/4228 3456/3794/4227 4393/4848/4259 3462/3801/4260
f 3456/3794/4227 1722/1864/4226 3463/3802/4261 4393/4848/4259
f 4393/4848/4259 3463/3802/4261 1729/1871/4262 3469/3808/4263
f 3462/3801/4260 4393/4848/4259 3469/3808/4263 1728/1870/4264
f 1722/1864/4226 3457/3795/4234 4394/4849/4265 3463/3802/4261
f 3457/3795/4234 1723/1865/4233 3464/3803/4266 4394/4849/4265
f 4394/4849/4265 3464/3803/4266 1730/1872/4267 3470/3809/4268
f 3463/3802/4261 4394/4849/4265 3470/3809/4268 1729/1871/4262
f 1723/1865/4233 3458/3796/4240 4395/4851/4269 3464/3803/4266
f 3458/3797/4240 1724/1866/4239 3465/3804/4270 4395/4850/4269
f 4395/4850/4269 3465/3804/4270 1731/1873/4271 3471/3811/4272
f 3464/3803/4266 4395/4851/4269 3471/3810/4272 1730/1872/4267
f 1724/1866/4239 3459/3798/4246 4396/4852/4273 3465/3804/4270
f 3459/3798/4246 1725/1867/4245 3466/3805/4274 4396/4852/4273
f 4396/4852/4273 3466/3805/4274 1732/1874/4275 3472/3812/4276
f 3465/3804/4270 4396/4852/4273 3472/3812/4276 1731/1873/4271
f 1725/1867/4245 3460/3799/4252 4397/4853/4277 3466/3805/4274
f 3460/3799/4252 1726/1868/4251 3467/3806/4278 4397/4853/4277
f 4397/4853/4277 3467/3806/4278 1733/1875/4279 3473/3813/4280
f 3466/3805/4274 4397/4853/4277 3473/3813/4280 1732/1874/4275
f 1726/1868/4251 3461/3800/4258 4398/4854/4281 3467/3806/4278
f 3461/3800/4258 1727/1869/4257 3468/3807/4282 4398/4854/4281
f 4398/4854/4281 3468/3807/4282 1734/1876/4283 3474/3814/4284
f 3467/3806/4278 4398/4854/4281 3474/3814/4284 1733/1875/4279
f 1728/1870/4264 3469/3808/4263 4399/4855/4285 3475/3815/4286
f 3469/3808/4263 1729/1871/4262 3476/3816/4287 4399/4855/4285
f 4399/4855/4285 3476/3816/4287 1736/1878/4288 3482/3822/4289
f 3475/3815/4286 4399/4855/4285 3482/3822/4289 1735/1877/4290
f 1729/1871/4262 3470/3809/4268 4400/4856/4291 3476/3816/4287
f 3470/3809/4268 1730/1872/4267 3477/3817/4292 4400/4856/4291
f 4400/4856/4291 3477/3817/4292 1737/1879/4293 3483/3823/4294
f 3476/3816/4287 4400/4856/4291 3483/3823/4294 1736/1878/4288
f 1730/1872/4267 3471/3810/4272 4401/4858/4295 3477/3817/4292
f 3471/3811/4272 1731/1873/4271 3478/3818/4296 4401/4857/4295
f 4401/4857/4295 3478/3818/4296 1738/1880/4297 3484/3825/4298
f 3477/3817/4292 4401/4858/4295 3484/3824/4298 1737/1879/4293
f 1731/1873/4271 3472/3812/4276 4402/4859/4299 3478/3818/4296
f 3472/3812/4276 1732/1874/4275 3479/3819/4300 4402/4859/4299
f 4402/4859/4299 3479/3819/4300 1739/1881/4301 3485/3826/4302
f 3478/3818/4296 4402/4859/4299 3485/3826/4302 1738/1880/4297
f 1732/1874/4275 3473/3813/4280 4403/4860/4303 3479/3819/4300
f 3473/3813/4280 1733/1875/4279 3480/3820/4304 4403/4860/4303
f 4403/4860/4303 3480/3820/4304 1740/1882/4305 3486/3827/4306
f 3479/3819/4300 4403/4860/4303 3486/3827/4306 1739/1881/4301
f 1733/1875/4279 3474/3814/4284 4404/4861/4307 3480/3820/4304
f 3474/3814/4284 1734/1876/4283 3481/3821/4308 4404/4861/4307
f 4404/4861/4307 3481/3821/4308 1741/1883/4309 3487/3828/4310
f 3480/3820/4304 4404/4861/4307 3487/3828/4310 1740/1882/4305
f 1735/1877/4290 3482/3822/4289 4405/4862/4311 3488/3829/4312
f 3482/3822/4289 1736/1878/4288 3489/3830/4313 4405/4862/4311
f 4405/4862/4311 3489/3830/4313 1743/1885/4314 3495/3836/4315
f 3488/3829/4312 4405/4862/4311 3495/3836/4315 1742/1884/4316
f 1736/1878/4288 3483/3823/4294 4406/4863/4317 3489/3830/4313
f 3483/3823/4294 1737/1879/4293 3490/3831/4318 4406/4863/4317
f 4406/4863/4317 3490/3831/4318 1744/1887/4319 3496/3837/4320
f 3489/3830/4313 4406/4863/4317 3496/3837/4320 1743/1885/4314
f 1737/1879/4293 3484/3824/4298 4407/4865/4321 3490/3831/4318
f 3484/3825/4298 1738/1880/4297 3491/3832/4322 4407/4864/4321
f 4407/4864/4321 3491/3832/4322 1745/1889/4323 3497/3839/4324
f 3490/3831/4318 4407/4865/4321 3497/3840/4324 1744/1887/4319
f 1738/1880/4297 3485/3826/4302 4408/4866/4325 3491/3832/4322
f 3485/3826/4302 1739/1881/4301 3492/3833/4326 4408/4866/4325
f 4408/4866/4325 3492/3833/4326 1746/1892/4327 3498/3842/4328
f 3491/3832/4322 4408/4866/4325 3498/3842/4328 1745/1889/4323
f 1739/1881/4301 3486/3827/4306 4409/4867/4329 3492/3833/4326
f 3486/3827/4306 1740/1882/4305 3493/3834/4330 4409/4867/4329
f 4409/4867/4329 3493/3834/4330 1747/1893/4331 3499/3844/4332
f 3492/3833/4326 4409/4867/4329 3499/3844/4332 1746/1892/4327
f 1740/1882/4305 3487/3828/4310 4410/4868/4333 3493/3834/4330
f 3487/3828/4310 1741/1883/4309 3494/3835/4334 4410/4868/4333
f 4410/4868/4333 3494/3835/4334 1748/1894/4335 3500/3845/4336
f 3493/3834/4330 4410/4868/4333 3500/3845/4336 1747/1893/4331
f 1742/1884/4316 3495/3836/4315 4411/4869/4337 3501/3846/4338
f 3495/3836/4315 1743/1885/4314 3502/3848/4339 4411/4869/4337
f 4411/4870/4337 3502/3849/4339 1750/1896/4340 3508/3858/4341
f 3501/3847/4338 4411/4870/4337 3508/3858/4341 1749/1895/4342
f 1743/1886/4314 3496/3838/4320 4412/4871/4343 3502/3849/4339
f 3496/3838/4320 1744/1888/4319 3503/3850/4344 4412/4871/4343
f 4412/4871/4343 3503/3850/4344 1751/1897/4345 3509/3859/4346
f 3502/3849/4339 4412/4871/4343 3509/3859/4346 1750/1896/4340
f 1744/1888/4319 3497/3841/4324 4413/4872/4347 3503/3850/4344
f 3497/3841/4324 1745/1890/4323 3504/3851/4348 4413/4872/4347
f 4413/4872/4347 3504/3851/4348 1752/1898/4349 3510/3860/4350
f 3503/3850/4344 4413/4872/4347 3510/3860/4350 1751/1897/4345
f 1745/1890/4323 3498/3843/4328 4414/4873/4351 3504/3851/4348
f 3498/3843/4328 1746/1891/4327 3505/3853/4352 4414/4873/4351
f 4414/4873/4351 3505/3853/4352 1753/1899/4353 3511/3861/4354
f 3504/3851/4348 4414/4873/4351 3511/3861/4354 1752/1898/4349
f 1746/1892/4327 3499/3844/4332 4415/4874/4355 3505/3852/4352
f 3499/3844/4332 1747/1893/4331 3506/3854/4356 4415/4874/4355
f 4415/4875/4355 3506/3855/4356 1754/1900/4357 3512/3862/4358
f 3505/3853/4352 4415/4875/4355 3512/3862/4358 1753/1899/4353
f 1747/1893/4331 3500/3845/4336 4416/4876/4359 3506/3854/4356
f 3500/3845/4336 1748/1894/4335 3507/3856/4360 4416/4876/4359
f 4416/4877/4359 3507/3857/4360 1755/1901/4361 3513/3863/4362
f 3506/3855/4356 4416/4877/4359 3513/3863/4362 1754/1900/4357
f 1749/1895/4342 3508/3858/4341 4417/4878/4363 3514/3864/4364
f 3508/3858/4341 1750/1896/4340 3515/3865/4365 4417/4878/4363
f 4417/4878/4363 3515/3865/4365 1757/1903/4366 3521/3871/4367
f 3514/3864/4364 4417/4878/4363 3521/3871/4367 1756/1902/4368
f 1750/1896/4340 3509/3859/4346 4418/4879/4369 3515/3865/4365
f 3509/3859/4346 1751/1897/4345 3516/3866/4370 4418/4879/4369
f 4418/4879/4369 3516/3866/4370 1758/1904/4371 3522/3872/4372
f 3515/3865/4365 4418/4879/4369 3522/3872/4372 1757/1903/4366
f 1751/1897/4345 3510/3860/4350 4419/4880/4373 3516/3866/4370
f 3510/3860/4350 1752/1898/4349 3517/3867/4374 4419/4880/4373
f 4419/4880/4373 3517/3867/4374 1759/1905/4375 3523/3873/4376
f 3516/3866/4370 4419/4880/4373 3523/3873/4376 1758/1904/4371
f 1752/1898/4349 3511/3861/4354 4420/4881/4377 3517/3867/4374
f 3511/3861/4354 1753/1899/4353 3518/3868/4378 4420/4881/4377
f 4420/4881/4377 3518/3868/4378 1760/1906/4379 3524/3874/4380
f 3517/3867/4374 4420/4881/4377 3524/3874/4380 1759/1905/4375
f 1753/1899/4353 3512/3862/4358 4421/4882/4381 3518/3868/4378
f 3512/3862/4358 1754/1900/4357 3519/3869/4382 4421/4882/4381
f 4421/4882/4381 3519/3869/4382 1761/1907/4383 3525/3875/4384
f 3518/3868/4378 4421/4882/4381 3525/3875/4384 1760/1906/4379
f 1754/1900/4357 3513/3863/4362 4422/4883/4385 3519/3869/4382
f 3513/3863/4362 1755/1901/4361 3520/3870/4386 4422/4883/4385
f 4422/4883/4385 3520/3870/4386 1762/1908/4387 3526/3876/4388
f 3519/3869/4382 4422/4883/4385 3526/3876/4388 1761/1907/4383
f 874/934/1131 1866/2021/1130 4423/4884/4389 1979/2140/4166
f 1866/2021/1130 971/1031/1125 3527/3877/4390 4423/4884/4389
f 4423/4884/4389 3527/3877/4390 1714/1856/4220 3554/3904/4389
f 1979/2140/4166 4423/4884/4389 3554/3904/4389 1070/1138/4167
f 971/1031/1125 1865/2020/1124 4424/4885/4391 3527/3877/4390
f 1865/2020/1124 970/1030/1121 3528/3878/4392 4424/4885/4391
f 4424/4885/4391 3528/3878/4392 1715/1857/4224 3443/3780/4221
f 3527/3877/4390 4424/4885/4391 3443/3780/4221 1714/1856/4220
f 970/1030/1121 1864/2019/1120 4425/4886/4393 3528/3878/4392
f 1864/2019/1120 969/1029/1117 3529/3879/4394 4425/4886/4393
f 4425/4886/4393 3529/3879/4394 1716/1858/4231 3444/3781/4229
f 3528/3878/4392 4425/4886/4393 3444/3781/4229 1715/1857/4224
f 969/1029/1117 1863/2017/1116 4426/4888/4395 3529/3879/4394
f 1863/2018/1116 968/1028/1113 3530/3880/4396 4426/4887/4395
f 4426/4887/4395 3530/3880/4396 1717/1859/4237 3445/3782/4235
f 3529/3879/4394 4426/4888/4395 3445/3783/4235 1716/1858/4231
f 968/1028/1113 1862/2016/1112 4427/4889/4397 3530/3880/4396
f 1862/2016/1112 967/1027/1109 3531/3881/4398 4427/4889/4397
f 4427/4889/4397 3531/3881/4398 1718/1860/4243 3446/3784/4241
f 3530/3880/4396 4427/4889/4397 3446/3784/4241 1717/1859/4237
f 967/1027/1109 1861/2015/1108 4428/4890/4399 3531/3881/4398
f 1861/2015/1108 966/1026/1105 3532/3882/4400 4428/4890/4399
f 4428/4890/4399 3532/3882/4400 1719/1861/4249 3447/3785/4247
f 3531/3881/4398 4428/4890/4399 3447/3785/4247 1718/1860/4243
f 966/1026/1105 1860/2014/1104 4429/4891/4401 3532/3882/4400
f 1860/2014/1104 965/1025/1101 3533/3883/4402 4429/4891/4401
f 4429/4891/4401 3533/3883/4402 1720/1862/4255 3448/3786/4253
f 3532/3882/4400 4429/4891/4401 3448/3786/4253 1719/1861/4249
f 965/1025/1101 1859/2013/1100 4430/4892/4403 3533/3883/4402
f 1859/2013/1100 873/933/1099 1978/2139/3914 4430/4892/4403
f 4430/4892/4403 1978/2139/3914 1069/1137/3916 3534/3884/4403
f 3533/3883/4402 4430/4892/4403 3534/3884/4403 1720/1862/4255
f 1720/1862/4255 3534/3884/4403 4431/4893/4404 3455/3793/4256
f 3534/3884/4403 1069/1137/3916 1977/2138/3981 4431/4893/4404
f 4431/4893/4404 1977/2138/3981 1068/1136/3976 3535/3885/4405
f 3455/3793/4256 4431/4893/4404 3535/3885/4405 1727/1869/4257
f 1727/1869/4257 3535/3885/4405 4432/4894/4406 3468/3807/4282
f 3535/3885/4405 1068/1136/3976 1976/2137/3979 4432/4894/4406
f 4432/4894/4406 1976/2137/3979 1067/1135/3972 3536/3886/4407
f 3468/3807/4282 4432/4894/4406 3536/3886/4407 1734/1876/4283
f 1734/1876/4283 3536/3886/4407 4433/4895/4408 3481/3821/4308
f 3536/3886/4407 1067/1135/3972 1975/2136/3975 4433/4895/4408
f 4433/4895/4408 1975/2136/3975 1066/1134/3968 3537/3887/4409
f 3481/3821/4308 4433/4895/4408 3537/3887/4409 1741/1883/4309
f 1741/1883/4309 3537/3887/4409 4434/4896/4410 3494/3835/4334
f 3537/3887/4409 1066/1134/3968 1974/2135/3971 4434/4896/4410
f 4434/4896/4410 1974/2135/3971 1065/1133/3964 3538/3888/4411
f 3494/3835/4334 4434/4896/4410 3538/3888/4411 1748/1894/4335
f 1748/1894/4335 3538/3888/4411 4435/4897/4412 3507/3856/4360
f 3538/3888/4411 1065/1133/3964 1973/2133/3967 4435/4897/4412
f 4435/4898/4412 1973/2134/3967 1064/1132/3960 3539/3889/4413
f 3507/3857/4360 4435/4898/4412 3539/3889/4413 1755/1901/4361
f 1755/1901/4361 3539/3889/4413 4436/4899/4414 3520/3870/4386
f 3539/3889/4413 1064/1132/3960 1972/2132/3963 4436/4899/4414
f 4436/4899/4414 1972/2132/3963 1063/1131/3956 3540/3890/4415
f 3520/3870/4386 4436/4899/4414 3540/3890/4415 1762/1908/4387
f 1762/1908/4387 3540/3890/4415 4437/4900/4416 3541/3891/4417
f 3540/3890/4415 1063/1131/3956 1971/2131/3959 4437/4900/4416
f 4437/4900/4416 1971/2131/3959 877/937/3721 1923/2081/3720
f 3541/3891/4417 4437/4900/4416 1923/2081/3720 1021/1089/3715
f 1761/1907/4383 3526/3876/4388 4438/4901/4418 3542/3892/4419
f 3526/3876/4388 1762/1908/4387 3541/3891/4417 4438/4901/4418
f 4438/4901/4418 3541/3891/4417 1021/1089/3715 1924/2082/3714
f 3542/3892/4419 4438/4901/4418 1924/2082/3714 1022/1090/3711
f 1760/1906/4379 3525/3875/4384 4439/4902/4420 3543/3893/4421
f 3525/3875/4384 1761/1907/4383 3542/3892/4419 4439/4902/4420
f 4439/4902/4420 3542/3892/4419 1022/1090/3711 1925/2083/3710
f 3543/3893/4421 4439/4902/4420 1925/2083/3710 1023/1091/3707
f 1759/1905/4375 3524/3874/4380 4440/4903/4422 3544/3894/4423
f 3524/3874/4380 1760/1906/4379 3543/3893/4421 4440/4903/4422
f 4440/4903/4422 3543/3893/4421 1023/1091/3707 1926/2084/3706
f 3544/3894/4423 4440/4903/4422 1926/2084/3706 1024/1092/3703
f 1758/1904/4371 3523/3873/4376 4441/4904/4424 3545/3895/4425
f 3523/3873/4376 1759/1905/4375 3544/3894/4423 4441/4904/4424
f 4441/4904/4424 3544/3894/4423 1024/1092/3703 1927/2085/3702
f 3545/3895/4425 4441/4904/4424 1927/2085/3702 1025/1093/3699
f 1757/1903/4366 3522/3872/4372 4442/4905/4426 3546/3896/4427
f 3522/3872/4372 1758/1904/4371 3545/3895/4425 4442/4905/4426
f 4442/4905/4426 3545/3895/4425 1025/1093/3699 1928/2086/3698
f 3546/3896/4427 4442/4905/4426 1928/2086/3698 1026/1094/3695
f 1756/1902/4368 3521/3871/4367 4443/4906/4428 3547/3897/4429
f 3521/3871/4367 1757/1903/4366 3546/3896/4427 4443/4906/4428
f 4443/4906/4428 3546/3896/4427 1026/1094/3695 1929/2087/3694
f 3547/3897/4429 4443/4906/4428 1929/2087/3694 1027/1095/3691
f 1076/1144/4190 3548/3898/4430 4444/4907/4431 1986/2148/4194
f 3548/3898/4430 1756/1902/4368 3547/3897/4429 4444/4907/4431
f 4444/4907/4431 3547/3897/4429 1027/1095/3691 1930/2088/3690
f 1986/2148/4194 4444/4907/4431 1930/2088/3690 878/938/3689
f 1075/1143/4186 3549/3899/4432 4445/4908/4433 1985/2147/4189
f 3549/3899/4432 1749/1895/4342 3514/3864/4364 4445/4908/4433
f 4445/4908/4433 3514/3864/4364 1756/1902/4368 3548/3898/4430
f 1985/2147/4189 4445/4908/4433 3548/3898/4430 1076/1144/4190
f 1074/1142/4182 3550/3900/4434 4446/4909/4435 1984/2145/4185
f 3550/3900/4434 1742/1884/4316 3501/3846/4338 4446/4909/4435
f 4446/4910/4435 3501/3847/4338 1749/1895/4342 3549/3899/4432
f 1984/2146/4185 4446/4910/4435 3549/3899/4432 1075/1143/4186
f 1073/1141/4178 3551/3901/4436 4447/4911/4437 1983/2144/4181
f 3551/3901/4436 1735/1877/4290 3488/3829/4312 4447/4911/4437
f 4447/4911/4437 3488/3829/4312 1742/1884/4316 3550/3900/4434
f 1983/2144/4181 4447/4911/4437 3550/3900/4434 1074/1142/4182
f 1072/1140/4174 3552/3902/4438 4448/4912/4439 1982/2143/4177
f 3552/3902/4438 1728/1870/4264 3475/3815/4286 4448/4912/4439
f 4448/4912/4439 3475/3815/4286 1735/1877/4290 3551/3901/4436
f 1982/2143/4177 4448/4912/4439 3551/3901/4436 1073/1141/4178
f 1071/1139/4170 3553/3903/4440 4449/4913/4441 1981/2142/4173
f 3553/3903/4440 1721/1863/4228 3462/3801/4260 4449/4913/4441
f 4449/4913/4441 3462/3801/4260 1728/1870/4264 3552/3902/4438
f 1981/2142/4173 4449/4913/4441 3552/3902/4438 1072/1140/4174
f 1070/1138/4167 3554/3904/4389 4450/4914/4442 1980/2141/4169
f 3554/3904/4389 1714/1856/4220 3449/3787/4223 4450/4914/4442
f 4450/4914/4442 3449/3787/4223 1721/1863/4228 3553/3903/4440
f 1980/2141/4169 4450/4914/4442 3553/3903/4440 1071/1139/4170
